student_id,department,gender,admission_year,entrance_score_band,attendance_percentage,internal_marks,assignment_marks,quiz_marks,lab_marks,final_marks,login_count,content_views,assignment_submission_rate,average_session_minutes,gpa,cgpa,backlogs,academic_status,student_risk
STU00001,EEE,M,2023,HIGH,85.085,50.0,22.588333333333335,13.418333333333335,24.685000000000002,64.28333333333333,41.0,88.83333333333333,64.92333333333333,29.011666666666667,7.05,7.9,0,GOOD,LOW_RISK
STU00002,EEE,M,2021,MEDIUM,74.82000000000001,44.662,19.318,13.002,24.886000000000003,58.782000000000004,27.4,53.8,38.486000000000004,23.2,7.54,7.13,0,GOOD,LOW_RISK
STU00003,ECE,M,2022,LOW,79.945,48.480000000000004,25.0,12.045,19.14,61.559999999999995,27.5,54.0,38.78,19.235,7.47,7.57,0,GOOD,LOW_RISK
STU00004,EEE,M,2024,MEDIUM,82.3425,50.0,23.1925,13.8675,24.0775,60.1375,31.5,102.5,56.8,24.009999999999998,7.59,7.29,0,GOOD,LOW_RISK
STU00005,ECE,M,2024,MEDIUM,84.52333333333333,48.93666666666667,25.0,14.063333333333333,21.27,62.99666666666667,35.333333333333336,86.0,57.25,17.676666666666666,7.05,7.73,0,GOOD,LOW_RISK
STU00006,CSE,F,2021,HIGH,71.74000000000001,46.495,22.115000000000002,14.49,25.0,45.885,31.5,40.0,32.14,23.990000000000002,4.9,6.46,0,AT_RISK,HIGH_RISK
STU00007,IT,F,2023,LOW,88.795,42.54,25.0,10.815000000000001,24.34,57.455,27.0,79.5,45.71,7.41,6.82,6.58,0,AVERAGE,MEDIUM_RISK
STU00008,CIVIL,M,2021,MEDIUM,76.8,48.03,18.106666666666666,11.433333333333332,17.623333333333335,49.666666666666664,10.0,40.333333333333336,48.02333333333333,5.8066666666666675,7.1,7.04,0,GOOD,LOW_RISK
STU00009,IT,F,2022,HIGH,77.065,50.0,24.83,14.46,22.84,77.41,19.0,99.0,64.41,29.08,8.26,8.88,0,GOOD,LOW_RISK
STU00010,MECH,M,2021,HIGH,82.75,50.0,25.0,15.0,25.0,65.25666666666667,43.833333333333336,95.83333333333333,74.37666666666667,26.36,7.08,8.16,0,GOOD,LOW_RISK
STU00011,EEE,F,2023,MEDIUM,85.215,45.9525,25.0,14.6075,24.775,62.96,47.0,115.0,58.665,16.302500000000002,6.54,7.6,0,AVERAGE,MEDIUM_RISK
STU00012,EEE,F,2021,LOW,64.09400000000001,46.122,20.46,13.306000000000001,20.454,42.136,18.2,31.6,33.896,13.192000000000002,5.3,6.27,0,AVERAGE,MEDIUM_RISK
STU00013,ECE,M,2024,MEDIUM,72.046,42.089999999999996,17.502000000000002,11.592,19.014,52.31,13.8,57.0,28.715999999999998,4.486,6.12,6.47,0,AVERAGE,MEDIUM_RISK
STU00014,EEE,M,2023,HIGH,79.50999999999999,50.0,25.0,13.875,25.0,67.96000000000001,33.0,112.0,64.475,26.269999999999996,8.5,8.1,0,GOOD,LOW_RISK
STU00015,CIVIL,F,2023,HIGH,68.265,41.1675,21.8725,15.0,19.814999999999998,57.942499999999995,21.25,79.5,41.1875,14.93,6.73,7.07,0,AVERAGE,MEDIUM_RISK
STU00016,ECE,F,2024,LOW,65.96333333333332,40.153333333333336,15.049999999999999,11.706666666666669,22.656666666666666,51.57,25.333333333333332,73.66666666666667,41.71666666666667,8.733333333333334,5.45,6.5,0,AVERAGE,MEDIUM_RISK
STU00017,ECE,F,2022,LOW,63.575,35.095,25.0,15.0,19.619999999999997,57.004999999999995,23.0,97.5,48.595,11.305,5.68,6.46,0,AVERAGE,MEDIUM_RISK
STU00018,IT,F,2024,HIGH,84.354,50.0,23.968,15.0,25.0,65.04400000000001,48.8,96.0,66.014,32.134,8.02,8.18,0,GOOD,LOW_RISK
STU00019,CSE,F,2021,HIGH,66.555,31.915,12.995000000000001,5.5275,13.725,21.97,5.25,4.25,13.1475,8.4275,3.56,3.93,2,AT_RISK,HIGH_RISK
STU00020,IT,F,2021,MEDIUM,88.2925,50.0,25.0,14.3875,25.0,80.0275,53.5,136.0,85.945,31.86,8.25,8.36,0,GOOD,LOW_RISK
STU00021,IT,F,2021,LOW,62.45666666666667,40.96,22.77333333333333,12.049999999999999,16.44666666666667,41.126666666666665,19.666666666666668,17.333333333333332,34.723333333333336,9.906666666666666,4.65,5.48,0,AT_RISK,HIGH_RISK
STU00022,EEE,F,2023,MEDIUM,69.61500000000001,34.21,16.78,15.0,20.990000000000002,48.185,11.5,15.5,28.83,6.71,5.65,5.77,0,AVERAGE,MEDIUM_RISK
STU00023,CSE,F,2023,HIGH,79.41,50.0,21.43,15.0,25.0,70.82,36.5,78.0,65.435,42.575,7.65,8.07,0,GOOD,LOW_RISK
STU00024,EEE,M,2023,LOW,74.0475,45.915,22.572499999999998,12.21,20.3675,47.8025,15.0,34.25,30.8675,20.307499999999997,6.41,6.18,0,AVERAGE,MEDIUM_RISK
STU00025,MECH,M,2022,LOW,77.93,41.7825,21.2875,14.3325,22.695,56.5775,13.25,37.25,37.302499999999995,17.165,6.11,6.59,0,AVERAGE,MEDIUM_RISK
STU00026,CIVIL,F,2021,MEDIUM,74.13333333333333,50.0,24.333333333333332,15.0,24.026666666666667,62.35666666666666,26.0,62.666666666666664,57.18,14.589999999999998,8.52,7.45,0,EXCELLENT,LOW_RISK
STU00027,ECE,F,2021,LOW,67.015,37.81,17.335,7.27,22.130000000000003,37.41,19.5,56.0,20.314999999999998,6.72,4.28,5.14,1,AT_RISK,HIGH_RISK
STU00028,CSE,F,2022,LOW,81.265,45.065,25.0,13.75,25.0,59.239999999999995,28.0,72.0,45.775,20.515,7.0,7.34,0,AVERAGE,MEDIUM_RISK
STU00029,MECH,M,2024,LOW,63.31833333333333,36.751666666666665,12.201666666666668,9.545,15.576666666666668,39.556666666666665,8.0,28.5,9.956666666666665,5.678333333333334,3.57,5.36,3,AT_RISK,HIGH_RISK
STU00030,EEE,M,2023,LOW,85.272,46.760000000000005,25.0,13.11,25.0,63.715999999999994,36.0,101.4,72.24199999999999,30.236,8.51,7.42,0,EXCELLENT,LOW_RISK
STU00031,IT,F,2024,HIGH,67.855,50.0,25.0,15.0,23.05,64.905,14.5,88.0,69.485,26.405,8.45,8.12,0,GOOD,LOW_RISK
STU00032,CSE,F,2022,HIGH,90.09666666666668,49.18,25.0,13.873333333333333,25.0,56.093333333333334,39.666666666666664,113.66666666666667,66.8,34.86,6.56,6.98,0,AVERAGE,MEDIUM_RISK
STU00033,ECE,M,2021,MEDIUM,70.72,44.81333333333333,24.68166666666667,11.295,23.266666666666666,61.596666666666664,25.5,58.833333333333336,46.79333333333333,16.203333333333333,6.17,6.96,0,AVERAGE,MEDIUM_RISK
STU00034,MECH,M,2024,LOW,76.092,48.588,23.863999999999997,13.725999999999999,23.104,74.776,24.8,74.2,47.856,28.276,5.09,8.15,0,AVERAGE,MEDIUM_RISK
STU00035,ECE,F,2024,HIGH,83.36333333333334,50.0,25.0,15.0,25.0,83.61333333333333,52.333333333333336,127.66666666666667,83.38666666666666,35.79,8.62,8.93,0,EXCELLENT,LOW_RISK
STU00036,MECH,F,2024,MEDIUM,62.612,36.82,16.184,10.232,19.606,55.918000000000006,14.2,46.2,22.734,3.6420000000000003,6.2,6.22,0,AVERAGE,MEDIUM_RISK
STU00037,EEE,M,2021,MEDIUM,75.805,37.175,22.345,10.995000000000001,17.135,55.95,33.5,60.0,12.05,5.57,5.42,5.8,0,AVERAGE,MEDIUM_RISK
STU00038,ECE,M,2022,LOW,73.0675,47.465,24.985,13.8875,23.23,48.9475,39.5,77.0,48.8925,22.19,6.77,6.52,0,AVERAGE,MEDIUM_RISK
STU00039,ECE,F,2023,HIGH,88.25333333333333,50.0,25.0,15.0,25.0,73.38,42.666666666666664,132.33333333333334,85.93333333333334,36.84666666666667,7.26,8.27,0,GOOD,LOW_RISK
STU00040,CIVIL,M,2021,LOW,76.31666666666666,50.0,24.326666666666668,10.87,23.80666666666667,41.51,21.0,80.0,48.48666666666667,19.330000000000002,6.09,6.49,0,AVERAGE,MEDIUM_RISK
STU00041,CSE,M,2022,MEDIUM,71.13,49.13333333333333,22.163333333333338,12.773333333333333,25.0,56.343333333333334,24.0,33.666666666666664,52.03,23.34,6.12,7.24,0,AVERAGE,MEDIUM_RISK
STU00042,CIVIL,M,2021,MEDIUM,90.92750000000001,50.0,25.0,15.0,25.0,97.1325,58.5,170.5,96.575,35.1725,9.08,9.63,0,EXCELLENT,LOW_RISK
STU00043,CIVIL,F,2023,LOW,75.105,48.836666666666666,23.07166666666667,12.978333333333333,23.686666666666667,53.21333333333334,23.833333333333332,72.83333333333333,45.19833333333333,17.7,6.87,6.85,0,AVERAGE,MEDIUM_RISK
STU00044,ECE,F,2022,HIGH,75.91499999999999,50.0,25.0,15.0,25.0,66.68,43.0,113.0,78.805,26.57,7.66,7.6,0,GOOD,LOW_RISK
STU00045,EEE,M,2023,HIGH,86.3275,48.5925,24.1225,14.73,23.835,63.0475,30.0,82.5,54.912499999999994,23.447499999999998,8.23,7.48,0,GOOD,LOW_RISK
STU00046,CSE,M,2021,HIGH,77.86,49.425,23.52,14.475,24.9225,55.0975,22.5,57.0,56.582499999999996,27.355,7.13,7.14,0,GOOD,LOW_RISK
STU00047,CIVIL,M,2021,HIGH,74.01599999999999,48.088,21.648,14.02,21.75,47.726,29.0,45.8,33.996,14.978,7.46,6.7,0,GOOD,LOW_RISK
STU00048,IT,M,2021,LOW,81.6075,49.315,18.68,15.0,22.1375,52.0025,30.75,62.75,56.86,21.38,8.41,7.31,0,GOOD,LOW_RISK
STU00049,MECH,F,2022,LOW,83.295,42.32,25.0,13.280000000000001,20.835,47.7,15.0,73.0,47.8,17.285,6.41,6.4,0,AVERAGE,MEDIUM_RISK
STU00050,CIVIL,F,2022,LOW,80.664,48.17,24.107999999999997,14.818000000000001,25.0,59.91799999999999,32.8,90.8,64.388,23.898,7.51,7.56,0,GOOD,LOW_RISK
STU00051,CSE,F,2021,LOW,77.8375,42.98,19.427500000000002,14.3425,21.0875,49.9525,32.0,38.75,34.965,18.575,5.76,5.98,0,AVERAGE,MEDIUM_RISK
STU00052,IT,M,2022,MEDIUM,82.725,50.0,17.38,13.36,16.98,42.974999999999994,17.0,58.5,41.175,31.96,6.17,6.46,0,AVERAGE,MEDIUM_RISK
STU00053,CSE,F,2022,MEDIUM,68.912,45.088,17.244,7.914,21.03,54.536,23.6,28.8,25.086,10.809999999999999,6.59,7.04,0,AVERAGE,MEDIUM_RISK
STU00054,IT,F,2021,LOW,79.77,48.88666666666666,24.963333333333335,13.546666666666667,21.923333333333336,56.10666666666666,24.0,61.666666666666664,45.86333333333334,22.923333333333332,6.79,7.39,0,AVERAGE,MEDIUM_RISK
STU00055,ECE,M,2023,HIGH,66.03666666666668,39.10333333333333,13.363333333333335,12.96,15.833333333333334,35.75,4.0,34.0,8.866666666666667,11.19,7.18,5.41,0,GOOD,LOW_RISK
STU00056,MECH,M,2023,HIGH,91.91,50.0,25.0,14.819999999999999,25.0,86.014,54.4,135.2,91.99199999999999,36.364,9.54,9.24,0,EXCELLENT,LOW_RISK
STU00057,EEE,M,2023,MEDIUM,72.988,38.158,24.354,14.228,22.594,52.426,21.2,59.2,41.286,12.452000000000002,7.63,6.21,0,GOOD,LOW_RISK
STU00058,CSE,M,2024,HIGH,91.1075,50.0,25.0,15.0,25.0,85.67,52.0,151.5,78.39750000000001,31.085,9.41,9.47,0,EXCELLENT,LOW_RISK
STU00059,EEE,M,2023,LOW,91.676,50.0,25.0,15.0,25.0,68.026,58.8,139.0,85.67999999999999,32.506,8.12,8.02,0,GOOD,LOW_RISK
STU00060,IT,F,2021,HIGH,85.565,41.666666666666664,23.748333333333335,14.448333333333332,25.0,77.35333333333334,46.666666666666664,100.0,72.395,37.88333333333333,9.12,8.53,0,EXCELLENT,LOW_RISK
STU00061,IT,M,2021,LOW,92.7025,50.0,25.0,15.0,25.0,76.735,48.75,130.5,78.1575,34.495000000000005,8.56,8.91,0,EXCELLENT,LOW_RISK
STU00062,ECE,F,2021,MEDIUM,75.25833333333334,47.11333333333334,21.915000000000003,14.416666666666666,23.429999999999996,47.37833333333333,25.166666666666668,81.33333333333333,43.949999999999996,14.786666666666667,6.58,6.39,0,AVERAGE,MEDIUM_RISK
STU00063,MECH,M,2022,HIGH,64.765,44.205,17.22,6.195,19.06,49.625,7.5,38.0,34.865,3.18,7.82,6.77,0,GOOD,LOW_RISK
STU00064,IT,F,2024,LOW,67.434,41.660000000000004,20.009999999999998,12.414,19.822,33.908,19.0,41.4,19.602,7.098000000000001,6.94,5.38,0,AVERAGE,MEDIUM_RISK
STU00065,ECE,M,2022,HIGH,92.95333333333333,50.0,25.0,14.263333333333334,23.650000000000002,73.95666666666666,59.0,121.66666666666667,73.80666666666667,25.639999999999997,7.93,8.15,0,GOOD,LOW_RISK
STU00066,CIVIL,F,2022,HIGH,90.29666666666667,48.11333333333334,24.233333333333334,14.226666666666667,25.0,87.03666666666668,47.0,100.66666666666667,74.23666666666666,30.106666666666666,9.64,9.31,0,EXCELLENT,LOW_RISK
STU00067,CIVIL,M,2021,HIGH,85.888,49.766,24.419999999999998,13.496,22.4,69.068,38.2,116.8,64.708,21.89,7.74,7.92,0,GOOD,LOW_RISK
STU00068,MECH,F,2023,HIGH,85.36,50.0,25.0,15.0,25.0,81.375,58.5,75.5,67.875,31.814999999999998,8.51,9.1,0,EXCELLENT,LOW_RISK
STU00069,CIVIL,M,2023,HIGH,95.23666666666666,50.0,25.0,15.0,25.0,77.68,48.666666666666664,125.66666666666667,78.2,36.59666666666667,8.9,8.74,0,EXCELLENT,LOW_RISK
STU00070,EEE,F,2024,LOW,71.14333333333333,43.45666666666667,21.761666666666667,12.038333333333334,20.05,43.830000000000005,19.5,27.666666666666668,33.07,17.495,6.62,6.46,0,AVERAGE,MEDIUM_RISK
STU00071,MECH,M,2022,MEDIUM,73.345,41.6625,19.985,14.09,19.525,53.79,18.75,33.0,35.225,17.935,5.38,6.63,0,AVERAGE,MEDIUM_RISK
STU00072,MECH,F,2023,LOW,88.98400000000001,50.0,23.098000000000003,15.0,25.0,70.514,48.0,128.2,87.76599999999999,31.498,8.57,8.58,0,EXCELLENT,LOW_RISK
STU00073,IT,F,2022,HIGH,64.425,42.8875,16.927500000000002,12.79,15.8575,48.545,13.5,49.25,38.065,16.4775,6.99,6.22,0,AVERAGE,MEDIUM_RISK
STU00074,IT,M,2022,MEDIUM,66.42,36.77333333333333,21.366666666666664,10.79,21.169999999999998,36.24,6.0,17.666666666666668,26.826666666666668,5.576666666666667,3.8,5.01,1,AT_RISK,HIGH_RISK
STU00075,IT,F,2023,HIGH,87.87,49.994,25.0,15.0,25.0,68.416,41.4,104.4,86.934,26.959999999999997,9.27,8.21,0,EXCELLENT,LOW_RISK
STU00076,IT,F,2023,MEDIUM,80.57249999999999,49.9375,23.3725,15.0,25.0,67.125,36.0,110.25,72.445,32.67,7.65,7.88,0,GOOD,LOW_RISK
STU00077,IT,F,2022,MEDIUM,65.61,50.0,16.759999999999998,13.34,23.845,58.155,33.5,81.5,60.80500000000001,27.17,7.05,7.42,0,GOOD,LOW_RISK
STU00078,IT,M,2023,LOW,68.924,43.18,16.622,13.09,18.134,52.605999999999995,13.6,38.2,30.830000000000002,4.486,4.68,6.77,0,AT_RISK,HIGH_RISK
STU00079,MECH,F,2022,LOW,74.66,37.5325,18.6325,11.842500000000001,20.11,49.832499999999996,11.75,51.75,34.04,7.6525,6.7,6.38,0,AVERAGE,MEDIUM_RISK
STU00080,CIVIL,F,2024,LOW,72.73333333333333,45.24,17.526666666666667,11.0,17.0,58.38666666666668,29.666666666666668,68.33333333333333,27.826666666666668,15.476666666666667,6.59,7.26,0,AVERAGE,MEDIUM_RISK
STU00081,EEE,F,2022,HIGH,72.97,42.405,22.884999999999998,6.715,22.5,38.120000000000005,17.0,30.5,12.23,2.0,6.29,6.18,0,AVERAGE,MEDIUM_RISK
STU00082,CSE,F,2022,MEDIUM,68.02799999999999,44.35,23.008,13.288,19.610000000000003,51.525999999999996,32.4,67.6,44.992000000000004,13.282,7.61,7.03,0,GOOD,LOW_RISK
STU00083,ECE,M,2021,HIGH,76.88,40.754999999999995,16.465,10.495,23.61,61.339999999999996,28.5,71.0,54.185,6.855,6.65,6.14,0,AVERAGE,MEDIUM_RISK
STU00084,CIVIL,M,2024,LOW,63.09,38.76,19.42,9.455,22.490000000000002,62.974999999999994,19.5,69.5,50.245000000000005,17.395,5.22,7.1,0,AVERAGE,MEDIUM_RISK
STU00085,CIVIL,F,2024,HIGH,74.47833333333334,40.335,19.599999999999998,13.995,22.285,50.28666666666667,23.5,54.166666666666664,51.38833333333333,15.65,6.05,6.51,0,AVERAGE,MEDIUM_RISK
STU00086,CSE,M,2024,HIGH,95.24166666666667,50.0,25.0,15.0,25.0,75.55166666666666,61.166666666666664,150.33333333333334,91.90666666666668,46.225,8.28,8.49,0,GOOD,LOW_RISK
STU00087,CSE,F,2022,MEDIUM,75.308,48.378,23.78,13.534,19.85,59.025999999999996,34.8,59.0,52.468,15.222,8.65,7.54,0,EXCELLENT,LOW_RISK
STU00088,EEE,F,2023,LOW,77.14666666666666,34.553333333333335,18.313333333333333,12.12,19.433333333333334,45.11666666666667,26.333333333333332,5.0,22.77,14.15333333333333,4.31,5.03,0,AT_RISK,HIGH_RISK
STU00089,IT,F,2024,LOW,79.215,39.845,21.13,15.0,21.41,36.725,27.5,72.0,47.16,10.8,4.7,5.33,0,AT_RISK,HIGH_RISK
STU00090,MECH,F,2022,MEDIUM,88.888,50.0,25.0,14.764,22.86,68.856,49.2,84.6,71.928,29.446000000000005,7.51,8.12,0,GOOD,LOW_RISK
STU00091,EEE,F,2022,MEDIUM,66.08999999999999,48.026666666666664,22.95,12.17,20.71,64.52,27.666666666666668,58.666666666666664,33.4,24.256666666666664,7.25,7.73,0,GOOD,LOW_RISK
STU00092,ECE,F,2023,MEDIUM,73.358,38.006,19.878,12.703999999999999,22.236,54.738,14.4,21.2,35.586,13.274000000000001,6.83,6.2,0,AVERAGE,MEDIUM_RISK
STU00093,ECE,M,2022,MEDIUM,62.20666666666667,28.753333333333334,12.51,6.676666666666667,13.773333333333333,35.346666666666664,4.333333333333333,36.666666666666664,17.99,17.150000000000002,4.88,4.29,0,AT_RISK,HIGH_RISK
STU00094,CSE,M,2024,MEDIUM,75.16499999999999,35.96,11.567499999999999,13.445,15.7775,38.457499999999996,6.75,19.0,17.9925,9.95,4.11,5.2,0,AT_RISK,HIGH_RISK
STU00095,CSE,F,2022,MEDIUM,77.12,50.0,25.0,15.0,25.0,62.07,37.5,80.5,54.11,20.4,9.01,8.0,0,EXCELLENT,LOW_RISK
STU00096,IT,M,2024,HIGH,88.5125,47.6625,25.0,15.0,24.5,67.8,40.5,123.25,73.32,20.3275,8.23,8.17,0,GOOD,LOW_RISK
STU00097,CIVIL,F,2022,HIGH,86.82,49.199999999999996,23.939999999999998,12.530000000000001,22.24,45.61333333333334,7.333333333333333,69.33333333333333,47.846666666666664,28.686666666666667,5.99,6.96,0,AVERAGE,MEDIUM_RISK
STU00098,CSE,F,2024,LOW,81.365,47.135,24.973333333333333,14.795,23.548333333333332,63.83166666666667,35.333333333333336,86.83333333333333,55.99166666666667,28.498333333333335,7.03,7.27,0,GOOD,LOW_RISK
STU00099,EEE,F,2022,HIGH,82.152,48.686,23.503999999999998,13.818000000000001,24.036,54.718,34.4,89.0,59.052,23.548,7.35,6.91,0,GOOD,LOW_RISK
STU00100,CIVIL,M,2021,LOW,69.76333333333334,44.52333333333333,18.846666666666668,7.59,20.84,54.97666666666667,22.166666666666668,65.83333333333333,32.285,15.283333333333333,7.34,6.78,0,GOOD,LOW_RISK
STU00101,ECE,F,2021,MEDIUM,72.785,50.0,16.59,10.605,21.605,58.2,17.0,79.5,32.985,17.83,7.21,7.34,0,GOOD,LOW_RISK
STU00102,MECH,F,2023,MEDIUM,81.50999999999999,25.0,25.0,14.79,25.0,54.99,23.0,73.0,61.235,35.765,6.93,6.74,0,AVERAGE,MEDIUM_RISK
STU00103,MECH,F,2021,HIGH,73.67833333333333,43.81,21.631666666666664,13.086666666666666,21.655,68.37333333333333,23.666666666666668,57.0,46.550000000000004,24.708333333333332,6.55,7.53,0,AVERAGE,MEDIUM_RISK
STU00104,MECH,M,2022,HIGH,80.652,50.0,22.241999999999997,15.0,25.0,69.86800000000001,46.4,81.6,55.553999999999995,25.084,8.85,8.4,0,EXCELLENT,LOW_RISK
STU00105,CSE,M,2022,HIGH,69.952,47.374,19.636000000000003,12.276,21.714000000000002,47.742000000000004,19.4,54.8,33.556,16.118000000000002,5.35,6.62,0,AVERAGE,MEDIUM_RISK
STU00106,ECE,M,2024,HIGH,78.6325,47.775,24.7275,14.307500000000001,25.0,66.745,49.25,95.75,63.77,14.7125,9.24,7.94,0,EXCELLENT,LOW_RISK
STU00107,EEE,F,2023,HIGH,81.246,50.0,24.972,14.038,25.0,65.774,23.4,83.6,68.28,33.748000000000005,9.06,8.15,0,EXCELLENT,LOW_RISK
STU00108,ECE,M,2023,LOW,56.0125,25.6975,8.85,9.745000000000001,14.2875,30.99,2.75,13.75,25.02,3.355,5.13,4.3,0,AVERAGE,MEDIUM_RISK
STU00109,IT,F,2024,LOW,87.185,49.54833333333334,24.391666666666666,14.018333333333333,25.0,68.17,41.5,98.66666666666667,76.27666666666666,29.349999999999998,8.37,7.89,0,GOOD,LOW_RISK
STU00110,CSE,M,2023,LOW,67.54333333333334,29.75333333333333,20.35,11.726666666666667,14.746666666666668,45.56333333333333,5.0,64.66666666666667,31.69333333333333,6.016666666666667,6.45,5.31,0,AVERAGE,MEDIUM_RISK
STU00111,MECH,M,2024,MEDIUM,79.3,50.0,25.0,14.74,25.0,55.495000000000005,32.5,52.0,59.72,20.52,8.17,7.6,0,GOOD,LOW_RISK
STU00112,CSE,F,2024,HIGH,77.41666666666667,48.48666666666667,24.59166666666667,14.13,22.51,60.13666666666666,38.666666666666664,100.16666666666667,56.655,24.48,7.52,7.21,0,GOOD,LOW_RISK
STU00113,EEE,F,2022,HIGH,66.32000000000001,40.17666666666667,21.346666666666664,14.806666666666667,15.833333333333334,46.46333333333333,13.333333333333334,34.0,21.84,20.463333333333335,6.22,6.07,0,AVERAGE,MEDIUM_RISK
STU00114,IT,F,2024,MEDIUM,81.72,49.6875,23.7275,14.02,22.87,76.5325,38.0,118.75,72.29,32.3775,8.41,8.19,0,GOOD,LOW_RISK
STU00115,MECH,F,2022,MEDIUM,78.224,46.128,24.328,12.913999999999998,22.242,52.122,31.0,62.8,49.77,24.476,6.26,6.63,0,AVERAGE,MEDIUM_RISK
STU00116,CIVIL,M,2024,HIGH,75.47999999999999,46.894999999999996,23.865000000000002,14.2,21.509999999999998,70.615,20.0,41.5,45.22,18.805,7.66,8.1,0,GOOD,LOW_RISK
STU00117,ECE,F,2024,MEDIUM,65.855,42.980000000000004,22.744999999999997,8.075,21.8,44.81,14.0,42.0,23.125,10.84,6.92,5.7,0,AVERAGE,MEDIUM_RISK
STU00118,MECH,F,2023,HIGH,89.85499999999999,25.0,25.0,15.0,25.0,75.325,57.0,166.5,97.11,50.07,7.0,8.22,0,AVERAGE,MEDIUM_RISK
STU00119,ECE,M,2024,LOW,79.57333333333334,49.51666666666667,20.726666666666667,13.783333333333333,24.41333333333333,55.75666666666666,33.666666666666664,78.66666666666667,39.45333333333333,26.599999999999998,7.28,7.11,0,GOOD,LOW_RISK
STU00120,EEE,F,2024,HIGH,84.27250000000001,50.0,25.0,15.0,25.0,68.87,34.25,96.0,54.125,18.0675,7.81,8.18,0,GOOD,LOW_RISK
STU00121,CIVIL,M,2022,LOW,76.355,50.0,23.808333333333334,14.393333333333333,21.723333333333333,70.09333333333333,37.0,98.83333333333333,55.635,19.245,8.03,8.15,0,GOOD,LOW_RISK
STU00122,IT,F,2023,LOW,70.16,50.0,25.0,13.91,21.79,46.46,11.0,74.0,51.14,17.759999999999998,6.4,6.69,0,AVERAGE,MEDIUM_RISK
STU00123,EEE,F,2024,MEDIUM,73.4475,40.724999999999994,24.3625,11.435,23.44,46.18,23.75,57.5,43.5675,16.95,6.42,6.13,0,AVERAGE,MEDIUM_RISK
STU00124,EEE,M,2022,HIGH,81.9075,47.735,24.75,12.7225,22.9675,61.7925,43.75,69.5,60.335,23.06,6.46,7.3,0,AVERAGE,MEDIUM_RISK
STU00125,ECE,M,2022,MEDIUM,65.60499999999999,27.3675,14.81,10.355,14.2125,31.884999999999998,15.25,14.75,6.6850000000000005,8.565,7.12,4.17,0,GOOD,LOW_RISK
STU00126,CSE,F,2022,HIGH,66.95599999999999,41.538,23.064,13.842000000000002,21.246000000000002,51.192,18.2,61.8,33.714,14.382,5.96,6.38,0,AVERAGE,MEDIUM_RISK
STU00127,CSE,F,2022,HIGH,80.348,46.8,22.956,14.716,21.022,59.260000000000005,27.2,67.8,44.233999999999995,18.068,7.63,7.5,0,GOOD,LOW_RISK
STU00128,EEE,F,2022,MEDIUM,81.32833333333333,38.068333333333335,20.22,14.311666666666667,23.455,56.48333333333333,38.5,83.0,53.723333333333336,28.661666666666665,8.07,7.21,0,GOOD,LOW_RISK
STU00129,IT,M,2023,MEDIUM,89.55,50.0,24.290000000000003,15.0,25.0,78.57,49.666666666666664,114.66666666666667,90.47333333333331,37.5,8.74,8.1,0,EXCELLENT,LOW_RISK
STU00130,CSE,M,2023,HIGH,73.965,50.0,25.0,11.025,25.0,79.675,38.0,118.0,66.38,29.369999999999997,9.53,8.6,0,EXCELLENT,LOW_RISK
STU00131,CIVIL,F,2021,LOW,68.27,25.926666666666666,15.063333333333333,9.093333333333334,15.486666666666666,38.88,1.0,0.0,8.863333333333333,5.43,4.86,3.92,0,AT_RISK,HIGH_RISK
STU00132,ECE,M,2023,HIGH,79.712,48.6,21.71,14.36,24.130000000000003,64.19800000000001,26.4,56.4,54.434000000000005,14.24,6.89,7.43,0,AVERAGE,MEDIUM_RISK
STU00133,IT,F,2022,MEDIUM,71.095,50.0,17.465,9.995000000000001,18.7,46.224999999999994,34.5,54.5,37.95,18.125,6.08,6.18,0,AVERAGE,MEDIUM_RISK
STU00134,MECH,F,2024,LOW,77.81,41.215,22.66,11.3125,18.119999999999997,48.4625,27.25,35.5,25.572499999999998,11.7575,5.91,6.26,0,AVERAGE,MEDIUM_RISK
STU00135,ECE,M,2022,LOW,85.10499999999999,42.400000000000006,19.89,15.0,25.0,50.695,21.0,77.5,44.305,20.48,6.1,5.92,0,AVERAGE,MEDIUM_RISK
STU00136,ECE,M,2021,HIGH,74.33,37.325,11.190000000000001,15.0,25.0,58.76,13.5,65.0,37.245000000000005,12.85,7.52,6.48,0,GOOD,LOW_RISK
STU00137,MECH,F,2021,MEDIUM,68.14,33.68,20.826666666666668,10.733333333333334,19.473333333333333,41.26,11.333333333333334,53.0,22.963333333333335,5.21,6.18,5.49,0,AVERAGE,MEDIUM_RISK
STU00138,CSE,F,2022,LOW,67.16333333333334,32.20666666666667,18.006666666666664,10.33,20.156666666666666,49.43666666666667,8.666666666666666,27.333333333333332,13.6,6.993333333333333,5.63,5.92,0,AVERAGE,MEDIUM_RISK
STU00139,CIVIL,M,2021,HIGH,81.0,46.1,25.0,10.995000000000001,23.735,52.21,45.0,45.5,31.225,2.0,7.13,6.87,0,GOOD,LOW_RISK
STU00140,ECE,F,2021,HIGH,72.96000000000001,46.17,21.78,13.05,25.0,53.755,54.0,38.5,52.175,25.74,7.41,6.94,0,GOOD,LOW_RISK
STU00141,CIVIL,F,2021,LOW,68.35499999999999,38.025,23.435000000000002,10.22,22.98,55.82,13.0,2.0,18.400000000000002,3.425,6.19,6.1,0,AVERAGE,MEDIUM_RISK
STU00142,MECH,F,2024,HIGH,78.395,49.5075,22.3825,14.32,22.4125,57.835,25.25,58.25,43.42,12.0925,8.41,7.42,0,GOOD,LOW_RISK
STU00143,EEE,F,2023,MEDIUM,69.92166666666667,38.73666666666667,21.348333333333333,11.193333333333333,21.596666666666664,38.345,19.833333333333332,62.833333333333336,37.60166666666667,16.333333333333332,4.8,5.33,1,AT_RISK,HIGH_RISK
STU00144,EEE,M,2021,MEDIUM,69.84,33.655,16.435,7.07,13.95,30.909999999999997,7.5,30.0,27.945,6.215,3.1,4.2,2,AT_RISK,HIGH_RISK
STU00145,CIVIL,M,2024,HIGH,72.59,46.692,23.75,12.138,22.898,53.568,24.6,65.8,41.118,12.388,6.76,6.82,0,AVERAGE,MEDIUM_RISK
STU00146,CSE,F,2024,MEDIUM,58.59400000000001,24.084,16.954,10.664,16.69,35.38,8.0,23.8,16.338,2.596,2.47,4.0,3,AT_RISK,HIGH_RISK
STU00147,ECE,M,2023,LOW,80.908,45.778,24.22,14.276,23.544,49.072,39.4,57.8,41.894,26.606,6.02,6.64,0,AVERAGE,MEDIUM_RISK
STU00148,IT,F,2021,HIGH,86.43,50.0,25.0,13.65,25.0,71.91,58.5,115.5,91.14500000000001,28.625,7.77,8.36,0,GOOD,LOW_RISK
STU00149,CSE,F,2024,HIGH,80.89,33.333333333333336,23.30333333333333,14.153333333333334,24.026666666666667,58.77,18.0,74.33333333333333,54.416666666666664,21.80333333333333,7.48,7.44,0,GOOD,LOW_RISK
STU00150,CIVIL,F,2021,LOW,77.372,43.748000000000005,23.148,8.988,21.07,46.552,28.8,66.8,39.114,14.978,5.74,6.36,0,AVERAGE,MEDIUM_RISK
STU00151,EEE,F,2024,HIGH,61.51333333333334,43.07666666666666,24.0,12.703333333333333,22.263333333333332,49.46,23.0,62.0,27.243333333333336,13.433333333333332,4.89,6.48,0,AT_RISK,HIGH_RISK
STU00152,MECH,M,2024,MEDIUM,83.31666666666666,50.0,22.22666666666667,13.953333333333333,24.099999999999998,81.56666666666666,39.333333333333336,127.0,82.34666666666666,29.19666666666667,9.49,8.34,0,EXCELLENT,LOW_RISK
STU00153,EEE,M,2022,LOW,50.725,28.799999999999997,7.6850000000000005,7.5,11.35,27.97,0.0,36.0,14.19,5.99,3.37,3.86,2,AT_RISK,HIGH_RISK
STU00154,CSE,F,2022,MEDIUM,67.15,25.105,8.145,8.875,11.695,35.405,0.0,39.5,16.73,2.0,4.65,4.28,0,AT_RISK,HIGH_RISK
STU00155,CIVIL,M,2023,LOW,64.81166666666667,32.25333333333333,9.758333333333335,11.263333333333334,16.616666666666667,33.82666666666666,6.666666666666667,21.333333333333332,8.08,7.3566666666666665,3.7,4.26,0,AT_RISK,HIGH_RISK
STU00156,CIVIL,F,2022,LOW,84.515,49.35999999999999,23.64833333333333,13.351666666666667,23.853333333333335,70.32333333333334,36.0,78.83333333333333,70.01,25.643333333333334,7.45,8.2,0,GOOD,LOW_RISK
STU00157,IT,M,2022,MEDIUM,65.7,44.3725,22.072499999999998,12.622499999999999,24.145,69.8025,24.0,55.0,39.66,27.46,8.52,8.0,0,EXCELLENT,LOW_RISK
STU00158,MECH,F,2023,MEDIUM,88.4825,50.0,25.0,14.4975,25.0,86.36,56.25,126.0,76.6725,32.69,8.41,9.17,0,GOOD,LOW_RISK
STU00159,ECE,F,2024,MEDIUM,76.515,41.556666666666665,23.656666666666666,13.883333333333333,24.028333333333332,61.27333333333333,30.333333333333332,104.83333333333333,53.701666666666675,20.775000000000002,8.81,7.89,0,EXCELLENT,LOW_RISK
STU00160,CIVIL,F,2023,LOW,82.196,46.428,18.688,11.428,21.830000000000002,53.312,27.8,62.0,51.04600000000001,20.606,5.82,6.93,0,AVERAGE,MEDIUM_RISK
STU00161,ECE,F,2024,MEDIUM,69.215,45.725,19.37,8.58,19.009999999999998,48.49,16.0,51.0,42.11,26.055,5.71,6.24,0,AVERAGE,MEDIUM_RISK
STU00162,CIVIL,F,2022,HIGH,78.94,41.36,25.0,14.945,21.384999999999998,63.91,34.5,80.5,57.235,16.2,6.36,7.29,0,AVERAGE,MEDIUM_RISK
STU00163,CSE,F,2024,LOW,90.225,50.0,20.42,15.0,24.1,53.315,47.0,120.0,74.31,41.129999999999995,6.82,6.81,0,AVERAGE,MEDIUM_RISK
STU00164,EEE,M,2022,LOW,73.37,50.0,25.0,14.75,21.72,60.41,27.5,87.5,54.25,19.395,7.68,7.61,0,GOOD,LOW_RISK
STU00165,MECH,F,2023,LOW,70.535,32.7,18.925,12.870000000000001,18.08,43.41,17.5,65.5,38.81,2.0,5.74,5.45,0,AVERAGE,MEDIUM_RISK
STU00166,MECH,M,2024,LOW,85.59,50.0,25.0,15.0,24.697499999999998,64.41250000000001,31.25,106.75,65.6075,24.267500000000002,7.95,8.06,0,GOOD,LOW_RISK
STU00167,IT,F,2021,HIGH,70.176,43.303999999999995,21.52,12.89,22.03,49.546,32.8,63.4,59.338,23.892,5.72,6.15,0,AVERAGE,MEDIUM_RISK
STU00168,ECE,F,2021,HIGH,72.19999999999999,35.83,23.424999999999997,10.16,14.225,51.084999999999994,22.0,53.0,21.015,20.6,6.34,5.9,0,AVERAGE,MEDIUM_RISK
STU00169,CIVIL,M,2022,MEDIUM,80.85000000000001,47.81166666666667,21.28,12.761666666666668,22.436666666666667,55.096666666666664,35.333333333333336,71.0,61.535,23.013333333333332,6.89,7.31,0,AVERAGE,MEDIUM_RISK
STU00170,MECH,M,2021,MEDIUM,87.07,44.394999999999996,23.3575,13.605,24.08,66.82,44.75,87.5,45.7125,29.41,6.58,7.33,0,AVERAGE,MEDIUM_RISK
STU00171,ECE,M,2024,LOW,69.89250000000001,41.81,21.9425,12.6025,20.61,40.2275,23.5,55.75,35.3125,15.2875,6.56,5.68,0,AVERAGE,MEDIUM_RISK
STU00172,ECE,M,2021,MEDIUM,90.71666666666665,50.0,24.22,14.401666666666666,25.0,74.39333333333333,38.5,126.33333333333333,72.36833333333333,30.113333333333333,9.77,8.71,0,EXCELLENT,LOW_RISK
STU00173,CIVIL,M,2022,MEDIUM,75.19333333333333,49.15,22.486666666666665,13.469999999999999,23.286666666666665,61.403333333333336,36.666666666666664,78.5,59.803333333333335,23.136666666666667,7.38,7.79,0,GOOD,LOW_RISK
STU00174,MECH,F,2021,MEDIUM,79.695,45.739999999999995,23.494999999999997,12.865,16.94,47.769999999999996,39.0,60.0,34.13,14.88,5.97,6.42,0,AVERAGE,MEDIUM_RISK
STU00175,CSE,M,2024,LOW,74.48666666666666,43.21666666666667,22.026666666666667,12.79,23.64,63.65,28.333333333333332,74.0,25.459999999999997,10.92,6.66,7.4,0,AVERAGE,MEDIUM_RISK
STU00176,EEE,F,2023,MEDIUM,80.755,50.0,25.0,13.525,21.695,56.71,25.0,74.5,43.555,8.629999999999999,7.37,7.16,0,GOOD,LOW_RISK
STU00177,CSE,F,2022,LOW,80.36,50.0,23.25,15.0,24.865000000000002,46.04,33.0,26.5,57.53,35.085,6.03,6.89,0,AVERAGE,MEDIUM_RISK
STU00178,EEE,F,2023,LOW,76.122,47.298,23.828,12.488,20.604,55.496,26.6,76.4,45.176,19.136000000000003,7.17,6.93,0,GOOD,LOW_RISK
STU00179,IT,M,2021,LOW,68.82666666666667,42.166666666666664,18.243333333333336,12.366666666666667,18.14,62.68333333333334,26.666666666666668,69.0,32.35,19.926666666666666,5.37,6.88,0,AVERAGE,MEDIUM_RISK
STU00180,ECE,F,2023,LOW,83.33,50.0,22.1175,15.0,23.875,60.58,35.0,86.5,57.7625,13.6025,7.96,7.66,0,GOOD,LOW_RISK
STU00181,EEE,F,2022,HIGH,91.662,50.0,25.0,13.065999999999999,24.992,66.784,50.0,117.2,72.1,22.54,6.91,7.84,0,AVERAGE,MEDIUM_RISK
STU00182,MECH,M,2024,LOW,85.95333333333333,50.0,24.47,13.156666666666666,25.0,89.59666666666665,57.0,91.66666666666667,63.20666666666667,32.27333333333333,8.59,8.63,0,EXCELLENT,LOW_RISK
STU00183,CSE,M,2023,LOW,73.07666666666667,41.02333333333333,21.353333333333335,12.163333333333334,23.116666666666664,55.300000000000004,28.666666666666668,71.0,33.276666666666664,23.006666666666664,7.78,6.23,0,GOOD,LOW_RISK
STU00184,ECE,M,2023,LOW,86.92,50.0,22.333333333333332,11.946666666666667,20.116666666666664,60.61333333333334,40.333333333333336,61.666666666666664,60.22666666666667,15.203333333333333,7.43,7.57,0,GOOD,LOW_RISK
STU00185,MECH,M,2024,LOW,74.902,50.0,23.032,14.132,22.466,71.612,42.6,69.8,65.24,26.974,8.17,8.26,0,GOOD,LOW_RISK
STU00186,CIVIL,M,2021,HIGH,72.115,28.5075,11.5775,11.5675,15.8225,37.89,16.0,20.25,27.685,5.6625,5.25,4.82,0,AVERAGE,MEDIUM_RISK
STU00187,IT,F,2023,MEDIUM,61.46333333333333,42.28,20.55333333333333,9.916666666666666,23.893333333333334,48.42666666666667,11.666666666666666,44.666666666666664,28.796666666666667,26.44333333333333,6.29,6.01,0,AVERAGE,MEDIUM_RISK
STU00188,CIVIL,M,2023,LOW,77.81,37.3725,23.475,13.405000000000001,23.825,51.457499999999996,24.75,70.5,39.555,22.35,5.1,6.3,0,AVERAGE,MEDIUM_RISK
STU00189,EEE,F,2023,LOW,65.38666666666667,39.669999999999995,13.546666666666667,8.18,20.373333333333335,35.5,13.0,12.666666666666666,21.676666666666666,3.81,3.5,5.29,3,AT_RISK,HIGH_RISK
STU00190,IT,M,2023,HIGH,73.46000000000001,44.004,23.266,13.122,24.284,46.618,22.4,63.0,31.875999999999998,16.526,6.35,6.29,0,AVERAGE,MEDIUM_RISK
STU00191,EEE,F,2023,MEDIUM,57.625,26.5175,10.64,8.76,13.7925,34.09,11.0,4.5,4.615,10.945,4.93,3.97,0,AT_RISK,HIGH_RISK
STU00192,CSE,M,2023,HIGH,95.97,50.0,25.0,14.46,25.0,52.239999999999995,38.5,149.0,64.345,32.07,7.28,7.2,0,GOOD,LOW_RISK
STU00193,CIVIL,M,2024,LOW,73.38499999999999,50.0,25.0,14.65,19.175,32.425,27.0,38.5,35.769999999999996,15.905000000000001,6.18,6.12,0,AVERAGE,MEDIUM_RISK
STU00194,IT,F,2022,LOW,61.945,30.814999999999998,16.62333333333333,8.576666666666666,14.438333333333333,36.693333333333335,8.333333333333334,11.5,2.9583333333333335,4.381666666666667,3.76,4.95,1,AT_RISK,HIGH_RISK
STU00195,IT,F,2024,HIGH,83.875,46.8,23.380000000000003,11.3,24.375,64.00999999999999,48.0,56.5,58.44,5.235,6.69,7.44,0,AVERAGE,MEDIUM_RISK
STU00196,CIVIL,M,2024,MEDIUM,64.548,44.138,16.14,11.376,20.778,43.126,8.8,39.2,26.782,8.491999999999999,6.71,6.07,0,AVERAGE,MEDIUM_RISK
STU00197,IT,F,2023,MEDIUM,72.545,43.919999999999995,22.661666666666665,13.921666666666667,22.95,61.43333333333334,33.5,83.66666666666667,49.751666666666665,27.366666666666664,8.31,7.54,0,GOOD,LOW_RISK
STU00198,CIVIL,M,2021,HIGH,71.295,40.25666666666667,18.653333333333332,10.498333333333333,18.511666666666667,48.348333333333336,29.5,26.0,21.753333333333334,14.078333333333333,5.76,6.02,0,AVERAGE,MEDIUM_RISK
STU00199,CSE,M,2023,HIGH,62.029999999999994,41.92,14.754,11.268,20.866,51.634,9.6,21.2,16.174,10.5,6.01,6.6,0,AVERAGE,MEDIUM_RISK
STU00200,CSE,M,2022,HIGH,81.238,39.814,22.034,14.363999999999999,23.678,54.13199999999999,22.6,48.6,37.17,12.709999999999999,5.88,6.5,0,AVERAGE,MEDIUM_RISK
STU00201,MECH,M,2022,HIGH,94.405,50.0,25.0,15.0,25.0,91.535,58.75,138.25,93.67,43.917500000000004,9.74,9.51,0,EXCELLENT,LOW_RISK
STU00202,ECE,M,2023,HIGH,75.56333333333333,49.73,25.0,15.0,22.86,51.24666666666667,31.0,62.666666666666664,48.580000000000005,19.673333333333336,7.26,6.61,0,GOOD,LOW_RISK
STU00203,ECE,M,2021,HIGH,73.83,46.623333333333335,21.5,12.078333333333333,21.653333333333332,47.203333333333326,17.5,84.5,41.611666666666665,15.865,4.34,6.41,0,AT_RISK,HIGH_RISK
STU00204,ECE,M,2023,HIGH,82.45333333333333,44.85666666666666,23.36,12.086666666666666,21.013333333333332,57.27333333333333,27.333333333333332,91.66666666666667,55.18666666666667,10.770000000000001,6.8,7.02,0,AVERAGE,MEDIUM_RISK
STU00205,EEE,M,2021,MEDIUM,60.580000000000005,34.096666666666664,13.340000000000002,7.109999999999999,16.866666666666667,34.71333333333334,9.666666666666666,8.666666666666666,12.273333333333333,6.03,4.95,5.16,0,AT_RISK,HIGH_RISK
STU00206,CIVIL,M,2022,HIGH,81.98666666666666,50.0,25.0,13.533333333333333,23.613333333333333,77.67333333333333,35.333333333333336,118.16666666666667,73.38166666666667,29.998333333333335,8.33,8.82,0,GOOD,LOW_RISK
STU00207,CIVIL,F,2021,MEDIUM,76.8,48.254999999999995,25.0,13.049999999999999,24.621666666666666,59.193333333333335,37.166666666666664,72.16666666666667,68.37833333333333,15.893333333333333,6.98,7.48,0,AVERAGE,MEDIUM_RISK
STU00208,EEE,F,2021,LOW,68.938,39.05,17.326,12.815999999999999,16.358,44.824,6.0,61.6,27.744,16.119999999999997,5.54,5.7,0,AVERAGE,MEDIUM_RISK
STU00209,CSE,M,2023,HIGH,85.08,46.21333333333333,21.14,13.093333333333334,22.113333333333333,57.376666666666665,34.666666666666664,98.33333333333333,67.92666666666666,29.14,6.93,7.01,0,AVERAGE,MEDIUM_RISK
STU00210,IT,F,2023,LOW,75.19800000000001,48.138,22.488,12.428,20.808,65.372,36.6,93.2,46.494,16.796,8.06,7.75,0,GOOD,LOW_RISK
STU00211,IT,F,2024,LOW,64.49333333333334,27.636666666666667,13.410000000000002,8.446666666666667,13.19,40.00333333333333,12.333333333333334,33.333333333333336,10.479999999999999,6.09,4.31,4.55,0,AT_RISK,HIGH_RISK
STU00212,CIVIL,M,2024,MEDIUM,75.372,49.888,24.886000000000003,14.174000000000001,25.0,62.814,47.8,92.2,58.448,25.186,7.57,7.87,0,GOOD,LOW_RISK
STU00213,CIVIL,F,2024,MEDIUM,74.654,41.994,24.696,13.558000000000002,22.428,47.826,29.0,60.4,62.306,19.534,6.54,6.27,0,AVERAGE,MEDIUM_RISK
STU00214,MECH,F,2022,MEDIUM,76.18666666666667,48.46333333333333,18.166666666666668,10.836666666666666,20.0,44.04666666666666,11.666666666666666,44.666666666666664,49.44333333333333,16.856666666666666,6.72,6.69,0,AVERAGE,MEDIUM_RISK
STU00215,CSE,M,2024,LOW,67.18,27.525,12.725,8.89,16.810000000000002,27.634999999999998,3.0,10.0,7.125,17.355,4.98,4.19,0,AT_RISK,HIGH_RISK
STU00216,IT,M,2021,LOW,74.015,46.754999999999995,25.0,15.0,24.310000000000002,53.975,32.0,57.0,49.875,11.774999999999999,8.17,7.62,0,GOOD,LOW_RISK
STU00217,CIVIL,M,2023,MEDIUM,87.14999999999999,50.0,25.0,15.0,25.0,81.79,50.0,127.66666666666667,81.16333333333334,44.05666666666667,8.01,9.02,0,GOOD,LOW_RISK
STU00218,MECH,M,2023,HIGH,73.76333333333334,50.0,22.411666666666665,13.521666666666667,24.38,55.221666666666664,37.0,84.0,66.37833333333333,26.103333333333335,6.79,7.47,0,AVERAGE,MEDIUM_RISK
STU00219,ECE,M,2024,HIGH,90.91000000000001,50.0,25.0,15.0,25.0,80.56,64.33333333333333,169.66666666666666,92.70666666666666,33.97,8.07,8.86,0,GOOD,LOW_RISK
STU00220,CSE,F,2023,HIGH,81.86666666666667,49.64666666666667,25.0,14.5,23.496666666666666,68.35333333333334,39.333333333333336,137.33333333333334,73.39,32.65333333333333,8.21,7.73,0,GOOD,LOW_RISK
STU00221,IT,M,2023,HIGH,75.324,46.642,25.0,12.59,25.0,64.558,31.6,56.8,48.884,18.536,7.0,7.32,0,GOOD,LOW_RISK
STU00222,MECH,F,2023,HIGH,76.974,42.546,19.206,9.9,15.622,49.87,12.0,30.8,18.274,7.9319999999999995,5.19,6.39,0,AVERAGE,MEDIUM_RISK
STU00223,CSE,F,2022,HIGH,88.63,50.0,22.58,12.18,25.0,77.35,43.5,142.0,77.625,39.86,8.43,8.52,0,GOOD,LOW_RISK
STU00224,CIVIL,M,2024,MEDIUM,87.8,50.0,25.0,15.0,25.0,72.8,51.5,154.5,76.08,44.769999999999996,7.19,8.18,0,GOOD,LOW_RISK
STU00225,EEE,F,2023,LOW,86.54,32.48,22.986666666666668,15.0,23.400000000000002,71.88666666666667,33.0,71.33333333333333,62.43333333333334,34.06,7.76,8.24,0,GOOD,LOW_RISK
STU00226,ECE,M,2022,HIGH,90.0475,50.0,23.0325,13.8925,25.0,74.845,45.5,96.5,69.0275,26.89,8.46,8.54,0,GOOD,LOW_RISK
STU00227,CIVIL,F,2024,LOW,72.595,43.59,25.0,12.955,19.27,35.504999999999995,25.5,67.5,20.565,15.985,5.83,5.3,0,AVERAGE,MEDIUM_RISK
STU00228,ECE,F,2021,MEDIUM,92.482,50.0,23.458,14.697999999999999,25.0,69.474,42.6,82.8,70.086,32.022000000000006,7.63,8.3,0,GOOD,LOW_RISK
STU00229,IT,F,2023,HIGH,78.76,50.0,25.0,12.898,22.826,72.49600000000001,39.8,98.6,61.257999999999996,27.401999999999997,8.44,8.36,0,GOOD,LOW_RISK
STU00230,CSE,M,2022,HIGH,68.36666666666666,48.35333333333333,20.003333333333334,12.243333333333334,21.373333333333335,60.616666666666674,32.0,50.333333333333336,40.986666666666665,20.776666666666667,6.66,7.68,0,AVERAGE,MEDIUM_RISK
STU00231,MECH,F,2023,HIGH,76.195,42.6575,22.005000000000003,11.2475,23.6775,48.655,27.25,42.5,42.2275,22.685000000000002,6.46,6.41,0,AVERAGE,MEDIUM_RISK
STU00232,ECE,F,2022,LOW,62.275,37.957499999999996,19.1375,9.655,14.5825,36.5475,19.75,27.25,19.955,15.3475,5.43,5.44,0,AVERAGE,MEDIUM_RISK
STU00233,CSE,F,2024,MEDIUM,68.25666666666667,48.975,20.795,13.061666666666667,24.215,56.23166666666666,32.833333333333336,79.0,47.218333333333334,16.34,5.94,7.28,0,AVERAGE,MEDIUM_RISK
STU00234,MECH,M,2024,MEDIUM,69.805,43.345,20.27,14.43,20.08,64.7,30.0,56.5,35.44,20.56,7.84,7.73,0,GOOD,LOW_RISK
STU00235,MECH,F,2021,HIGH,95.866,50.0,25.0,15.0,25.0,83.338,62.8,156.4,99.224,44.44199999999999,7.2,8.66,0,GOOD,LOW_RISK
STU00236,EEE,F,2023,MEDIUM,78.71333333333332,47.39333333333334,23.099999999999998,14.74,23.768333333333334,61.525,35.333333333333336,80.33333333333333,50.66833333333333,15.223333333333334,7.76,7.89,0,GOOD,LOW_RISK
STU00237,CIVIL,M,2024,HIGH,64.31,28.095,18.146666666666665,10.566666666666666,15.615,45.61333333333334,8.666666666666666,16.0,12.136666666666665,14.996666666666664,4.77,5.24,0,AT_RISK,HIGH_RISK
STU00238,EEE,F,2023,MEDIUM,80.4375,34.9525,17.9575,14.455,17.975,44.47,13.0,22.5,24.96,8.6125,6.13,5.73,0,AVERAGE,MEDIUM_RISK
STU00239,IT,M,2021,LOW,74.285,46.105000000000004,25.0,10.82,19.259999999999998,71.31,25.0,65.0,40.92,18.93,7.19,7.5,0,GOOD,LOW_RISK
STU00240,MECH,F,2022,HIGH,94.95,50.0,25.0,13.979999999999999,24.893333333333334,68.67,48.666666666666664,118.33333333333333,79.39333333333333,30.516666666666666,7.89,8.07,0,GOOD,LOW_RISK
STU00241,ECE,M,2022,HIGH,74.596,41.034000000000006,22.602,10.206,20.328,45.056,35.8,65.8,40.088,15.474,5.73,6.03,0,AVERAGE,MEDIUM_RISK
STU00242,CIVIL,F,2024,LOW,83.90333333333334,50.0,24.781666666666666,13.801666666666668,25.0,68.11833333333333,40.166666666666664,135.16666666666666,75.62166666666667,27.513333333333332,8.28,8.16,0,GOOD,LOW_RISK
STU00243,EEE,F,2023,MEDIUM,73.30799999999999,38.734,18.55,14.502,21.818,50.089999999999996,27.6,61.6,41.94199999999999,8.790000000000001,5.92,6.28,0,AVERAGE,MEDIUM_RISK
STU00244,EEE,F,2023,LOW,75.56,35.275,21.295,14.85,16.625,43.525,12.0,44.5,31.555,17.595,4.21,5.32,1,AT_RISK,HIGH_RISK
STU00245,MECH,M,2024,HIGH,73.05,37.098333333333336,25.0,11.023333333333333,19.146666666666665,55.00833333333333,17.833333333333332,47.166666666666664,32.251666666666665,21.253333333333334,5.94,6.09,0,AVERAGE,MEDIUM_RISK
STU00246,CSE,F,2021,LOW,61.115,33.335,10.23,10.455,11.485,40.065,13.0,22.5,13.625,10.195,4.51,4.58,0,AT_RISK,HIGH_RISK
STU00247,IT,F,2021,LOW,66.37,25.689999999999998,17.81,11.71,14.793333333333335,30.290000000000003,4.333333333333333,1.6666666666666667,3.2933333333333334,6.0,3.97,3.88,1,AT_RISK,HIGH_RISK
STU00248,IT,F,2024,HIGH,90.44,50.0,24.485,15.0,25.0,89.22999999999999,55.0,150.0,97.08,26.815,9.91,9.48,0,EXCELLENT,LOW_RISK
STU00249,MECH,M,2021,LOW,86.23,50.0,24.1075,14.635,24.13,66.2325,51.25,84.75,72.1025,29.8425,7.54,7.93,0,GOOD,LOW_RISK
STU00250,EEE,M,2024,LOW,59.49,35.906666666666666,14.523333333333333,9.046666666666667,16.403333333333332,30.656666666666666,12.333333333333334,14.666666666666666,7.0200000000000005,3.9233333333333333,4.48,4.71,0,AT_RISK,HIGH_RISK
STU00251,MECH,M,2023,MEDIUM,67.935,36.985,15.215,14.605,20.445,43.85,3.5,36.0,31.244999999999997,2.955,4.69,6.12,0,AT_RISK,HIGH_RISK
STU00252,EEE,F,2021,LOW,70.75399999999999,47.736000000000004,20.782,14.674000000000001,24.898,59.394000000000005,26.2,45.4,36.234,20.936,7.14,7.42,0,GOOD,LOW_RISK
STU00253,CSE,F,2024,MEDIUM,92.5175,50.0,25.0,14.8775,25.0,74.08500000000001,56.75,131.5,95.45,36.44,7.69,8.14,0,GOOD,LOW_RISK
STU00254,MECH,M,2021,LOW,61.58,36.0,15.139999999999999,9.99,16.39,54.67,8.5,26.5,22.275,2.0,6.83,6.13,0,AVERAGE,MEDIUM_RISK
STU00255,MECH,F,2024,LOW,72.03,48.89000000000001,21.843333333333334,13.848333333333334,23.451666666666668,62.76833333333334,28.666666666666668,39.833333333333336,51.89166666666667,22.013333333333332,6.3,7.0,0,AVERAGE,MEDIUM_RISK
STU00256,IT,F,2024,MEDIUM,66.44333333333334,44.839999999999996,20.28333333333333,11.423333333333332,21.146666666666665,55.93,30.0,58.666666666666664,39.02333333333333,13.68,6.59,7.14,0,AVERAGE,MEDIUM_RISK
STU00257,EEE,M,2024,MEDIUM,86.22999999999999,50.0,23.955,11.844999999999999,24.15,71.445,37.0,134.0,58.375,29.384999999999998,9.2,8.62,0,EXCELLENT,LOW_RISK
STU00258,ECE,F,2022,MEDIUM,62.78,30.55,21.425,11.8,24.535,39.075,17.5,58.5,15.959999999999999,3.51,3.95,4.38,1,AT_RISK,HIGH_RISK
STU00259,ECE,M,2021,HIGH,92.31333333333333,50.0,25.0,13.893333333333333,25.0,78.76666666666667,43.333333333333336,103.66666666666667,66.09333333333333,16.473333333333333,8.99,8.83,0,EXCELLENT,LOW_RISK
STU00260,EEE,M,2023,HIGH,77.02333333333333,50.0,24.19333333333333,13.183333333333332,19.459999999999997,60.85333333333333,32.333333333333336,65.33333333333333,61.88666666666666,25.536666666666665,7.6,7.44,0,GOOD,LOW_RISK
STU00261,ECE,M,2022,LOW,71.356,41.616,22.596,12.584,23.778,53.468,22.6,73.2,47.604,21.588,6.15,6.58,0,AVERAGE,MEDIUM_RISK
STU00262,EEE,M,2024,MEDIUM,90.07833333333333,50.0,23.948333333333334,15.0,25.0,70.50166666666667,50.333333333333336,119.66666666666667,91.38,34.93666666666667,8.49,8.22,0,GOOD,LOW_RISK
STU00263,CIVIL,M,2023,HIGH,89.435,50.0,25.0,13.67,24.86,79.825,62.0,73.0,71.33,37.705,8.92,9.43,0,EXCELLENT,LOW_RISK
STU00264,CIVIL,F,2022,LOW,68.98666666666666,46.38666666666666,25.0,7.489999999999999,24.66,53.71333333333333,30.0,67.0,38.49666666666666,18.086666666666666,7.19,7.26,0,GOOD,LOW_RISK
STU00265,MECH,F,2024,LOW,84.19800000000001,39.986000000000004,25.0,14.209999999999999,25.0,73.012,41.0,115.4,69.166,28.584000000000003,7.94,8.42,0,GOOD,LOW_RISK
STU00266,IT,M,2022,HIGH,78.57333333333334,50.0,25.0,14.916666666666666,24.95,58.81,49.666666666666664,95.66666666666667,71.91666666666667,23.919999999999998,7.51,7.75,0,GOOD,LOW_RISK
STU00267,IT,F,2021,HIGH,78.07000000000001,50.0,25.0,14.270000000000001,24.766666666666666,71.26666666666667,35.666666666666664,83.66666666666667,55.96,24.929999999999996,9.41,8.2,0,EXCELLENT,LOW_RISK
STU00268,MECH,M,2024,HIGH,93.5,50.0,25.0,13.125,25.0,70.295,63.5,168.0,99.61,34.325,8.07,8.54,0,GOOD,LOW_RISK
STU00269,ECE,M,2024,HIGH,81.77,48.18666666666667,23.28333333333333,13.616666666666667,21.893333333333334,52.70666666666667,33.666666666666664,61.0,53.22333333333333,20.723333333333333,7.38,6.81,0,GOOD,LOW_RISK
STU00270,IT,F,2023,MEDIUM,79.02166666666666,50.0,24.421666666666667,14.88,24.71666666666667,66.255,37.5,89.0,70.98333333333333,18.758333333333333,9.12,8.15,0,EXCELLENT,LOW_RISK
STU00271,CSE,M,2023,LOW,74.525,46.5775,22.6025,13.88,22.565,51.1275,49.0,91.0,59.265,19.3975,6.77,6.68,0,AVERAGE,MEDIUM_RISK
STU00272,ECE,M,2021,MEDIUM,76.95,45.49666666666667,23.8,14.833333333333334,20.323333333333334,56.43666666666667,31.666666666666668,88.33333333333333,52.54,25.680000000000003,7.99,7.17,0,GOOD,LOW_RISK
STU00273,EEE,M,2024,LOW,55.92666666666667,24.49,12.75,10.323333333333332,12.31,28.44666666666667,13.0,17.666666666666668,2.4033333333333333,2.23,3.83,3.51,1,AT_RISK,HIGH_RISK
STU00274,CSE,M,2023,HIGH,74.43666666666667,31.973333333333333,21.72,11.666666666666666,19.38,54.833333333333336,3.6666666666666665,66.66666666666667,18.7,8.286666666666667,5.56,5.8,0,AVERAGE,MEDIUM_RISK
STU00275,CSE,F,2023,MEDIUM,64.08333333333333,47.94,23.02333333333333,14.660000000000002,19.923333333333336,50.13666666666666,18.666666666666668,51.0,27.349999999999998,14.926666666666668,5.88,6.94,0,AVERAGE,MEDIUM_RISK
STU00276,CIVIL,M,2024,HIGH,89.05799999999999,49.589999999999996,25.0,11.964,25.0,66.228,42.0,73.0,65.292,26.136000000000003,8.17,7.96,0,GOOD,LOW_RISK
STU00277,IT,F,2021,LOW,87.5325,50.0,22.13,14.2675,25.0,62.47,39.5,78.0,51.81,26.6825,7.32,7.65,0,GOOD,LOW_RISK
STU00278,MECH,M,2024,LOW,65.765,31.7425,18.990000000000002,10.495000000000001,15.025,34.212500000000006,16.25,11.0,25.65,5.655,4.37,4.56,0,AT_RISK,HIGH_RISK
STU00279,ECE,F,2021,MEDIUM,65.30333333333333,38.61333333333334,22.28333333333333,7.156666666666666,19.153333333333332,46.45666666666667,9.0,2.6666666666666665,12.92,8.64,7.15,6.16,0,GOOD,LOW_RISK
STU00280,CIVIL,M,2024,LOW,69.704,45.366,21.238,14.975999999999999,22.881999999999998,52.74400000000001,22.0,65.0,37.198,22.432,6.66,6.85,0,AVERAGE,MEDIUM_RISK
STU00281,EEE,F,2021,HIGH,88.42,50.0,25.0,15.0,25.0,82.485,56.5,121.0,81.735,24.915,9.99,9.05,0,EXCELLENT,LOW_RISK
STU00282,IT,M,2023,HIGH,83.25833333333334,50.0,25.0,13.255,24.573333333333334,65.36166666666666,41.333333333333336,102.33333333333333,71.50333333333333,26.596666666666664,8.55,7.98,0,EXCELLENT,LOW_RISK
STU00283,EEE,F,2022,MEDIUM,67.63,32.67,14.19,8.82,14.965,27.705,7.5,45.5,21.335,13.14,4.27,4.32,0,AT_RISK,HIGH_RISK
STU00284,ECE,M,2021,HIGH,82.4875,49.2375,21.75,14.205,21.775,73.37,22.25,78.25,67.6,25.7875,8.07,8.19,0,GOOD,LOW_RISK
STU00285,ECE,M,2021,MEDIUM,85.965,48.989999999999995,17.92,15.0,23.945,31.14,23.0,27.5,29.384999999999998,11.46,6.83,6.04,0,AVERAGE,MEDIUM_RISK
STU00286,MECH,F,2021,HIGH,82.164,49.068,23.944,14.742,24.396,60.034000000000006,36.8,111.2,65.852,27.8,6.52,7.64,0,AVERAGE,MEDIUM_RISK
STU00287,EEE,M,2023,HIGH,86.585,50.0,25.0,15.0,25.0,70.825,59.0,165.5,83.08500000000001,30.119999999999997,7.72,8.01,0,GOOD,LOW_RISK
STU00288,CIVIL,F,2024,MEDIUM,82.685,50.0,24.23,11.955,23.325,60.84,39.5,91.5,57.980000000000004,18.485,6.92,7.2,0,AVERAGE,MEDIUM_RISK
STU00289,MECH,F,2023,LOW,64.48833333333333,25.998333333333335,17.328333333333333,7.760000000000001,17.576666666666664,37.53,7.333333333333333,7.166666666666667,3.4066666666666663,4.758333333333334,4.01,4.35,0,AT_RISK,HIGH_RISK
STU00290,IT,F,2022,MEDIUM,90.015,50.0,19.755,10.555,24.8,76.33,31.5,116.0,73.32499999999999,36.480000000000004,7.61,8.3,0,GOOD,LOW_RISK
STU00291,MECH,M,2023,MEDIUM,83.13666666666667,50.0,25.0,15.0,24.833333333333332,65.73333333333333,54.666666666666664,113.66666666666667,63.31666666666666,21.736666666666665,7.18,7.56,0,GOOD,LOW_RISK
STU00292,ECE,F,2024,MEDIUM,66.71,37.995000000000005,23.259999999999998,12.775,22.635,35.635,17.0,46.0,18.495,5.470000000000001,5.02,4.7,0,AVERAGE,MEDIUM_RISK
STU00293,IT,F,2024,LOW,70.06333333333333,48.78666666666667,17.383333333333336,12.530000000000001,23.956666666666667,57.01,23.666666666666668,74.33333333333333,42.60333333333333,12.923333333333332,8.47,7.75,0,GOOD,LOW_RISK
STU00294,EEE,M,2024,LOW,80.045,49.7175,20.665,13.7,24.4925,77.5625,46.5,82.0,57.7525,25.2375,8.64,7.54,0,EXCELLENT,LOW_RISK
STU00295,CSE,M,2022,LOW,57.7,29.869999999999997,13.0,8.416,11.956,34.538,4.2,6.6,9.559999999999999,3.1439999999999997,5.35,4.47,1,AVERAGE,MEDIUM_RISK
STU00296,ECE,M,2021,LOW,71.69833333333334,47.405,20.923333333333332,13.358333333333334,18.94333333333333,43.49166666666667,17.833333333333332,33.833333333333336,29.933333333333337,14.135,5.12,6.37,0,AVERAGE,MEDIUM_RISK
STU00297,IT,F,2021,HIGH,78.4,44.295,25.0,12.955,18.19,53.325,23.5,43.5,34.475,8.934999999999999,6.14,6.59,0,AVERAGE,MEDIUM_RISK
STU00298,MECH,F,2024,LOW,72.015,44.225,19.795,11.565000000000001,12.635,48.455,0.5,35.0,26.060000000000002,22.314999999999998,5.72,6.12,0,AVERAGE,MEDIUM_RISK
STU00299,CIVIL,F,2023,MEDIUM,78.4975,50.0,25.0,13.1125,24.240000000000002,81.0,47.75,109.0,70.9875,21.2325,7.44,8.85,0,GOOD,LOW_RISK
STU00300,EEE,M,2022,LOW,83.695,50.0,25.0,15.0,25.0,68.39,44.5,88.0,74.73,30.765,7.3,7.36,0,GOOD,LOW_RISK
STU00301,MECH,M,2023,MEDIUM,82.03166666666667,50.0,23.655,14.953333333333333,25.0,74.43666666666667,38.166666666666664,128.83333333333334,66.97500000000001,31.998333333333335,8.41,8.69,0,GOOD,LOW_RISK
STU00302,EEE,F,2024,HIGH,78.8325,50.0,23.689999999999998,13.855,20.9775,65.385,27.75,58.25,49.6575,26.7475,7.35,7.85,0,GOOD,LOW_RISK
STU00303,CIVIL,M,2022,HIGH,79.28166666666667,48.59166666666667,23.76,14.918333333333335,25.0,73.7,44.666666666666664,104.16666666666667,68.165,34.3,8.11,8.53,0,GOOD,LOW_RISK
STU00304,EEE,F,2023,LOW,90.464,50.0,25.0,13.457999999999998,25.0,80.138,54.8,139.8,90.676,35.824,9.29,8.93,0,EXCELLENT,LOW_RISK
STU00305,ECE,F,2022,LOW,87.3825,50.0,21.3975,14.4925,24.2225,69.72,58.0,96.75,72.5875,28.195,8.29,8.06,0,GOOD,LOW_RISK
STU00306,ECE,M,2022,HIGH,79.66,50.0,25.0,14.156666666666666,23.75,68.38,44.0,121.66666666666667,75.63666666666667,29.346666666666668,7.55,7.96,0,GOOD,LOW_RISK
STU00307,CIVIL,F,2022,HIGH,89.54400000000001,50.0,25.0,15.0,25.0,90.27799999999999,54.0,126.4,82.31,38.814,8.5,9.47,0,EXCELLENT,LOW_RISK
STU00308,EEE,F,2024,MEDIUM,70.70666666666666,44.93333333333334,23.830000000000002,12.056666666666667,17.186666666666664,49.10333333333333,23.333333333333332,95.33333333333333,43.65,11.973333333333334,5.84,6.44,0,AVERAGE,MEDIUM_RISK
STU00309,ECE,M,2023,HIGH,74.995,48.60666666666666,20.02,12.806666666666667,19.005,50.050000000000004,25.166666666666668,93.16666666666667,44.44833333333333,13.678333333333333,7.01,7.21,0,GOOD,LOW_RISK
STU00310,ECE,F,2022,MEDIUM,61.225,18.0775,8.0775,6.215,15.407499999999999,27.7875,5.0,18.0,12.299999999999999,11.8725,3.47,3.3,1,AT_RISK,HIGH_RISK
STU00311,CSE,M,2022,HIGH,76.27,46.88666666666666,24.616666666666664,14.913333333333334,22.13,51.13999999999999,24.0,75.33333333333333,44.413333333333334,18.16,7.56,6.97,0,GOOD,LOW_RISK
STU00312,MECH,M,2023,MEDIUM,80.65,47.35,24.57,15.0,21.05,67.815,34.0,68.5,50.755,18.025,8.28,8.2,0,GOOD,LOW_RISK
STU00313,ECE,F,2023,LOW,67.0,40.305,23.275,14.1375,20.762500000000003,58.42,20.0,51.5,25.2375,10.0075,6.86,6.74,0,AVERAGE,MEDIUM_RISK
STU00314,IT,M,2022,LOW,84.116,49.928,25.0,15.0,24.922,62.577999999999996,39.8,97.8,67.768,28.875999999999998,7.31,7.71,0,GOOD,LOW_RISK
STU00315,IT,F,2021,HIGH,83.52666666666666,48.4,25.0,13.773333333333333,25.0,78.40666666666667,49.0,90.0,65.38,29.63,8.07,8.86,0,GOOD,LOW_RISK
STU00316,EEE,F,2022,MEDIUM,93.50999999999999,50.0,25.0,15.0,25.0,91.44,42.0,163.0,100.0,39.68666666666667,9.28,9.34,0,EXCELLENT,LOW_RISK
STU00317,CIVIL,M,2023,MEDIUM,72.24666666666667,49.39333333333334,21.55,12.96,24.096666666666664,55.94,30.0,70.33333333333333,56.75666666666666,20.713333333333335,7.77,7.67,0,GOOD,LOW_RISK
STU00318,MECH,F,2024,LOW,65.33,39.836666666666666,12.68,10.216666666666667,23.146666666666665,41.81333333333333,6.333333333333333,46.0,27.896666666666665,18.080000000000002,4.91,5.77,0,AT_RISK,HIGH_RISK
STU00319,CIVIL,F,2024,HIGH,74.955,50.0,22.545,15.0,25.0,69.965,49.0,93.0,51.19,19.85,8.87,8.2,0,EXCELLENT,LOW_RISK
STU00320,MECH,M,2023,MEDIUM,90.0,50.0,24.255000000000003,13.04,24.675,65.725,53.0,117.5,74.49000000000001,33.925,8.47,7.96,0,GOOD,LOW_RISK
STU00321,IT,F,2021,HIGH,86.79,48.14333333333334,25.0,11.986666666666666,24.41333333333333,63.98666666666667,34.666666666666664,101.0,67.37666666666667,22.096666666666664,8.41,7.94,0,GOOD,LOW_RISK
STU00322,CIVIL,F,2022,HIGH,70.57,48.715,25.0,11.065,23.69,61.42,31.0,87.0,61.25,23.96,8.31,7.8,0,GOOD,LOW_RISK
STU00323,IT,F,2024,HIGH,84.57166666666667,48.47666666666667,25.0,14.969999999999999,23.655,65.71333333333334,36.833333333333336,122.83333333333333,78.42166666666667,24.168333333333333,7.68,7.84,0,GOOD,LOW_RISK
STU00324,ECE,F,2022,LOW,80.288,49.092,23.658,13.264,23.008,56.146,28.8,84.8,45.751999999999995,18.044,5.78,6.96,0,AVERAGE,MEDIUM_RISK
STU00325,CIVIL,F,2021,MEDIUM,70.64666666666666,43.80666666666667,22.33,9.186666666666667,20.513333333333332,46.370000000000005,12.333333333333334,17.666666666666668,20.33,10.023333333333333,5.33,6.28,0,AVERAGE,MEDIUM_RISK
STU00326,ECE,M,2023,HIGH,79.91000000000001,50.0,23.189999999999998,14.26,24.08666666666667,53.68333333333334,29.0,86.33333333333333,47.699999999999996,17.023333333333333,7.35,7.35,0,GOOD,LOW_RISK
STU00327,MECH,F,2021,MEDIUM,74.99333333333333,39.92666666666667,20.263333333333332,12.923333333333332,21.103333333333335,56.43333333333334,22.0,59.333333333333336,32.79666666666667,24.99,7.26,6.96,0,GOOD,LOW_RISK
STU00328,EEE,F,2023,MEDIUM,75.248,48.188,22.94,14.632,21.368000000000002,70.706,27.2,76.4,56.814,23.66,8.04,8.14,0,GOOD,LOW_RISK
STU00329,IT,M,2022,LOW,69.88,43.69,24.155,14.175,22.21,58.035,46.0,104.0,49.725,13.2,6.46,6.75,0,AVERAGE,MEDIUM_RISK
STU00330,IT,F,2024,MEDIUM,90.6375,50.0,25.0,14.2925,24.7275,83.0325,46.75,125.5,90.0425,29.95,9.92,8.84,0,EXCELLENT,LOW_RISK
STU00331,ECE,M,2021,MEDIUM,76.99,41.215,21.09,12.89,25.0,57.410000000000004,15.5,90.0,42.644999999999996,14.184999999999999,5.01,6.6,0,AVERAGE,MEDIUM_RISK
STU00332,ECE,F,2022,LOW,78.7825,50.0,25.0,15.0,24.7825,54.35,49.75,91.75,43.32,34.78,6.39,7.07,0,AVERAGE,MEDIUM_RISK
STU00333,CSE,M,2021,LOW,66.28999999999999,30.490000000000002,20.185000000000002,9.9875,15.4375,28.83,11.5,54.5,23.682499999999997,12.41,4.2,4.32,0,AT_RISK,HIGH_RISK
STU00334,IT,F,2024,LOW,77.28,37.27333333333333,19.643333333333334,12.270000000000001,14.606666666666667,61.60999999999999,38.666666666666664,31.333333333333332,35.51666666666667,18.87,7.48,6.82,0,GOOD,LOW_RISK
STU00335,MECH,M,2023,MEDIUM,71.81,44.65,15.350000000000001,11.96,19.16,56.04,21.666666666666668,50.0,40.913333333333334,20.146666666666665,7.59,6.6,0,GOOD,LOW_RISK
STU00336,IT,F,2023,LOW,65.99000000000001,31.175,16.505,2.515,20.25,30.415,7.0,4.5,1.355,3.455,4.4,4.34,1,AT_RISK,HIGH_RISK
STU00337,CIVIL,F,2021,MEDIUM,63.03666666666667,28.573333333333334,17.046666666666667,9.903333333333334,9.41,29.24,4.666666666666667,3.6666666666666665,6.419999999999999,3.2300000000000004,4.63,4.06,0,AT_RISK,HIGH_RISK
STU00338,IT,F,2023,LOW,64.98,30.345,17.580000000000002,9.49,18.565,42.50833333333333,10.666666666666666,18.0,22.0,7.591666666666666,5.18,4.98,0,AVERAGE,MEDIUM_RISK
STU00339,MECH,F,2022,LOW,76.27,45.78,23.76,13.293333333333335,20.543333333333333,69.35666666666667,22.0,71.0,35.76,24.673333333333332,8.21,7.96,0,GOOD,LOW_RISK
STU00340,ECE,F,2022,LOW,66.376,33.704,14.825999999999999,11.26,16.438,41.472,14.4,25.8,16.322,7.482000000000001,6.49,5.23,0,AVERAGE,MEDIUM_RISK
STU00341,CSE,M,2024,MEDIUM,91.03000000000002,50.0,25.0,13.986666666666666,24.53,70.61666666666667,38.333333333333336,82.33333333333333,57.81666666666666,28.599999999999998,7.83,8.32,0,GOOD,LOW_RISK
STU00342,CIVIL,M,2024,LOW,72.78666666666668,38.74166666666667,23.501666666666665,9.113333333333333,21.735,45.395,12.666666666666666,62.166666666666664,37.151666666666664,14.671666666666667,5.06,5.84,0,AVERAGE,MEDIUM_RISK
STU00343,IT,M,2023,MEDIUM,81.295,43.175,23.634999999999998,13.245000000000001,22.502499999999998,46.230000000000004,40.0,70.75,47.230000000000004,15.0175,6.9,6.27,0,AVERAGE,MEDIUM_RISK
STU00344,ECE,F,2024,MEDIUM,80.065,46.965,22.083333333333332,14.081666666666665,24.706666666666667,62.10833333333333,27.5,87.83333333333333,51.778333333333336,15.163333333333334,7.16,7.39,0,GOOD,LOW_RISK
STU00345,IT,F,2024,HIGH,77.75,50.0,25.0,14.370000000000001,23.325,59.129999999999995,33.75,87.25,54.08,24.662499999999998,7.34,7.5,0,GOOD,LOW_RISK
STU00346,ECE,F,2023,LOW,76.88333333333334,46.27166666666667,21.488333333333333,11.270000000000001,20.411666666666665,53.48666666666667,29.833333333333332,79.33333333333333,48.12166666666667,24.30333333333333,7.14,6.98,0,GOOD,LOW_RISK
STU00347,MECH,F,2024,LOW,64.89,36.89333333333334,22.583333333333332,12.076666666666668,20.543333333333333,54.39666666666667,25.333333333333332,70.33333333333333,47.556666666666665,12.536666666666667,7.36,6.2,0,GOOD,LOW_RISK
STU00348,MECH,F,2021,LOW,80.0,42.415000000000006,24.490000000000002,14.33,24.310000000000002,46.945,11.5,46.5,32.39,17.48,5.12,6.39,0,AVERAGE,MEDIUM_RISK
STU00349,MECH,F,2022,HIGH,81.17333333333333,40.96333333333333,22.566666666666666,13.693333333333333,22.596666666666664,54.59666666666667,34.333333333333336,21.0,32.14,23.873333333333335,7.44,6.72,0,GOOD,LOW_RISK
STU00350,MECH,M,2024,MEDIUM,80.52666666666666,50.0,22.62,15.0,21.253333333333334,67.82666666666667,19.0,73.0,56.723333333333336,15.433333333333332,7.59,8.07,0,GOOD,LOW_RISK
STU00351,ECE,M,2023,LOW,64.705,39.9,19.57,10.025,24.65,49.975,14.5,65.5,37.82,27.88,4.78,5.86,0,AT_RISK,HIGH_RISK
STU00352,IT,M,2022,HIGH,80.28999999999999,48.97,22.35,15.0,20.375,61.995000000000005,28.0,53.0,41.38,22.485,9.16,8.53,0,EXCELLENT,LOW_RISK
STU00353,EEE,M,2022,HIGH,90.892,50.0,24.259999999999998,14.138,25.0,80.946,49.0,97.2,74.6,29.913999999999998,9.99,9.0,0,EXCELLENT,LOW_RISK
STU00354,CSE,F,2022,LOW,80.37333333333333,50.0,23.28,14.33,23.435000000000002,55.21666666666667,31.333333333333332,82.83333333333333,48.08166666666667,26.84166666666667,6.83,7.63,0,AVERAGE,MEDIUM_RISK
STU00355,EEE,F,2024,LOW,95.35249999999999,50.0,24.56,14.5775,25.0,85.595,57.5,157.25,93.2025,36.2175,9.53,9.18,0,EXCELLENT,LOW_RISK
STU00356,MECH,F,2023,HIGH,93.50999999999999,50.0,25.0,15.0,25.0,61.72,54.0,41.5,52.015,21.965,7.34,7.72,0,GOOD,LOW_RISK
STU00357,EEE,M,2022,LOW,76.765,44.08,23.615000000000002,9.89,21.130000000000003,55.715,22.5,49.0,45.32,22.005000000000003,6.58,5.97,0,AVERAGE,MEDIUM_RISK
STU00358,ECE,M,2024,HIGH,81.50666666666666,50.0,25.0,13.843333333333334,25.0,76.42,44.0,112.33333333333333,77.7,36.23333333333333,9.83,8.57,0,EXCELLENT,LOW_RISK
STU00359,ECE,F,2023,HIGH,80.2925,50.0,24.3325,14.725,23.3,66.67750000000001,32.75,89.5,59.34,30.2875,7.74,7.9,0,GOOD,LOW_RISK
STU00360,MECH,M,2023,LOW,79.3825,39.265,23.9675,14.21,22.17,67.1725,14.75,57.0,54.32,15.96,5.54,6.32,0,AVERAGE,MEDIUM_RISK
STU00361,ECE,F,2024,HIGH,97.005,50.0,25.0,15.0,25.0,88.67833333333334,60.0,156.66666666666666,97.36333333333334,42.915,10.0,9.42,0,EXCELLENT,LOW_RISK
STU00362,ECE,F,2024,MEDIUM,83.32499999999999,49.1625,22.8775,11.2625,22.009999999999998,52.7575,29.25,75.5,50.165,24.8675,7.25,7.06,0,GOOD,LOW_RISK
STU00363,EEE,M,2023,LOW,85.91666666666667,50.0,25.0,9.803333333333333,23.153333333333336,86.24333333333334,55.333333333333336,133.66666666666666,68.76333333333334,18.94666666666667,8.78,9.19,0,EXCELLENT,LOW_RISK
STU00364,ECE,M,2024,LOW,68.3025,42.56,21.5425,14.8425,21.1375,46.5325,17.5,52.5,39.2375,15.39,6.46,6.35,0,AVERAGE,MEDIUM_RISK
STU00365,EEE,F,2021,HIGH,84.66999999999999,50.0,24.076,14.468,24.416,63.815999999999995,40.2,110.6,61.282000000000004,25.742,8.96,8.03,0,EXCELLENT,LOW_RISK
STU00366,CSE,M,2023,HIGH,78.49166666666666,41.23,20.013333333333332,11.238333333333335,21.721666666666668,48.99666666666667,17.0,39.666666666666664,40.59166666666667,13.471666666666666,5.14,6.13,0,AVERAGE,MEDIUM_RISK
STU00367,MECH,F,2023,LOW,83.0125,49.605000000000004,18.1875,9.2075,24.985,70.77250000000001,26.5,78.5,66.52000000000001,30.4225,8.5,7.82,0,EXCELLENT,LOW_RISK
STU00368,EEE,F,2023,HIGH,67.12,48.45,21.85,11.775,25.0,47.945,18.5,23.5,43.335,31.064999999999998,6.05,6.46,0,AVERAGE,MEDIUM_RISK
STU00369,CIVIL,M,2023,MEDIUM,86.13199999999999,50.0,25.0,14.59,25.0,67.59,44.4,123.6,72.356,21.474,9.67,8.05,0,EXCELLENT,LOW_RISK
STU00370,EEE,F,2021,MEDIUM,84.11500000000001,50.0,25.0,15.0,23.64,72.53999999999999,48.5,85.0,65.455,35.46,9.15,8.46,0,EXCELLENT,LOW_RISK
STU00371,ECE,M,2022,HIGH,87.04833333333333,49.126666666666665,23.513333333333332,15.0,23.939999999999998,77.22166666666666,42.666666666666664,121.0,73.02,24.563333333333333,8.61,8.7,0,EXCELLENT,LOW_RISK
STU00372,CIVIL,F,2024,LOW,71.595,37.04666666666667,15.368333333333332,12.165,19.271666666666665,35.08166666666667,22.833333333333332,61.5,33.449999999999996,11.733333333333334,4.56,4.89,0,AT_RISK,HIGH_RISK
STU00373,EEE,M,2021,MEDIUM,78.75,48.19,25.0,14.64,25.0,69.045,24.5,89.0,58.94,29.045,8.82,8.35,0,EXCELLENT,LOW_RISK
STU00374,CSE,F,2021,LOW,91.14333333333333,50.0,24.613333333333333,14.92,25.0,80.25833333333334,46.333333333333336,116.0,89.315,35.88333333333333,9.36,8.66,0,EXCELLENT,LOW_RISK
STU00375,IT,M,2022,MEDIUM,83.82499999999999,50.0,21.384999999999998,14.870000000000001,22.555,66.345,36.5,96.5,66.32,16.28,7.45,8.4,0,GOOD,LOW_RISK
STU00376,CSE,F,2022,MEDIUM,65.752,36.263999999999996,11.258,7.688,15.447999999999999,30.238,3.2,15.8,12.424000000000001,2.984,5.49,4.53,0,AVERAGE,MEDIUM_RISK
STU00377,CSE,F,2024,LOW,73.834,47.3,20.009999999999998,13.056000000000001,24.652,60.168000000000006,33.8,78.0,39.906,18.728,8.55,7.3,0,EXCELLENT,LOW_RISK
STU00378,IT,M,2024,MEDIUM,82.67333333333333,49.81333333333333,24.781666666666666,12.163333333333334,25.0,71.16666666666667,31.333333333333332,128.0,77.35833333333333,34.38333333333333,8.77,8.09,0,EXCELLENT,LOW_RISK
STU00379,MECH,F,2021,LOW,85.61166666666666,50.0,24.291666666666668,12.565,24.606666666666666,61.09833333333333,59.833333333333336,111.83333333333333,71.82166666666667,32.08833333333334,7.31,7.53,0,GOOD,LOW_RISK
STU00380,MECH,F,2021,HIGH,67.835,45.21,21.725,15.0,18.427500000000002,41.237500000000004,20.5,48.75,43.152499999999996,10.7325,2.79,5.81,0,AT_RISK,HIGH_RISK
STU00381,CIVIL,M,2021,MEDIUM,87.9025,50.0,22.0375,15.0,23.9425,74.2775,29.75,92.0,65.5575,24.282500000000002,8.47,8.53,0,GOOD,LOW_RISK
STU00382,EEE,M,2024,MEDIUM,75.84,49.345,25.0,14.965,25.0,68.475,20.5,69.0,63.495,25.505,7.25,8.09,0,GOOD,LOW_RISK
STU00383,CIVIL,F,2021,LOW,70.78,50.0,23.54,12.405,21.075,45.135,23.25,45.75,48.879999999999995,13.245,6.99,6.7,0,AVERAGE,MEDIUM_RISK
STU00384,EEE,M,2023,HIGH,84.73333333333333,50.0,25.0,15.0,25.0,67.50333333333333,35.666666666666664,80.33333333333333,78.59333333333335,28.506666666666664,8.44,8.38,0,GOOD,LOW_RISK
STU00385,EEE,M,2022,HIGH,84.805,50.0,24.325,14.685,25.0,64.565,38.75,109.25,65.5775,30.3075,7.59,8.12,0,GOOD,LOW_RISK
STU00386,IT,F,2024,HIGH,90.42666666666666,50.0,25.0,14.046666666666667,25.0,53.32,52.0,109.66666666666667,68.59333333333333,26.88,6.79,7.44,0,AVERAGE,MEDIUM_RISK
STU00387,MECH,M,2022,HIGH,86.77666666666666,49.37833333333333,25.0,14.565,24.598333333333333,68.04166666666667,45.833333333333336,108.5,71.01166666666667,28.363333333333333,7.48,8.22,0,GOOD,LOW_RISK
STU00388,IT,F,2021,HIGH,83.54499999999999,50.0,25.0,15.0,25.0,77.7475,48.75,104.75,85.94,35.595,7.91,8.54,0,GOOD,LOW_RISK
STU00389,CIVIL,M,2021,LOW,75.33,41.24333333333333,16.62,9.716666666666667,21.423333333333332,46.77,22.0,47.333333333333336,24.94333333333333,21.18,5.89,5.81,0,AVERAGE,MEDIUM_RISK
STU00390,ECE,F,2022,HIGH,73.71000000000001,42.556,24.576,12.190000000000001,21.23,57.34400000000001,14.0,73.0,33.456,7.35,7.26,7.0,0,GOOD,LOW_RISK
STU00391,EEE,M,2023,LOW,85.4725,50.0,25.0,15.0,25.0,70.265,51.0,129.75,84.85249999999999,32.17,8.19,8.55,0,GOOD,LOW_RISK
STU00392,ECE,F,2023,LOW,58.18666666666667,49.21666666666667,21.933333333333334,13.143333333333333,20.78,55.75333333333333,20.666666666666668,58.0,34.72666666666667,15.600000000000001,7.26,7.03,0,GOOD,LOW_RISK
STU00393,MECH,F,2023,LOW,71.015,42.025,19.105,15.0,23.195,60.335,27.5,49.0,25.349999999999998,8.344999999999999,7.76,7.04,0,GOOD,LOW_RISK
STU00394,EEE,M,2024,MEDIUM,85.035,50.0,24.15,15.0,25.0,70.35,44.5,108.5,65.36,24.83,8.9,8.43,0,EXCELLENT,LOW_RISK
STU00395,IT,F,2023,MEDIUM,80.4,50.0,23.656,13.882,22.732,60.948,38.6,97.8,57.974000000000004,25.714,7.45,7.72,0,GOOD,LOW_RISK
STU00396,CIVIL,F,2022,MEDIUM,55.870000000000005,27.695,20.485,10.85,13.4,32.315,5.5,14.0,0.0,2.51,6.04,4.06,0,AVERAGE,MEDIUM_RISK
STU00397,MECH,M,2022,HIGH,74.578,37.528,23.572,11.681999999999999,22.546,70.606,23.6,46.6,34.354,16.272,7.28,7.05,0,GOOD,LOW_RISK
STU00398,IT,F,2022,HIGH,80.66666666666667,50.0,23.263333333333332,15.0,25.0,76.32666666666667,36.666666666666664,110.33333333333333,86.41666666666667,30.663333333333338,9.06,9.2,0,EXCELLENT,LOW_RISK
STU00399,EEE,F,2021,MEDIUM,79.65333333333332,50.0,25.0,11.589999999999998,24.263333333333332,70.44333333333333,41.333333333333336,96.66666666666667,67.47666666666667,22.63,8.3,8.36,0,GOOD,LOW_RISK
STU00400,CSE,M,2023,LOW,82.9375,50.0,24.795,14.66,24.2825,66.4375,35.75,92.75,66.59,34.917500000000004,8.03,8.24,0,GOOD,LOW_RISK
STU00401,CSE,M,2022,LOW,89.392,50.0,24.162,15.0,25.0,78.598,57.4,133.8,77.964,28.174,9.89,8.8,0,EXCELLENT,LOW_RISK
STU00402,CIVIL,M,2022,MEDIUM,88.704,50.0,24.869999999999997,15.0,25.0,66.76599999999999,42.0,121.2,73.638,29.256,8.08,7.75,0,GOOD,LOW_RISK
STU00403,ECE,M,2021,HIGH,58.004,33.038,18.026,8.884,16.014000000000003,22.060000000000002,0.2,4.0,8.16,7.172,5.06,3.91,0,AVERAGE,MEDIUM_RISK
STU00404,CIVIL,M,2022,MEDIUM,86.47200000000001,50.0,25.0,15.0,23.253999999999998,70.4,52.0,118.4,78.238,35.836,8.7,8.08,0,EXCELLENT,LOW_RISK
STU00405,CIVIL,F,2023,MEDIUM,77.80666666666667,45.086666666666666,16.76,13.833333333333334,23.62,54.596666666666664,28.666666666666668,70.66666666666667,49.76666666666667,22.80666666666667,6.81,7.1,0,AVERAGE,MEDIUM_RISK
STU00406,CIVIL,F,2021,MEDIUM,76.295,48.44,25.0,12.49,25.0,54.535,25.5,92.0,48.165,28.06,7.23,6.93,0,GOOD,LOW_RISK
STU00407,MECH,F,2024,LOW,61.8,32.772,11.918000000000001,9.744,17.804,41.62,8.8,35.6,17.328,14.976000000000003,6.38,5.24,0,AVERAGE,MEDIUM_RISK
STU00408,CSE,M,2023,LOW,77.09200000000001,49.68,22.928,14.330000000000002,23.012,63.58,43.4,94.0,61.7,24.003999999999998,6.98,7.7,0,AVERAGE,MEDIUM_RISK
STU00409,MECH,F,2022,MEDIUM,86.42166666666667,49.20666666666667,24.180000000000003,14.645000000000001,23.23,71.12666666666667,43.333333333333336,103.5,77.00166666666667,38.736666666666665,8.23,8.31,0,GOOD,LOW_RISK
STU00410,CIVIL,M,2023,MEDIUM,80.57249999999999,50.0,24.69,13.95,23.622500000000002,57.3075,52.25,82.75,64.395,28.052500000000002,7.58,7.83,0,GOOD,LOW_RISK
STU00411,CIVIL,F,2022,HIGH,72.834,41.257999999999996,23.7,14.896,22.918,42.333999999999996,25.4,44.8,33.124,9.564,6.08,5.96,0,AVERAGE,MEDIUM_RISK
STU00412,ECE,F,2021,HIGH,85.5475,50.0,25.0,15.0,25.0,67.59,38.0,123.75,69.3675,26.0975,8.49,8.26,0,GOOD,LOW_RISK
STU00413,EEE,M,2021,MEDIUM,66.41,47.45,23.45,8.459999999999999,20.495,48.71,24.0,67.5,49.365,11.105,6.99,6.68,0,AVERAGE,MEDIUM_RISK
STU00414,CSE,M,2022,HIGH,76.29249999999999,48.015,23.7625,13.165,24.2975,55.427499999999995,36.0,86.0,47.879999999999995,17.4225,6.83,7.36,0,AVERAGE,MEDIUM_RISK
STU00415,CSE,F,2024,MEDIUM,92.43666666666667,50.0,25.0,11.946666666666667,23.656666666666666,66.67333333333333,37.333333333333336,94.33333333333333,87.38333333333333,29.793333333333333,8.22,7.85,0,GOOD,LOW_RISK
STU00416,CSE,F,2021,LOW,70.966,42.730000000000004,17.524,11.586,18.438,40.178,15.6,15.6,31.48,16.14,5.56,5.64,0,AVERAGE,MEDIUM_RISK
STU00417,CSE,F,2024,HIGH,100.0,50.0,25.0,15.0,25.0,70.725,67.5,155.0,75.11500000000001,35.085,6.97,7.5,0,AVERAGE,MEDIUM_RISK
STU00418,ECE,M,2022,LOW,72.21499999999999,39.50666666666667,20.976666666666667,11.985,18.978333333333335,51.085,19.833333333333332,35.833333333333336,26.125,10.493333333333334,6.07,6.11,0,AVERAGE,MEDIUM_RISK
STU00419,MECH,F,2024,MEDIUM,78.47333333333334,43.98666666666667,15.88,14.376666666666667,18.30666666666667,40.78666666666667,19.333333333333332,62.0,29.5,24.14,6.08,6.01,0,AVERAGE,MEDIUM_RISK
STU00420,EEE,M,2022,LOW,81.13499999999999,49.92,18.555,10.85,25.0,56.690000000000005,26.0,74.0,49.76,18.29,6.78,7.34,0,AVERAGE,MEDIUM_RISK
STU00421,EEE,M,2021,MEDIUM,62.34166666666667,32.655,21.128333333333334,10.275,17.87,42.445,6.833333333333333,35.833333333333336,29.055000000000003,10.840000000000002,5.02,5.65,1,AVERAGE,MEDIUM_RISK
STU00422,CSE,F,2021,HIGH,89.7525,49.707499999999996,25.0,15.0,25.0,74.2475,45.5,139.25,77.22,31.542499999999997,8.43,8.17,0,GOOD,LOW_RISK
STU00423,EEE,F,2023,HIGH,74.425,44.305,14.295000000000002,10.495000000000001,24.369999999999997,59.345,22.5,42.0,43.78,27.18,7.58,7.14,0,GOOD,LOW_RISK
STU00424,ECE,M,2022,LOW,86.616,50.0,23.634,14.1,24.82,75.522,45.8,151.2,78.758,30.863999999999997,9.05,8.57,0,EXCELLENT,LOW_RISK
STU00425,CSE,M,2023,LOW,71.82333333333334,47.97833333333333,19.646666666666665,14.381666666666666,24.72,49.958333333333336,27.0,54.5,40.715,12.383333333333333,6.52,6.97,0,AVERAGE,MEDIUM_RISK
STU00426,MECH,M,2021,LOW,75.53,49.16,20.673333333333332,12.796666666666667,25.0,82.25,36.0,90.66666666666667,44.28333333333333,23.213333333333335,9.31,8.56,0,EXCELLENT,LOW_RISK
STU00427,CSE,F,2023,LOW,65.10666666666667,48.68,20.986666666666668,14.736666666666666,18.83,42.10333333333333,12.0,17.666666666666668,31.256666666666664,10.71,7.18,6.46,0,GOOD,LOW_RISK
STU00428,EEE,F,2023,LOW,100.0,50.0,25.0,15.0,25.0,78.945,48.0,97.5,93.5,25.174999999999997,8.0,8.78,0,GOOD,LOW_RISK
STU00429,IT,M,2023,HIGH,75.042,49.763999999999996,24.946,14.613999999999999,23.836000000000002,76.976,24.4,89.2,57.386,24.046,8.32,8.46,0,GOOD,LOW_RISK
STU00430,MECH,M,2024,HIGH,75.94,50.0,25.0,13.229999999999999,25.0,67.48333333333333,30.333333333333332,90.66666666666667,54.913333333333334,27.643333333333334,7.15,7.98,0,GOOD,LOW_RISK
STU00431,CIVIL,F,2022,LOW,74.03999999999999,48.2625,21.485,13.1425,23.595,62.07,31.0,83.75,60.17,18.544999999999998,7.38,7.32,0,GOOD,LOW_RISK
STU00432,EEE,M,2024,LOW,58.0125,30.78,16.3925,7.89,17.5825,36.2725,10.0,3.25,11.6525,8.907499999999999,4.06,4.72,0,AT_RISK,HIGH_RISK
STU00433,EEE,M,2021,MEDIUM,76.8875,47.96,23.8525,10.83,23.1675,53.7475,22.5,86.25,39.4925,18.2275,7.96,7.04,0,GOOD,LOW_RISK
STU00434,EEE,M,2024,MEDIUM,75.95666666666666,40.45333333333333,18.959999999999997,15.0,20.24,46.91,24.333333333333332,63.333333333333336,32.4,6.283333333333334,6.95,5.94,0,AVERAGE,MEDIUM_RISK
STU00435,MECH,M,2024,MEDIUM,85.59666666666668,50.0,24.833333333333332,15.0,24.796666666666667,67.08666666666666,46.666666666666664,82.0,56.443333333333335,26.043333333333333,8.32,8.02,0,GOOD,LOW_RISK
STU00436,ECE,M,2024,LOW,77.56666666666666,48.85333333333333,25.0,14.526666666666666,22.63,57.873333333333335,23.0,86.66666666666667,52.21,30.336666666666662,8.04,7.5,0,GOOD,LOW_RISK
STU00437,CSE,F,2021,MEDIUM,88.26666666666667,50.0,25.0,14.643333333333333,25.0,63.504999999999995,50.0,112.33333333333333,71.73333333333333,27.043333333333333,8.23,7.88,0,GOOD,LOW_RISK
STU00438,CIVIL,F,2021,MEDIUM,72.88333333333333,50.0,21.393333333333334,15.0,18.87666666666667,53.29666666666666,26.0,89.33333333333333,64.61666666666666,29.61,7.04,7.18,0,GOOD,LOW_RISK
STU00439,EEE,M,2022,LOW,72.565,48.89,25.0,11.98,25.0,47.605000000000004,19.5,95.0,62.43000000000001,19.795,7.27,7.16,0,GOOD,LOW_RISK
STU00440,ECE,F,2022,MEDIUM,86.31166666666667,50.0,25.0,14.088333333333333,24.755,76.85833333333333,43.5,103.66666666666667,68.43166666666667,27.96666666666667,8.69,8.54,0,EXCELLENT,LOW_RISK
STU00441,CSE,M,2022,MEDIUM,84.675,50.0,25.0,15.0,25.0,73.195,36.0,118.5,58.315,24.095000000000002,8.06,8.43,0,GOOD,LOW_RISK
STU00442,CSE,F,2023,HIGH,78.34,50.0,25.0,8.82,25.0,68.08500000000001,47.0,71.0,69.065,18.69,7.94,8.13,0,GOOD,LOW_RISK
STU00443,IT,F,2022,HIGH,80.7875,44.5025,24.235,14.2375,24.48,60.6275,32.0,74.0,66.91,15.1225,7.3,7.12,0,GOOD,LOW_RISK
STU00444,CIVIL,M,2023,MEDIUM,91.556,50.0,25.0,13.930000000000001,25.0,83.03999999999999,53.4,155.2,90.136,32.672000000000004,9.5,9.04,0,EXCELLENT,LOW_RISK
STU00445,CIVIL,F,2023,LOW,69.73333333333333,34.63333333333333,20.82,7.8933333333333335,16.580000000000002,43.23333333333333,16.333333333333332,20.666666666666668,13.703333333333333,21.38,5.14,6.06,0,AVERAGE,MEDIUM_RISK
STU00446,MECH,F,2022,MEDIUM,64.06333333333333,46.586666666666666,19.87666666666667,15.0,18.276666666666667,55.21333333333333,23.0,81.66666666666667,41.666666666666664,19.36,6.73,6.87,0,AVERAGE,MEDIUM_RISK
STU00447,MECH,F,2024,HIGH,83.965,50.0,25.0,14.625,25.0,80.25999999999999,44.0,133.0,79.39500000000001,32.96,8.67,8.48,0,EXCELLENT,LOW_RISK
STU00448,CIVIL,F,2023,LOW,74.99166666666666,39.830000000000005,17.325,12.64,19.778333333333332,45.711666666666666,19.166666666666668,46.666666666666664,27.635,11.003333333333332,7.19,6.05,0,GOOD,LOW_RISK
STU00449,EEE,M,2021,LOW,77.99600000000001,48.416000000000004,22.68,15.0,24.942,60.772000000000006,29.2,81.6,58.858000000000004,26.312,7.58,7.52,0,GOOD,LOW_RISK
STU00450,EEE,F,2021,LOW,78.07249999999999,48.0675,23.07,13.8575,23.487499999999997,54.1575,41.25,81.0,42.615,20.0625,7.5,7.19,0,GOOD,LOW_RISK
STU00451,ECE,F,2023,HIGH,78.935,50.0,18.735,15.0,25.0,52.3,23.0,91.0,64.31,20.295,7.16,7.32,0,GOOD,LOW_RISK
STU00452,CSE,F,2024,MEDIUM,73.11,40.739999999999995,22.594,12.596,19.234,51.14,18.0,66.6,37.756,15.66,6.57,6.1,0,AVERAGE,MEDIUM_RISK
STU00453,IT,F,2021,LOW,92.25999999999999,47.15,25.0,15.0,25.0,72.37,39.666666666666664,115.0,69.84333333333333,28.44333333333333,8.45,8.13,0,GOOD,LOW_RISK
STU00454,CSE,M,2022,LOW,69.69200000000001,45.288,22.369999999999997,14.136000000000001,21.338,45.2,39.0,64.8,40.134,23.330000000000002,8.36,6.32,0,GOOD,LOW_RISK
STU00455,IT,M,2024,MEDIUM,54.629999999999995,27.035,13.620000000000001,1.935,17.66,26.515,0.0,14.5,16.82,2.255,3.77,3.87,1,AT_RISK,HIGH_RISK
STU00456,MECH,M,2022,LOW,75.02999999999999,42.876666666666665,21.23,9.459999999999999,17.93,52.00333333333333,25.333333333333332,57.0,16.790000000000003,10.456666666666665,4.69,6.6,1,AT_RISK,HIGH_RISK
STU00457,CIVIL,M,2023,MEDIUM,82.855,49.379999999999995,25.0,13.855,21.54,61.239999999999995,27.5,90.0,66.11500000000001,29.07,7.42,7.72,0,GOOD,LOW_RISK
STU00458,MECH,M,2021,HIGH,82.41333333333334,50.0,25.0,15.0,25.0,71.50666666666666,65.66666666666667,123.33333333333333,80.19333333333333,32.38333333333333,8.44,8.79,0,GOOD,LOW_RISK
STU00459,CSE,M,2022,MEDIUM,68.955,46.435,24.0,15.0,20.53,54.815,27.5,75.0,27.125,14.485,6.55,6.99,0,AVERAGE,MEDIUM_RISK
STU00460,IT,M,2024,MEDIUM,71.92,44.45,24.23,11.59,25.0,79.75,52.0,113.5,64.63,21.189999999999998,7.0,8.24,0,AVERAGE,MEDIUM_RISK
STU00461,MECH,F,2021,HIGH,96.45333333333333,50.0,25.0,15.0,25.0,92.18666666666667,48.333333333333336,135.33333333333334,99.78000000000002,44.673333333333325,10.0,9.52,0,EXCELLENT,LOW_RISK
STU00462,CSE,M,2023,HIGH,72.58833333333332,49.653333333333336,23.785,13.196666666666667,24.66,63.495000000000005,34.0,66.33333333333333,57.791666666666664,20.735,7.63,7.81,0,GOOD,LOW_RISK
STU00463,EEE,M,2022,HIGH,80.515,43.525,24.393333333333334,12.171666666666667,24.616666666666664,53.865,32.0,62.333333333333336,50.958333333333336,21.600000000000005,6.02,6.86,0,AVERAGE,MEDIUM_RISK
STU00464,IT,F,2024,HIGH,76.43666666666667,50.0,25.0,15.0,25.0,75.47,25.666666666666668,95.66666666666667,71.16333333333334,23.736666666666668,9.15,8.93,0,EXCELLENT,LOW_RISK
STU00465,ECE,M,2024,HIGH,64.33666666666666,45.303333333333335,19.236666666666665,13.049999999999999,21.393333333333334,50.03333333333333,15.666666666666666,46.666666666666664,38.026666666666664,17.823333333333334,7.66,6.81,0,GOOD,LOW_RISK
STU00466,CIVIL,M,2024,HIGH,84.455,45.629999999999995,23.275,11.485,25.0,56.995000000000005,35.0,132.0,67.86,22.28,7.35,6.99,0,GOOD,LOW_RISK
STU00467,MECH,M,2021,HIGH,93.69666666666666,50.0,25.0,15.0,25.0,87.17,56.0,154.66666666666666,98.90333333333332,35.336666666666666,9.56,9.48,0,EXCELLENT,LOW_RISK
STU00468,MECH,M,2023,MEDIUM,78.4475,37.25,23.822499999999998,8.625,20.0175,44.260000000000005,20.75,27.75,21.4575,7.25,6.32,5.49,0,AVERAGE,MEDIUM_RISK
STU00469,IT,F,2023,MEDIUM,76.096,50.0,19.985999999999997,13.446000000000002,23.222,57.604,34.2,74.0,43.626,17.348,7.16,7.69,0,GOOD,LOW_RISK
STU00470,MECH,M,2023,LOW,76.8175,48.7625,23.775,14.39,25.0,61.065,18.25,65.75,52.4725,19.17,6.58,7.64,0,AVERAGE,MEDIUM_RISK
STU00471,IT,F,2021,HIGH,90.82499999999999,50.0,25.0,15.0,24.865000000000002,82.445,68.5,165.5,91.1,43.44,8.34,8.58,0,GOOD,LOW_RISK
STU00472,MECH,M,2021,MEDIUM,62.18000000000001,37.955,17.635,13.375,21.985,56.519999999999996,37.5,59.5,36.445,23.935,7.4,6.25,0,GOOD,LOW_RISK
STU00473,CIVIL,F,2022,MEDIUM,76.74333333333334,45.20666666666667,17.636666666666667,14.743333333333334,23.849999999999998,45.79,25.666666666666668,45.666666666666664,42.17666666666667,19.083333333333332,6.19,6.17,0,AVERAGE,MEDIUM_RISK
STU00474,EEE,F,2022,HIGH,75.48,50.0,22.8675,14.8225,24.245,67.89500000000001,45.0,102.75,64.10000000000001,28.985,7.83,7.7,0,GOOD,LOW_RISK
STU00475,ECE,M,2023,LOW,72.01,39.858333333333334,22.209999999999997,9.886666666666667,24.0,44.70666666666667,22.5,53.333333333333336,35.196666666666665,15.698333333333332,6.21,5.95,0,AVERAGE,MEDIUM_RISK
STU00476,CSE,F,2024,HIGH,74.50833333333333,48.14666666666667,22.866666666666664,12.623333333333333,22.608333333333334,52.97666666666667,28.5,68.66666666666667,36.365,16.963333333333335,6.73,7.06,0,AVERAGE,MEDIUM_RISK
STU00477,CIVIL,F,2024,LOW,61.82666666666666,28.508333333333336,16.87,8.048333333333334,15.331666666666665,36.62166666666667,0.6666666666666666,8.166666666666666,3.6,8.84,5.7,4.48,0,AVERAGE,MEDIUM_RISK
STU00478,ECE,F,2021,HIGH,78.085,48.08166666666667,18.296666666666667,13.854999999999999,20.991666666666667,56.875,27.5,88.0,50.93,20.111666666666668,5.73,7.2,0,AVERAGE,MEDIUM_RISK
STU00479,MECH,M,2021,HIGH,86.15,50.0,25.0,14.4,25.0,80.0225,45.5,108.0,86.02250000000001,29.3875,8.05,8.64,0,GOOD,LOW_RISK
STU00480,CIVIL,M,2024,LOW,61.775000000000006,32.5925,9.0425,9.0175,20.365000000000002,40.0175,1.25,15.25,17.35,4.7075000000000005,5.78,5.28,0,AVERAGE,MEDIUM_RISK
STU00481,MECH,M,2023,HIGH,78.905,50.0,25.0,15.0,24.475,76.585,33.0,83.5,63.334999999999994,38.545,7.69,8.76,0,GOOD,LOW_RISK
STU00482,IT,F,2022,HIGH,69.02,50.0,19.996666666666666,11.799999999999999,21.846666666666664,57.84,24.666666666666668,65.66666666666667,52.440000000000005,12.906666666666666,7.79,7.45,0,GOOD,LOW_RISK
STU00483,MECH,M,2021,MEDIUM,80.37333333333333,46.16,24.073333333333334,13.473333333333334,25.0,61.04333333333333,37.333333333333336,121.66666666666667,45.51,15.716666666666667,8.0,7.69,0,GOOD,LOW_RISK
STU00484,CIVIL,M,2021,HIGH,73.78166666666667,46.754999999999995,23.95,12.531666666666666,23.853333333333335,55.593333333333334,30.833333333333332,90.5,52.36333333333334,21.148333333333333,5.73,7.22,0,AVERAGE,MEDIUM_RISK
STU00485,EEE,F,2024,LOW,75.96799999999999,49.262,19.206,14.190000000000001,23.48,59.608000000000004,29.0,68.6,53.674,24.084,7.31,7.34,0,GOOD,LOW_RISK
STU00486,ECE,M,2021,MEDIUM,78.77666666666666,50.0,22.28333333333333,13.160000000000002,25.0,72.96333333333332,41.0,107.33333333333333,61.403333333333336,23.66,9.28,8.44,0,EXCELLENT,LOW_RISK
STU00487,MECH,M,2023,LOW,91.20666666666666,48.79333333333333,25.0,15.0,25.0,77.5,50.0,143.66666666666666,81.36,33.25333333333334,8.02,8.77,0,GOOD,LOW_RISK
STU00488,ECE,M,2024,MEDIUM,77.58500000000001,50.0,25.0,15.0,25.0,80.05,49.5,159.5,76.71000000000001,38.055,8.77,8.98,0,EXCELLENT,LOW_RISK
STU00489,EEE,M,2022,HIGH,68.33,39.480000000000004,20.627499999999998,8.73,19.4075,39.6825,16.25,57.25,14.934999999999999,13.647499999999999,5.18,5.34,0,AVERAGE,MEDIUM_RISK
STU00490,EEE,M,2024,HIGH,77.66833333333334,45.865,21.986666666666668,12.013333333333334,24.251666666666665,54.23,26.0,68.16666666666667,50.60166666666667,19.131666666666664,6.55,6.84,0,AVERAGE,MEDIUM_RISK
STU00491,EEE,F,2024,MEDIUM,76.725,48.295,17.175,15.0,22.845,82.325,35.0,42.5,46.06,28.61,7.58,7.74,0,GOOD,LOW_RISK
STU00492,CIVIL,M,2023,MEDIUM,74.29333333333334,44.306666666666665,24.453333333333333,12.76,25.0,64.57666666666667,37.333333333333336,60.0,49.43333333333334,22.896666666666665,7.9,7.15,0,GOOD,LOW_RISK
STU00493,IT,F,2021,LOW,68.296,42.118,23.387999999999998,14.022,22.433999999999997,57.646,27.2,63.6,35.736000000000004,10.774,8.7,6.7,0,EXCELLENT,LOW_RISK
STU00494,CSE,F,2024,MEDIUM,71.07833333333333,44.51333333333333,19.52,13.621666666666668,19.53833333333333,40.1,17.666666666666668,47.0,34.961666666666666,12.258333333333333,6.46,5.96,0,AVERAGE,MEDIUM_RISK
STU00495,MECH,F,2023,MEDIUM,70.86500000000001,39.4375,21.055,8.7625,21.39,45.245,10.5,45.0,39.115,10.685,4.72,5.68,0,AT_RISK,HIGH_RISK
STU00496,IT,M,2024,LOW,87.675,50.0,25.0,15.0,25.0,62.900000000000006,46.0,144.0,65.0,31.585,6.83,7.47,0,AVERAGE,MEDIUM_RISK
STU00497,CSE,M,2024,HIGH,93.435,48.605000000000004,25.0,14.1,25.0,52.545,32.5,63.0,53.14,24.89,7.37,7.26,0,GOOD,LOW_RISK
STU00498,CIVIL,M,2024,MEDIUM,76.52,50.0,25.0,15.0,20.045,60.71,23.5,60.5,53.150000000000006,3.88,7.73,7.67,0,GOOD,LOW_RISK
STU00499,EEE,M,2023,MEDIUM,81.74000000000001,48.04,25.0,12.315,25.0,68.94,46.0,75.0,75.19,35.65,8.18,7.72,0,GOOD,LOW_RISK
STU00500,MECH,F,2021,LOW,88.56,50.0,25.0,15.0,25.0,74.85,56.25,121.5,89.6925,36.4775,8.84,8.56,0,EXCELLENT,LOW_RISK
STU00501,CSE,M,2024,MEDIUM,62.42666666666667,25.53333333333333,14.483333333333334,10.003333333333332,12.829999999999998,33.42,10.333333333333334,28.333333333333332,3.0399999999999996,10.566666666666666,2.86,4.03,2,AT_RISK,HIGH_RISK
STU00502,CIVIL,M,2021,HIGH,82.8075,45.9025,25.0,13.155,23.4975,56.57,30.75,81.0,56.865,15.8125,6.11,7.08,0,AVERAGE,MEDIUM_RISK
STU00503,CSE,F,2022,HIGH,87.33,50.0,20.733333333333334,14.803333333333333,24.838333333333335,70.95,43.666666666666664,131.83333333333334,76.09166666666667,30.478333333333335,8.23,8.17,0,GOOD,LOW_RISK
STU00504,CSE,F,2021,MEDIUM,78.47,49.836666666666666,24.186666666666667,13.706666666666665,21.11,45.31,49.333333333333336,82.33333333333333,63.04,17.996666666666666,7.34,6.74,0,GOOD,LOW_RISK
STU00505,EEE,F,2022,HIGH,79.34666666666666,47.20333333333334,23.78333333333333,14.49,24.893333333333334,41.71666666666667,26.0,32.333333333333336,46.42666666666667,17.209999999999997,5.08,5.4,0,AVERAGE,MEDIUM_RISK
STU00506,EEE,M,2021,MEDIUM,83.01333333333334,49.67166666666666,22.753333333333334,14.99,24.736666666666665,64.10666666666667,35.0,94.83333333333333,57.199999999999996,25.176666666666666,8.39,7.68,0,GOOD,LOW_RISK
STU00507,ECE,F,2024,LOW,86.342,47.338,25.0,14.741999999999999,25.0,70.13,46.2,97.0,70.78399999999999,24.656,9.21,7.96,0,EXCELLENT,LOW_RISK
STU00508,IT,M,2021,LOW,74.40599999999999,45.06,23.512,12.318000000000001,22.606,57.18399999999999,31.0,87.0,36.368,14.142,7.45,7.14,0,GOOD,LOW_RISK
STU00509,EEE,F,2022,LOW,82.53999999999999,48.648,24.298000000000002,14.692000000000002,24.582,51.802,37.8,79.6,53.812,18.119999999999997,7.92,7.08,0,GOOD,LOW_RISK
STU00510,IT,F,2024,HIGH,79.16333333333334,50.0,23.548333333333332,13.533333333333333,24.641666666666666,50.31666666666666,35.666666666666664,101.33333333333333,54.839999999999996,21.798333333333332,7.41,7.13,0,GOOD,LOW_RISK
STU00511,CSE,M,2024,MEDIUM,85.89500000000001,49.89,25.0,15.0,25.0,80.0,58.5,116.0,73.58500000000001,25.345,9.28,9.28,0,EXCELLENT,LOW_RISK
STU00512,ECE,M,2023,HIGH,88.07499999999999,50.0,24.015,15.0,24.38,60.345,38.666666666666664,73.5,72.41666666666667,30.106666666666666,9.19,7.55,0,EXCELLENT,LOW_RISK
STU00513,EEE,F,2021,MEDIUM,80.64,49.89833333333333,24.566666666666666,14.905000000000001,23.811666666666667,67.99166666666667,38.666666666666664,120.16666666666667,70.885,25.686666666666667,8.88,8.08,0,EXCELLENT,LOW_RISK
STU00514,EEE,M,2024,LOW,80.60499999999999,43.275,20.865000000000002,13.129999999999999,25.0,40.23,13.0,52.5,45.489999999999995,11.535,6.61,6.04,0,AVERAGE,MEDIUM_RISK
STU00515,CIVIL,M,2024,HIGH,84.465,50.0,21.7625,15.0,25.0,65.595,45.25,98.0,78.4375,41.1925,8.39,8.07,0,GOOD,LOW_RISK
STU00516,IT,M,2021,MEDIUM,80.29666666666667,49.72666666666667,24.881666666666664,14.25,25.0,70.09333333333333,37.833333333333336,101.5,66.95,29.58666666666667,8.11,7.84,0,GOOD,LOW_RISK
STU00517,MECH,F,2022,HIGH,91.345,50.0,25.0,15.0,25.0,60.39,55.0,146.0,98.505,40.42,7.1,7.43,0,GOOD,LOW_RISK
STU00518,CSE,M,2023,HIGH,76.898,38.624,21.488,11.908,15.690000000000001,51.802,25.0,61.2,41.218,21.746,6.8,5.87,0,AVERAGE,MEDIUM_RISK
STU00519,IT,F,2023,LOW,62.989999999999995,13.629999999999999,12.525,10.78,13.33,31.259999999999998,0.0,13.0,5.585,10.695,3.53,2.95,2,AT_RISK,HIGH_RISK
STU00520,CIVIL,F,2024,LOW,65.014,31.518,17.886000000000003,9.308,20.57,44.814,13.4,17.6,15.536000000000001,6.104,3.76,5.09,1,AT_RISK,HIGH_RISK
STU00521,MECH,M,2021,HIGH,92.02,50.0,25.0,15.0,25.0,68.35499999999999,42.0,86.0,50.92,16.035,8.19,7.73,0,GOOD,LOW_RISK
STU00522,ECE,M,2023,LOW,73.15666666666667,41.830000000000005,25.0,12.74,24.723333333333333,52.553333333333335,8.0,54.0,47.85666666666666,15.030000000000001,6.86,6.81,0,AVERAGE,MEDIUM_RISK
STU00523,MECH,M,2024,HIGH,75.4,50.0,25.0,15.0,25.0,71.25999999999999,53.0,86.0,65.11,23.985,8.53,8.06,0,EXCELLENT,LOW_RISK
STU00524,CSE,F,2024,LOW,61.705,28.555,16.515,15.0,21.939999999999998,44.325,15.5,75.5,30.0,8.745000000000001,6.11,5.07,0,AVERAGE,MEDIUM_RISK
STU00525,CSE,M,2021,LOW,63.572500000000005,38.74,13.817499999999999,7.825,17.994999999999997,35.625,12.25,37.25,17.11,12.965,6.32,5.29,0,AVERAGE,MEDIUM_RISK
STU00526,MECH,F,2023,MEDIUM,83.48400000000001,49.33,24.826,14.713999999999999,22.886000000000003,70.06,45.8,124.4,79.896,25.416,8.87,8.36,0,EXCELLENT,LOW_RISK
STU00527,EEE,F,2021,MEDIUM,97.85499999999999,49.83,24.439999999999998,13.615,24.34,86.845,36.5,81.0,63.68,23.63,9.04,9.04,0,EXCELLENT,LOW_RISK
STU00528,IT,F,2021,LOW,72.3575,32.87,13.58,4.6575,11.067499999999999,31.945,0.0,16.0,15.4575,5.3575,4.07,4.52,2,AT_RISK,HIGH_RISK
STU00529,CIVIL,M,2024,MEDIUM,62.69333333333333,29.76,21.706666666666667,10.65,8.906666666666666,39.13666666666666,20.0,19.333333333333332,5.72,8.583333333333334,4.51,5.1,1,AT_RISK,HIGH_RISK
STU00530,MECH,M,2022,HIGH,85.28399999999999,47.94,22.192,14.35,23.738,65.146,40.8,87.0,58.870000000000005,19.660000000000004,7.35,7.57,0,GOOD,LOW_RISK
STU00531,ECE,M,2021,HIGH,71.422,45.738,21.613999999999997,10.894,19.726000000000003,60.126,26.2,53.8,18.09,14.112,7.01,7.38,0,GOOD,LOW_RISK
STU00532,MECH,F,2024,HIGH,79.60833333333333,49.958333333333336,23.55,14.535000000000002,23.581666666666667,72.29333333333334,40.0,82.5,60.88833333333333,18.735,7.67,8.23,0,GOOD,LOW_RISK
STU00533,IT,M,2024,MEDIUM,74.014,46.292,21.182,11.916,23.266,43.11,28.4,68.8,46.732,11.494,6.14,6.4,0,AVERAGE,MEDIUM_RISK
STU00534,MECH,F,2021,MEDIUM,72.938,37.034,16.558,11.9,19.912,47.476,20.6,32.4,23.48,19.53,4.29,5.83,0,AT_RISK,HIGH_RISK
STU00535,ECE,M,2022,HIGH,85.715,40.394999999999996,23.0,15.0,25.0,60.015,22.0,86.0,62.36,23.455,7.3,7.2,0,GOOD,LOW_RISK
STU00536,MECH,F,2023,HIGH,77.3625,46.75,24.1075,13.6275,22.6725,64.4875,40.0,69.75,43.01,16.245,9.33,7.39,0,EXCELLENT,LOW_RISK
STU00537,MECH,M,2022,LOW,68.90799999999999,45.048,23.346,10.325999999999999,20.866,50.376,27.6,77.4,43.948,20.292,6.65,6.81,0,AVERAGE,MEDIUM_RISK
STU00538,CIVIL,M,2023,MEDIUM,70.71000000000001,36.504,21.394,13.062000000000001,23.314,62.105999999999995,31.4,54.0,46.564,11.898,6.07,7.18,0,AVERAGE,MEDIUM_RISK
STU00539,EEE,M,2022,HIGH,68.33,38.174,19.752000000000002,12.338,16.528,40.384,7.6,23.2,16.791999999999998,13.642000000000001,6.86,5.37,0,AVERAGE,MEDIUM_RISK
STU00540,ECE,M,2023,LOW,83.53333333333335,50.0,21.973333333333333,14.006666666666668,25.0,69.12333333333333,37.0,116.33333333333333,60.645,30.545,7.98,7.88,0,GOOD,LOW_RISK
STU00541,CSE,F,2024,HIGH,63.46,40.08,22.82,11.23,21.675,51.65,19.0,50.75,35.5325,16.875,5.61,6.0,0,AVERAGE,MEDIUM_RISK
STU00542,CIVIL,M,2024,HIGH,73.9825,40.9425,16.695,15.0,24.4075,46.09,18.5,40.5,46.25,15.852500000000001,5.68,5.53,0,AVERAGE,MEDIUM_RISK
STU00543,CSE,M,2022,MEDIUM,89.4075,50.0,25.0,15.0,25.0,78.44,45.75,119.75,72.86500000000001,34.725,8.77,8.76,0,EXCELLENT,LOW_RISK
STU00544,CIVIL,F,2021,HIGH,81.05666666666666,46.696666666666665,25.0,12.793333333333335,24.099999999999998,58.919999999999995,30.666666666666668,80.0,58.10333333333333,23.596666666666664,7.56,7.59,0,GOOD,LOW_RISK
STU00545,CSE,F,2021,LOW,80.065,50.0,20.46,15.0,22.740000000000002,49.185,43.0,114.5,48.59,25.105,6.02,6.75,0,AVERAGE,MEDIUM_RISK
STU00546,MECH,F,2023,LOW,74.33,44.07,16.3,6.866666666666667,20.68,46.24333333333334,17.666666666666668,35.333333333333336,21.48,11.333333333333334,6.77,6.47,0,AVERAGE,MEDIUM_RISK
STU00547,MECH,F,2024,HIGH,64.64333333333333,39.46333333333333,14.546666666666667,11.62,14.536666666666667,35.306666666666665,12.0,33.0,21.95,9.496666666666666,4.96,5.46,0,AT_RISK,HIGH_RISK
STU00548,IT,M,2021,HIGH,79.62166666666667,49.43833333333333,24.08,13.69,23.85166666666667,56.080000000000005,31.0,83.83333333333333,62.24666666666667,26.80666666666667,7.54,7.61,0,GOOD,LOW_RISK
STU00549,MECH,F,2024,LOW,70.775,39.56,23.015,12.3375,21.5175,51.7575,20.25,66.25,29.425,17.33,7.11,6.48,0,GOOD,LOW_RISK
STU00550,CIVIL,M,2023,MEDIUM,69.79,37.6325,21.8975,10.6875,19.060000000000002,39.2975,18.0,64.5,39.3825,16.055,5.28,5.62,0,AVERAGE,MEDIUM_RISK
STU00551,ECE,M,2023,LOW,92.014,50.0,25.0,15.0,25.0,74.134,52.6,169.6,85.6,40.954,9.23,8.56,0,EXCELLENT,LOW_RISK
STU00552,MECH,M,2022,LOW,60.532000000000004,29.25,13.916,9.892,12.87,32.0,8.8,0.0,8.394,4.4079999999999995,3.18,4.46,1,AT_RISK,HIGH_RISK
STU00553,IT,F,2021,MEDIUM,79.332,45.138,22.588,13.744,24.644,60.534000000000006,21.6,57.8,51.443999999999996,24.798000000000002,6.72,7.39,0,AVERAGE,MEDIUM_RISK
STU00554,CSE,M,2024,LOW,76.22,45.225,21.599999999999998,13.413333333333334,21.709999999999997,45.916666666666664,22.666666666666668,62.5,34.345,16.078333333333333,6.57,6.64,0,AVERAGE,MEDIUM_RISK
STU00555,CSE,M,2024,HIGH,82.42666666666666,49.17333333333334,24.401666666666667,14.443333333333333,23.563333333333333,70.425,31.333333333333332,83.16666666666667,65.43666666666667,27.936666666666667,8.0,8.05,0,GOOD,LOW_RISK
STU00556,ECE,M,2022,MEDIUM,87.09333333333332,50.0,25.0,14.543333333333335,23.349999999999998,57.23,39.333333333333336,77.33333333333333,48.48,14.83,6.99,6.99,0,AVERAGE,MEDIUM_RISK
STU00557,IT,M,2023,HIGH,82.512,49.874,23.066,13.815999999999999,25.0,79.592,38.0,124.0,63.168000000000006,34.215999999999994,8.24,8.75,0,GOOD,LOW_RISK
STU00558,ECE,F,2021,HIGH,95.4525,49.6825,25.0,15.0,23.56,69.025,45.75,100.75,76.7425,27.86,6.77,8.05,0,AVERAGE,MEDIUM_RISK
STU00559,ECE,M,2024,MEDIUM,75.715,50.0,18.71,9.395,22.005000000000003,65.515,11.5,29.5,31.4,20.535,8.0,8.26,0,GOOD,LOW_RISK
STU00560,ECE,F,2023,HIGH,87.86166666666666,48.93833333333333,23.498333333333335,14.526666666666666,24.753333333333334,64.86166666666666,39.166666666666664,103.66666666666667,66.73,33.92666666666667,8.76,7.94,0,EXCELLENT,LOW_RISK
STU00561,ECE,F,2021,LOW,80.54333333333334,41.97,22.040000000000003,13.17,25.0,61.04666666666666,34.666666666666664,33.333333333333336,39.48,21.386666666666667,7.79,7.43,0,GOOD,LOW_RISK
STU00562,CIVIL,F,2024,MEDIUM,93.90666666666668,50.0,24.52,15.0,25.0,84.60333333333334,61.333333333333336,148.0,88.39,33.913333333333334,9.04,8.71,0,EXCELLENT,LOW_RISK
STU00563,CIVIL,F,2022,HIGH,90.31333333333333,50.0,24.439999999999998,15.0,25.0,77.54,46.0,118.33333333333333,89.55,34.641666666666666,8.15,8.52,0,GOOD,LOW_RISK
STU00564,EEE,M,2021,LOW,82.786,48.926,21.204,11.48,23.048000000000002,55.477999999999994,21.2,90.2,46.116,23.306,7.55,7.4,0,GOOD,LOW_RISK
STU00565,MECH,F,2023,MEDIUM,66.66499999999999,32.96,22.15,9.09,16.54,29.205,26.0,39.0,19.86,12.315,5.39,4.47,0,AVERAGE,MEDIUM_RISK
STU00566,IT,F,2022,MEDIUM,85.065,49.7325,25.0,14.7375,25.0,79.17750000000001,57.5,119.5,89.4875,26.3125,8.69,8.94,0,EXCELLENT,LOW_RISK
STU00567,IT,F,2023,HIGH,72.426,46.238,20.488,13.484,21.848000000000003,55.918000000000006,20.0,66.0,39.501999999999995,16.91,7.4,6.95,0,GOOD,LOW_RISK
STU00568,EEE,M,2022,LOW,83.1825,48.8725,20.7125,12.5675,23.1475,69.67,31.5,90.25,52.6,32.75,7.77,8.33,0,GOOD,LOW_RISK
STU00569,ECE,M,2024,HIGH,74.555,44.09,25.0,14.695,24.625,58.735,36.0,97.5,45.120000000000005,22.634999999999998,7.24,7.22,0,GOOD,LOW_RISK
STU00570,EEE,F,2023,HIGH,75.425,45.235,22.32,10.515,21.23,55.405,41.0,43.0,33.33,12.96,7.69,7.38,0,GOOD,LOW_RISK
STU00571,IT,F,2022,HIGH,61.396,28.708,16.374000000000002,10.796000000000001,15.382,41.106,9.6,14.6,7.858,5.164,3.98,5.0,1,AT_RISK,HIGH_RISK
STU00572,IT,F,2023,MEDIUM,71.665,47.035,19.9875,12.23,20.685,56.6325,19.5,85.5,47.835,20.66,6.77,7.36,0,AVERAGE,MEDIUM_RISK
STU00573,ECE,M,2022,LOW,68.44333333333333,35.64333333333334,17.650000000000002,14.56,16.386666666666667,33.913333333333334,5.0,9.0,19.763333333333332,6.359999999999999,4.78,4.82,0,AT_RISK,HIGH_RISK
STU00574,IT,F,2022,MEDIUM,69.00399999999999,45.05,19.048,12.344,20.65,60.0,25.0,55.8,42.826,14.572,5.83,7.17,0,AVERAGE,MEDIUM_RISK
STU00575,CSE,F,2021,LOW,73.68833333333333,48.708333333333336,24.599999999999998,14.741666666666667,22.92833333333333,62.25666666666667,42.666666666666664,81.16666666666667,45.035000000000004,27.14,6.93,7.35,0,AVERAGE,MEDIUM_RISK
STU00576,CSE,M,2023,MEDIUM,88.01599999999999,50.0,25.0,14.686000000000002,24.642000000000003,84.954,63.0,152.8,89.37,38.0,10.0,8.94,0,EXCELLENT,LOW_RISK
STU00577,IT,F,2021,MEDIUM,74.13499999999999,38.365,25.0,12.04,25.0,59.97,21.5,67.5,50.504999999999995,21.380000000000003,7.85,6.58,0,GOOD,LOW_RISK
STU00578,EEE,M,2024,MEDIUM,74.12666666666667,46.623333333333335,20.75,13.396666666666667,21.429999999999996,55.248333333333335,20.666666666666668,80.0,33.38333333333333,24.89,7.94,7.22,0,GOOD,LOW_RISK
STU00579,EEE,M,2023,LOW,77.05,49.11,25.0,9.985,24.93,66.575,31.0,81.5,33.855000000000004,15.575,6.99,7.37,0,AVERAGE,MEDIUM_RISK
STU00580,CIVIL,M,2023,MEDIUM,89.94333333333333,50.0,24.30333333333333,15.0,22.566666666666666,73.85333333333334,47.333333333333336,95.0,62.54666666666666,35.24,8.37,8.35,0,GOOD,LOW_RISK
STU00581,EEE,M,2024,HIGH,65.1225,39.9,19.3225,10.15,21.8475,44.61,21.0,51.5,34.7325,16.9425,5.76,6.18,0,AVERAGE,MEDIUM_RISK
STU00582,IT,F,2022,LOW,70.52499999999999,33.33833333333333,16.926666666666666,10.543333333333333,16.603333333333335,40.11666666666667,8.5,18.0,18.013333333333332,6.9816666666666665,6.03,4.71,0,AVERAGE,MEDIUM_RISK
STU00583,ECE,F,2023,HIGH,85.016,50.0,24.637999999999998,13.986,24.881999999999998,70.25800000000001,42.0,150.0,79.232,30.238,8.1,8.08,0,GOOD,LOW_RISK
STU00584,EEE,M,2021,LOW,88.41833333333334,50.0,25.0,14.731666666666667,25.0,74.33333333333333,46.833333333333336,127.33333333333333,80.74499999999999,30.978333333333335,9.32,8.44,0,EXCELLENT,LOW_RISK
STU00585,CIVIL,F,2021,HIGH,85.824,50.0,25.0,14.430000000000001,25.0,81.926,53.0,126.6,70.696,28.534,8.45,8.83,0,GOOD,LOW_RISK
STU00586,MECH,M,2023,LOW,81.97500000000001,49.845,23.43166666666667,11.825000000000001,23.353333333333335,58.25333333333333,40.166666666666664,60.166666666666664,56.10166666666667,27.903333333333336,7.63,7.31,0,GOOD,LOW_RISK
STU00587,CIVIL,F,2024,MEDIUM,75.37666666666667,48.86166666666667,21.156666666666666,14.333333333333334,21.941666666666666,57.97833333333333,39.666666666666664,87.16666666666667,35.60333333333333,17.875,8.34,7.53,0,GOOD,LOW_RISK
STU00588,MECH,F,2024,MEDIUM,72.265,50.0,25.0,15.0,23.68,58.584999999999994,33.5,123.5,64.49,17.39,7.57,7.7,0,GOOD,LOW_RISK
STU00589,ECE,M,2024,HIGH,75.61333333333333,50.0,23.21166666666667,12.275,24.505,53.12833333333333,33.5,95.0,53.60333333333333,22.19666666666667,7.31,7.46,0,GOOD,LOW_RISK
STU00590,MECH,F,2021,MEDIUM,90.5375,50.0,22.1225,13.2075,25.0,59.795,47.5,92.0,66.6225,34.125,7.77,7.52,0,GOOD,LOW_RISK
STU00591,ECE,F,2021,HIGH,66.63666666666667,41.48,19.236666666666668,11.83,17.643333333333334,48.19,10.333333333333334,46.333333333333336,25.429999999999996,13.306666666666667,5.97,5.93,0,AVERAGE,MEDIUM_RISK
STU00592,EEE,F,2021,LOW,79.3,41.9725,23.509999999999998,10.27,25.0,65.6,25.0,58.5,50.197500000000005,15.1375,8.11,7.56,0,GOOD,LOW_RISK
STU00593,ECE,F,2021,MEDIUM,78.85666666666667,44.24,21.353333333333335,10.5,22.820000000000004,57.343333333333334,22.333333333333332,70.0,51.76,18.813333333333333,7.11,7.28,0,GOOD,LOW_RISK
STU00594,EEE,F,2023,MEDIUM,76.498,47.668,22.184,14.136000000000001,20.956,62.903999999999996,34.2,64.6,55.52,18.566,7.65,7.61,0,GOOD,LOW_RISK
STU00595,CSE,M,2024,LOW,68.525,34.91,18.4675,10.8675,14.77,54.410000000000004,15.25,44.25,24.5675,7.2025,4.94,5.86,0,AT_RISK,HIGH_RISK
STU00596,CSE,M,2023,MEDIUM,81.81666666666666,49.35,22.121666666666666,13.561666666666667,24.768333333333334,50.995000000000005,41.5,73.66666666666667,64.06833333333334,27.724999999999998,7.09,6.87,0,GOOD,LOW_RISK
STU00597,ECE,F,2021,HIGH,87.71333333333332,50.0,25.0,15.0,25.0,63.5,30.0,101.33333333333333,67.15666666666668,34.72,8.32,7.87,0,GOOD,LOW_RISK
STU00598,CSE,F,2024,MEDIUM,89.26666666666667,50.0,24.733333333333334,15.0,25.0,72.36,46.0,94.66666666666667,66.21333333333334,36.58,9.39,8.48,0,EXCELLENT,LOW_RISK
STU00599,CIVIL,F,2023,LOW,90.03,50.0,25.0,13.455,25.0,64.455,46.5,124.5,72.095,19.604999999999997,8.05,7.62,0,GOOD,LOW_RISK
STU00600,MECH,M,2024,HIGH,84.53,45.34,25.0,15.0,25.0,66.455,31.0,133.5,70.995,31.39,8.25,7.84,0,GOOD,LOW_RISK
STU00601,CIVIL,F,2024,HIGH,83.245,45.61,24.46,15.0,25.0,74.955,30.5,74.0,56.97,19.200000000000003,7.36,7.98,0,GOOD,LOW_RISK
STU00602,ECE,M,2021,LOW,65.26,39.20333333333333,14.686666666666667,9.056666666666667,14.246666666666668,42.61,14.333333333333334,60.333333333333336,23.296666666666667,14.196666666666665,5.8,5.23,0,AVERAGE,MEDIUM_RISK
STU00603,IT,F,2022,HIGH,77.99,50.0,25.0,14.120000000000001,24.8375,52.7325,32.75,78.75,40.7025,20.2575,7.42,7.14,0,GOOD,LOW_RISK
STU00604,IT,F,2024,HIGH,80.49249999999999,50.0,24.6875,15.0,23.8375,69.535,35.75,94.5,57.6525,24.8425,7.23,8.45,0,GOOD,LOW_RISK
STU00605,CIVIL,M,2021,LOW,71.61333333333333,46.336666666666666,21.286666666666665,15.0,19.150000000000002,53.583333333333336,22.666666666666668,83.66666666666667,38.14333333333334,13.733333333333334,6.76,6.86,0,AVERAGE,MEDIUM_RISK
STU00606,CSE,M,2024,HIGH,70.94333333333333,48.583333333333336,16.88,13.963333333333333,21.673333333333332,49.18333333333334,17.0,58.0,38.31666666666667,16.756666666666668,6.69,6.95,0,AVERAGE,MEDIUM_RISK
STU00607,ECE,M,2021,HIGH,67.66333333333334,43.19,22.036666666666665,13.443333333333333,22.05333333333333,49.123333333333335,21.666666666666668,60.0,36.8,11.963333333333333,6.08,6.36,0,AVERAGE,MEDIUM_RISK
STU00608,EEE,M,2022,MEDIUM,71.28166666666667,46.785,18.91,12.713333333333333,22.30333333333333,58.86000000000001,14.5,59.166666666666664,38.943333333333335,21.973333333333333,5.81,7.21,0,AVERAGE,MEDIUM_RISK
STU00609,CSE,M,2024,MEDIUM,65.43833333333333,28.825,16.830000000000002,10.876666666666667,14.883333333333333,38.13,19.333333333333332,22.333333333333332,23.08,9.036666666666667,3.41,4.54,1,AT_RISK,HIGH_RISK
STU00610,IT,F,2024,LOW,73.05,50.0,24.244999999999997,15.0,18.555,69.67,32.0,49.5,37.165,11.835,8.41,7.74,0,GOOD,LOW_RISK
STU00611,CSE,F,2024,HIGH,80.41666666666667,45.873333333333335,18.746666666666666,12.696666666666667,20.506666666666664,46.75333333333333,19.0,59.0,25.046666666666667,10.813333333333333,6.9,6.71,0,AVERAGE,MEDIUM_RISK
STU00612,CSE,M,2021,LOW,62.88,27.98,12.056666666666667,4.833333333333333,9.09,28.916666666666668,4.0,1.6666666666666667,9.433333333333334,7.626666666666668,3.15,4.11,2,AT_RISK,HIGH_RISK
STU00613,MECH,F,2024,MEDIUM,74.8725,49.894999999999996,22.64,14.2525,23.775,67.5,34.75,79.25,51.167500000000004,19.6225,9.28,8.17,0,EXCELLENT,LOW_RISK
STU00614,CSE,F,2022,MEDIUM,71.55,46.956,24.494,13.718,25.0,59.8,26.6,61.8,56.267999999999994,19.092,7.65,7.31,0,GOOD,LOW_RISK
STU00615,CSE,F,2024,LOW,73.70599999999999,43.05800000000001,20.986,13.324000000000002,22.894,64.436,24.8,48.0,45.864,21.446,7.27,7.36,0,GOOD,LOW_RISK
STU00616,MECH,F,2023,MEDIUM,79.17500000000001,47.6,25.0,10.97,18.855,49.480000000000004,17.5,63.0,45.775,25.39,7.13,7.32,0,GOOD,LOW_RISK
STU00617,MECH,F,2023,LOW,74.345,45.21,25.0,13.42,17.985,44.91,19.0,95.5,34.605,10.875,6.37,5.97,0,AVERAGE,MEDIUM_RISK
STU00618,ECE,M,2023,MEDIUM,69.025,35.0125,17.9025,12.5325,19.7525,43.7725,10.0,19.75,13.55,7.095,6.22,5.38,0,AVERAGE,MEDIUM_RISK
STU00619,IT,F,2021,MEDIUM,84.25999999999999,47.6,25.0,13.495000000000001,25.0,66.065,33.5,134.0,82.66,16.225,9.47,8.48,0,EXCELLENT,LOW_RISK
STU00620,EEE,F,2024,MEDIUM,68.4425,41.72,19.1375,11.79,21.8075,49.175,23.75,32.0,34.375,10.9825,6.53,6.46,0,AVERAGE,MEDIUM_RISK
STU00621,CSE,M,2023,MEDIUM,76.93333333333334,43.39333333333334,20.823333333333334,10.606666666666667,18.736666666666668,42.053333333333335,22.0,51.0,41.276666666666664,4.010000000000001,5.69,5.63,0,AVERAGE,MEDIUM_RISK
STU00622,ECE,M,2022,HIGH,94.548,50.0,24.546,14.963999999999999,24.884,68.83,48.4,104.0,77.946,31.160000000000004,8.82,8.2,0,EXCELLENT,LOW_RISK
STU00623,CSE,F,2023,HIGH,87.9125,50.0,24.884999999999998,12.807500000000001,25.0,70.74,37.25,119.5,83.0375,26.9425,8.29,8.25,0,GOOD,LOW_RISK
STU00624,IT,F,2024,HIGH,81.06,50.0,22.356666666666666,13.796666666666667,19.563333333333333,74.02666666666667,37.666666666666664,96.33333333333333,52.163333333333334,19.62,9.07,8.59,0,EXCELLENT,LOW_RISK
STU00625,MECH,M,2024,MEDIUM,77.9075,50.0,24.73,14.895,25.0,70.21,47.75,116.0,61.7475,25.064999999999998,8.16,7.92,0,GOOD,LOW_RISK
STU00626,IT,F,2023,HIGH,70.87,50.0,21.046666666666667,15.0,24.583333333333332,49.946666666666665,40.0,76.33333333333333,55.19333333333333,27.650000000000002,6.68,6.64,0,AVERAGE,MEDIUM_RISK
STU00627,EEE,F,2021,HIGH,77.36800000000001,46.398,21.468,14.504,22.404,53.19,23.0,66.0,52.0,20.078,6.81,7.0,0,AVERAGE,MEDIUM_RISK
STU00628,IT,M,2022,LOW,63.82000000000001,33.638,20.468,7.5760000000000005,19.252,31.330000000000002,11.6,27.2,23.814,8.110000000000001,5.71,4.34,0,AVERAGE,MEDIUM_RISK
STU00629,MECH,M,2024,HIGH,88.556,50.0,25.0,14.357999999999999,25.0,77.196,46.6,150.8,86.112,29.881999999999998,8.76,8.33,0,EXCELLENT,LOW_RISK
STU00630,CIVIL,M,2022,HIGH,84.96833333333333,48.345,25.0,15.0,25.0,69.39833333333333,55.166666666666664,118.16666666666667,89.11666666666667,36.75666666666667,8.29,8.19,0,GOOD,LOW_RISK
STU00631,ECE,M,2023,MEDIUM,68.86,39.707499999999996,20.7575,11.094999999999999,22.7925,46.0475,16.5,51.5,32.037499999999994,9.07,5.75,6.19,0,AVERAGE,MEDIUM_RISK
STU00632,CIVIL,F,2024,MEDIUM,71.465,43.76666666666667,21.046666666666667,10.275,16.94333333333333,38.65,10.166666666666666,48.0,23.116666666666664,8.113333333333333,6.99,6.0,0,AVERAGE,MEDIUM_RISK
STU00633,MECH,F,2024,HIGH,78.04,50.0,23.59,13.719999999999999,25.0,61.9,40.666666666666664,100.0,56.79,18.7,7.62,7.76,0,GOOD,LOW_RISK
STU00634,IT,F,2023,LOW,76.76666666666667,48.75,24.198333333333334,13.286666666666667,23.515,65.20166666666667,24.5,81.0,46.41166666666666,26.141666666666666,8.72,7.66,0,EXCELLENT,LOW_RISK
STU00635,MECH,M,2023,MEDIUM,80.215,50.0,23.4025,14.5075,24.4175,64.545,43.5,100.75,61.0975,26.159999999999997,8.2,7.66,0,GOOD,LOW_RISK
STU00636,EEE,F,2023,HIGH,65.82666666666667,33.059999999999995,19.563333333333333,8.82,19.626666666666665,35.6,20.333333333333332,25.333333333333332,25.563333333333333,11.793333333333331,7.22,4.86,0,GOOD,LOW_RISK
STU00637,CSE,M,2024,MEDIUM,82.64,50.0,25.0,15.0,25.0,73.47666666666667,46.0,89.66666666666667,73.92666666666666,32.53,7.33,8.38,0,GOOD,LOW_RISK
STU00638,EEE,M,2024,MEDIUM,80.49000000000001,50.0,25.0,14.344999999999999,25.0,54.685,44.0,119.0,69.61,29.965,7.48,7.21,0,GOOD,LOW_RISK
STU00639,CIVIL,F,2021,LOW,67.798,35.21,16.768,13.113999999999999,16.482,45.406,8.6,28.4,20.241999999999997,13.734,4.39,5.63,0,AT_RISK,HIGH_RISK
STU00640,MECH,M,2022,LOW,74.2225,39.8525,20.815,12.11,16.875,43.045,22.25,52.25,34.9425,18.0,6.51,5.92,0,AVERAGE,MEDIUM_RISK
STU00641,EEE,F,2023,MEDIUM,74.1375,45.1175,20.9425,10.18,21.495,43.932500000000005,31.75,63.25,41.195,12.38,6.74,6.33,0,AVERAGE,MEDIUM_RISK
STU00642,MECH,M,2021,HIGH,86.40166666666666,49.49166666666667,23.709999999999997,13.013333333333334,23.608333333333334,60.57,38.5,79.5,58.93833333333333,23.516666666666666,7.01,7.64,0,GOOD,LOW_RISK
STU00643,EEE,M,2023,HIGH,71.205,44.682500000000005,20.405,12.4075,19.5375,45.0375,21.25,32.75,33.8425,17.3625,6.58,6.11,0,AVERAGE,MEDIUM_RISK
STU00644,EEE,M,2023,MEDIUM,90.14500000000001,50.0,25.0,15.0,25.0,80.03,66.5,147.5,90.305,44.43,9.89,8.84,0,EXCELLENT,LOW_RISK
STU00645,CIVIL,F,2021,HIGH,84.312,46.376,24.984,14.494,24.09,58.3,38.8,103.0,63.779999999999994,23.502,7.95,7.36,0,GOOD,LOW_RISK
STU00646,CIVIL,M,2022,HIGH,87.29666666666667,50.0,25.0,14.203333333333333,25.0,73.91333333333334,44.0,114.0,77.21333333333332,23.213333333333335,7.33,8.43,0,GOOD,LOW_RISK
STU00647,IT,F,2023,HIGH,74.07000000000001,37.0,16.074,13.756,22.041999999999998,42.733999999999995,25.8,62.0,38.27,13.410000000000002,5.95,5.67,0,AVERAGE,MEDIUM_RISK
STU00648,ECE,M,2022,MEDIUM,85.23333333333333,48.91166666666667,24.810000000000002,14.964999999999998,24.643333333333334,57.46,32.0,86.5,69.27833333333332,25.61,7.28,7.47,0,GOOD,LOW_RISK
STU00649,ECE,F,2023,HIGH,62.85,33.196666666666665,18.86,6.113333333333333,14.36,34.18333333333333,6.333333333333333,8.0,15.44,2.0,6.22,4.78,0,AVERAGE,MEDIUM_RISK
STU00650,MECH,M,2021,MEDIUM,69.85,38.435,21.485,12.73,19.375,54.125,20.5,56.5,32.47,17.330000000000002,6.75,6.1,0,AVERAGE,MEDIUM_RISK
STU00651,IT,M,2022,HIGH,99.265,50.0,25.0,15.0,23.215,59.005,56.5,101.0,67.42,30.369999999999997,6.22,7.15,0,AVERAGE,MEDIUM_RISK
STU00652,EEE,F,2024,MEDIUM,82.585,50.0,24.535,14.567499999999999,23.7625,67.0425,33.0,93.0,55.78,22.205000000000002,7.61,7.29,0,GOOD,LOW_RISK
STU00653,CSE,M,2022,HIGH,75.835,50.0,23.439999999999998,13.855,25.0,53.230000000000004,14.0,29.0,38.66,28.42,7.66,7.45,0,GOOD,LOW_RISK
STU00654,CSE,M,2021,LOW,89.24,50.0,23.745,15.0,25.0,77.22666666666667,53.666666666666664,124.16666666666667,91.305,36.72666666666667,8.01,8.65,0,GOOD,LOW_RISK
STU00655,MECH,F,2022,MEDIUM,73.89,42.9075,22.145,10.4325,24.0225,43.065,31.5,54.5,28.192500000000003,7.7725,5.93,5.77,0,AVERAGE,MEDIUM_RISK
STU00656,ECE,F,2021,MEDIUM,84.7775,50.0,25.0,15.0,25.0,86.1325,50.0,161.25,84.325,29.8825,8.55,9.25,0,EXCELLENT,LOW_RISK
STU00657,CIVIL,F,2022,MEDIUM,94.50800000000001,50.0,25.0,15.0,25.0,84.42999999999999,59.6,142.0,96.464,35.092,10.0,9.11,0,EXCELLENT,LOW_RISK
STU00658,ECE,M,2024,HIGH,89.255,48.7525,24.6475,13.855,23.1875,62.332499999999996,22.25,79.0,66.3,21.0025,8.43,8.02,0,GOOD,LOW_RISK
STU00659,ECE,M,2021,LOW,67.0625,37.65,20.794999999999998,13.9575,22.805,50.68,18.25,51.75,42.96,12.087499999999999,6.12,5.87,0,AVERAGE,MEDIUM_RISK
STU00660,EEE,F,2021,LOW,79.39500000000001,44.015,24.47,14.0425,21.990000000000002,57.894999999999996,38.0,86.75,63.045,20.24,7.3,6.73,0,GOOD,LOW_RISK
STU00661,IT,M,2021,HIGH,88.422,49.432,23.246000000000002,14.934000000000001,24.304,73.106,49.2,112.8,78.284,29.934000000000005,8.26,8.15,0,GOOD,LOW_RISK
STU00662,CSE,M,2021,MEDIUM,70.90833333333333,46.93666666666667,24.208333333333332,13.681666666666667,24.256666666666664,53.94166666666666,17.5,76.0,38.98,15.238333333333335,7.66,7.09,0,GOOD,LOW_RISK
STU00663,CIVIL,F,2022,LOW,78.008,47.5,24.32,12.014,23.708,66.512,33.2,72.8,52.18399999999999,23.774,7.5,7.45,0,GOOD,LOW_RISK
STU00664,MECH,M,2024,HIGH,75.87666666666667,47.298333333333325,19.598333333333333,13.056666666666667,20.295,51.78666666666667,18.166666666666668,34.333333333333336,42.10166666666667,20.32166666666667,7.95,7.14,0,GOOD,LOW_RISK
STU00665,IT,F,2022,HIGH,75.454,45.775999999999996,19.258,9.234,22.836000000000002,46.744,28.8,80.0,51.025999999999996,21.330000000000002,5.57,6.8,0,AVERAGE,MEDIUM_RISK
STU00666,MECH,M,2021,MEDIUM,79.72749999999999,40.072500000000005,23.8875,10.39,23.53,57.832499999999996,23.0,90.25,50.6825,13.1525,7.48,6.52,0,GOOD,LOW_RISK
STU00667,MECH,M,2022,LOW,67.1,43.285,21.98,12.24,17.29,52.485,14.0,67.0,48.69,16.4,6.39,6.4,0,AVERAGE,MEDIUM_RISK
STU00668,CSE,M,2024,LOW,74.88,44.54833333333334,23.885,13.963333333333333,22.416666666666668,59.080000000000005,25.166666666666668,51.833333333333336,49.73166666666666,13.21,7.48,7.16,0,GOOD,LOW_RISK
STU00669,ECE,F,2021,LOW,80.595,49.16,25.0,15.0,25.0,62.015,45.0,80.0,68.95500000000001,25.82,7.63,7.72,0,GOOD,LOW_RISK
STU00670,IT,M,2024,HIGH,90.966,50.0,25.0,15.0,25.0,78.47,56.2,119.4,84.902,31.715999999999998,8.99,8.68,0,EXCELLENT,LOW_RISK
STU00671,EEE,M,2021,LOW,74.012,45.31,17.616,11.506,20.901999999999997,50.589999999999996,25.6,47.8,39.788,12.544,7.95,6.35,0,GOOD,LOW_RISK
STU00672,MECH,F,2024,HIGH,98.33999999999999,50.0,25.0,15.0,25.0,80.12333333333333,58.333333333333336,141.66666666666666,97.52999999999999,26.19333333333333,9.2,8.85,0,EXCELLENT,LOW_RISK
STU00673,MECH,M,2023,MEDIUM,82.42666666666666,45.995000000000005,19.87666666666667,11.866666666666667,20.993333333333336,53.36833333333333,26.333333333333332,46.333333333333336,35.40833333333333,15.670000000000002,6.64,6.94,0,AVERAGE,MEDIUM_RISK
STU00674,CSE,M,2021,HIGH,82.535,50.0,23.4675,13.92,24.9725,65.0325,30.75,85.0,68.275,28.4525,8.01,7.95,0,GOOD,LOW_RISK
STU00675,MECH,M,2023,LOW,67.53,40.45,21.155,10.74,21.91,54.68,28.5,55.5,33.675,13.57,6.61,6.46,0,AVERAGE,MEDIUM_RISK
STU00676,MECH,M,2023,HIGH,78.92166666666667,47.055,25.0,14.288333333333334,23.48,69.38666666666667,32.833333333333336,85.66666666666667,61.47333333333333,21.56833333333333,7.37,7.72,0,GOOD,LOW_RISK
STU00677,MECH,F,2024,MEDIUM,71.66,46.480000000000004,22.784999999999997,12.61,24.42,62.935,22.5,70.0,26.545,22.064999999999998,7.81,7.54,0,GOOD,LOW_RISK
STU00678,CSE,M,2022,LOW,76.25399999999999,48.544,23.294,11.424,24.65,57.484,15.6,59.4,53.39,23.294,6.13,7.54,0,AVERAGE,MEDIUM_RISK
STU00679,CSE,M,2024,MEDIUM,79.662,48.44,23.206,15.0,24.954,64.356,34.8,85.8,63.83,28.360000000000003,8.43,7.67,0,GOOD,LOW_RISK
STU00680,ECE,F,2024,LOW,72.22666666666667,41.98,22.263333333333332,9.256666666666668,21.86,30.89,15.666666666666666,53.333333333333336,31.05,13.550000000000002,6.42,5.41,0,AVERAGE,MEDIUM_RISK
STU00681,CIVIL,M,2024,MEDIUM,88.90333333333332,50.0,25.0,15.0,25.0,72.08,47.0,65.33333333333333,77.3,21.2,8.83,8.12,0,EXCELLENT,LOW_RISK
STU00682,MECH,M,2023,LOW,58.586666666666666,30.343333333333334,11.496666666666668,3.6633333333333336,17.153333333333332,46.673333333333325,8.666666666666666,5.0,5.77,3.43,4.69,5.33,0,AT_RISK,HIGH_RISK
STU00683,EEE,M,2023,LOW,63.7025,29.3575,21.8275,13.1775,18.072499999999998,38.745000000000005,18.25,21.0,19.645,10.585,5.48,5.19,0,AVERAGE,MEDIUM_RISK
STU00684,CIVIL,M,2022,MEDIUM,68.94,32.36,13.035,9.315,22.845,49.120000000000005,13.5,34.0,3.285,17.45,6.0,5.52,0,AVERAGE,MEDIUM_RISK
STU00685,ECE,F,2021,LOW,76.775,48.63,24.3825,15.0,25.0,70.28999999999999,27.5,81.25,66.2625,37.115,7.98,8.24,0,GOOD,LOW_RISK
STU00686,CIVIL,F,2022,MEDIUM,93.15333333333332,50.0,25.0,15.0,25.0,79.74333333333334,54.666666666666664,133.0,92.63,37.64666666666667,9.07,8.22,0,EXCELLENT,LOW_RISK
STU00687,MECH,F,2021,HIGH,94.44333333333333,50.0,25.0,15.0,25.0,79.61666666666666,45.333333333333336,119.0,82.45333333333333,35.53,9.44,9.16,0,EXCELLENT,LOW_RISK
STU00688,CIVIL,F,2022,MEDIUM,71.14666666666666,43.96666666666667,19.985,10.286666666666667,22.253333333333334,48.925000000000004,8.0,25.5,33.31,15.195,4.78,6.28,0,AT_RISK,HIGH_RISK
STU00689,CSE,F,2024,MEDIUM,61.25333333333333,22.41333333333333,16.8,10.62,19.906666666666666,34.03333333333333,3.6666666666666665,24.333333333333332,6.566666666666666,8.633333333333333,4.89,3.82,0,AT_RISK,HIGH_RISK
STU00690,CSE,M,2024,HIGH,76.44,49.97,24.02,15.0,24.515,40.605000000000004,35.5,80.0,40.525,13.105,6.08,6.35,0,AVERAGE,MEDIUM_RISK
STU00691,CSE,M,2023,LOW,77.18333333333334,50.0,19.316666666666666,12.603333333333333,20.663333333333334,61.663333333333334,20.0,60.666666666666664,49.080000000000005,16.38,6.62,7.82,0,AVERAGE,MEDIUM_RISK
STU00692,MECH,F,2023,HIGH,85.656,50.0,24.478,14.758,24.452,74.02000000000001,54.2,135.6,89.692,29.006,9.5,8.48,0,EXCELLENT,LOW_RISK
STU00693,IT,F,2024,MEDIUM,65.53333333333335,42.24,16.158333333333335,12.956666666666665,20.37666666666667,52.07,17.0,34.0,34.63,16.98,7.77,6.74,0,GOOD,LOW_RISK
STU00694,CSE,M,2022,MEDIUM,71.64,43.99333333333333,19.36,12.986666666666666,18.683333333333334,49.24666666666667,9.0,44.333333333333336,23.326666666666668,17.836666666666666,6.05,6.38,0,AVERAGE,MEDIUM_RISK
STU00695,IT,F,2023,HIGH,71.03,43.575,14.370000000000001,14.805,25.0,59.629999999999995,33.5,81.5,47.004999999999995,2.0,6.97,6.99,0,AVERAGE,MEDIUM_RISK
STU00696,CIVIL,M,2022,HIGH,89.97999999999999,48.97,25.0,15.0,23.605,61.2,33.0,112.0,72.315,19.16,7.72,7.68,0,GOOD,LOW_RISK
STU00697,ECE,M,2021,HIGH,73.974,43.577999999999996,22.468,14.148,22.654,57.715999999999994,31.4,56.4,46.694,22.387999999999998,6.88,6.71,0,AVERAGE,MEDIUM_RISK
STU00698,EEE,M,2023,MEDIUM,72.23,35.86333333333334,19.143333333333334,14.066666666666668,20.37,45.73666666666667,12.333333333333334,42.333333333333336,21.38,3.5,4.96,5.63,1,AT_RISK,HIGH_RISK
STU00699,CIVIL,M,2024,LOW,68.30166666666666,40.785000000000004,19.871666666666666,13.841666666666667,22.855,40.03666666666667,22.833333333333332,66.66666666666667,33.68,18.496666666666666,4.75,5.93,0,AT_RISK,HIGH_RISK
STU00700,CSE,F,2021,MEDIUM,80.565,44.8375,24.7475,13.6775,23.5925,53.0025,32.0,27.75,33.575,15.9775,7.8,6.94,0,GOOD,LOW_RISK
STU00701,IT,F,2022,LOW,84.245,48.665,22.0325,13.265,22.675,64.88749999999999,32.25,119.75,65.45750000000001,25.582500000000003,7.74,7.59,0,GOOD,LOW_RISK
STU00702,CSE,M,2024,LOW,76.39333333333333,47.63833333333333,23.143333333333334,13.1,24.256666666666664,66.18666666666667,32.0,89.16666666666667,55.498333333333335,29.531666666666666,5.62,7.8,0,AVERAGE,MEDIUM_RISK
STU00703,IT,F,2024,LOW,69.44,43.373333333333335,22.37,8.52,13.223333333333334,55.64333333333334,18.333333333333332,53.666666666666664,33.60333333333333,15.306666666666667,6.59,6.98,0,AVERAGE,MEDIUM_RISK
STU00704,MECH,M,2024,MEDIUM,67.13,41.4425,16.565,9.225,21.5425,41.465,20.0,44.0,36.3375,14.9375,5.43,5.86,0,AVERAGE,MEDIUM_RISK
STU00705,ECE,M,2024,LOW,82.63499999999999,49.7875,25.0,14.7825,25.0,63.802499999999995,38.75,79.75,68.1275,15.655,8.04,7.87,0,GOOD,LOW_RISK
STU00706,EEE,F,2023,LOW,72.52499999999999,48.23500000000001,24.255,14.633333333333333,20.531666666666666,55.678333333333335,31.333333333333332,64.16666666666667,42.64833333333333,23.353333333333335,6.62,7.05,0,AVERAGE,MEDIUM_RISK
STU00707,IT,M,2023,MEDIUM,84.89,50.0,24.144,13.98,24.554,65.378,39.8,109.8,75.774,35.778,7.42,7.86,0,GOOD,LOW_RISK
STU00708,EEE,M,2022,LOW,74.43,50.0,23.209999999999997,10.366666666666667,25.0,59.50333333333333,35.666666666666664,102.0,48.803333333333335,22.973333333333333,8.45,7.83,0,GOOD,LOW_RISK
STU00709,EEE,F,2021,LOW,91.495,49.185,24.28,15.0,24.2275,70.445,42.5,101.75,63.8125,30.345,7.81,8.31,0,GOOD,LOW_RISK
STU00710,EEE,F,2023,HIGH,78.80333333333333,47.07333333333333,23.98,10.586666666666666,22.95,49.67666666666667,15.0,46.666666666666664,20.846666666666668,20.496666666666666,6.86,6.81,0,AVERAGE,MEDIUM_RISK
STU00711,CIVIL,M,2022,LOW,73.53333333333333,45.53,20.083333333333332,13.61,19.583333333333332,48.94,18.333333333333332,52.666666666666664,35.443333333333335,7.93,6.85,6.41,0,AVERAGE,MEDIUM_RISK
STU00712,ECE,F,2023,MEDIUM,82.238,47.452,25.0,15.0,22.874000000000002,66.662,29.4,105.6,66.104,27.913999999999998,7.97,7.68,0,GOOD,LOW_RISK
STU00713,EEE,M,2023,LOW,77.02000000000001,48.036,23.869999999999997,13.597999999999999,23.18,56.25599999999999,24.2,101.0,63.96,18.857999999999997,7.9,7.34,0,GOOD,LOW_RISK
STU00714,CSE,F,2022,LOW,64.38166666666666,31.373333333333335,16.706666666666667,6.794999999999999,14.053333333333333,26.938333333333333,10.166666666666666,19.166666666666668,10.595,5.441666666666666,3.61,4.08,3,AT_RISK,HIGH_RISK
STU00715,EEE,F,2021,MEDIUM,73.2325,50.0,18.259999999999998,13.129999999999999,23.875,48.79,29.0,98.25,39.055,23.2175,6.67,6.93,0,AVERAGE,MEDIUM_RISK
STU00716,IT,F,2021,LOW,60.605000000000004,34.65,16.3675,9.84,10.754999999999999,34.6625,2.0,30.0,16.355,8.735,3.95,4.8,3,AT_RISK,HIGH_RISK
STU00717,ECE,F,2023,LOW,76.598,43.29600000000001,22.662,12.986,22.154000000000003,76.146,29.0,70.8,52.60799999999999,23.646,7.23,7.33,0,GOOD,LOW_RISK
STU00718,EEE,M,2022,MEDIUM,78.18333333333334,47.88166666666667,21.68166666666667,12.871666666666668,19.915,53.03333333333333,36.166666666666664,69.0,48.25666666666667,14.583333333333334,7.26,7.22,0,GOOD,LOW_RISK
STU00719,ECE,M,2022,HIGH,75.99499999999999,45.08833333333333,22.348333333333333,13.843333333333334,24.501666666666665,51.34,25.833333333333332,72.5,52.58166666666667,21.143333333333334,6.57,6.48,0,AVERAGE,MEDIUM_RISK
STU00720,MECH,F,2023,HIGH,83.39666666666666,47.29333333333333,18.44,13.37,24.319999999999997,53.413333333333334,34.333333333333336,82.0,38.916666666666664,13.076666666666668,6.61,7.2,0,AVERAGE,MEDIUM_RISK
STU00721,CSE,F,2023,LOW,61.305,35.99666666666667,10.748333333333333,6.47,15.966666666666667,35.22666666666667,4.666666666666667,15.333333333333334,11.551666666666668,5.081666666666667,3.22,4.71,1,AT_RISK,HIGH_RISK
STU00722,ECE,M,2023,HIGH,88.555,50.0,25.0,15.0,25.0,78.02833333333332,53.166666666666664,128.66666666666666,91.11333333333333,24.44666666666667,7.79,8.45,0,GOOD,LOW_RISK
STU00723,CIVIL,F,2023,LOW,95.185,50.0,25.0,15.0,25.0,90.715,55.5,155.5,92.88499999999999,25.79,9.22,8.9,0,EXCELLENT,LOW_RISK
STU00724,ECE,M,2021,HIGH,97.53999999999999,50.0,25.0,15.0,25.0,85.16,56.0,111.0,80.55,45.665,9.93,9.28,0,EXCELLENT,LOW_RISK
STU00725,CSE,F,2023,HIGH,73.35333333333334,36.94,20.756666666666668,14.92,21.036666666666665,52.339999999999996,27.666666666666668,112.0,46.85333333333333,6.8500000000000005,5.27,5.97,0,AVERAGE,MEDIUM_RISK
STU00726,MECH,F,2023,LOW,76.585,46.035,24.3725,14.615,24.5775,53.1275,38.5,80.75,57.5425,24.8475,7.52,6.92,0,GOOD,LOW_RISK
STU00727,CSE,M,2023,HIGH,83.244,46.872,23.804,10.672,24.818,63.251999999999995,24.8,80.2,58.989999999999995,25.044,7.63,7.9,0,GOOD,LOW_RISK
STU00728,CSE,M,2023,HIGH,88.68666666666667,50.0,23.738333333333333,13.801666666666668,25.0,69.17666666666666,45.666666666666664,118.66666666666667,66.38833333333334,34.63166666666667,8.16,7.98,0,GOOD,LOW_RISK
STU00729,CSE,F,2023,LOW,77.13,27.255000000000003,17.259999999999998,11.57,23.095,44.945,11.5,44.5,39.14,18.28,3.77,5.15,1,AT_RISK,HIGH_RISK
STU00730,MECH,M,2022,LOW,73.86,47.958333333333336,23.310000000000002,14.428333333333333,24.025000000000002,54.00333333333333,32.666666666666664,68.0,48.915,25.30333333333333,7.0,6.92,0,GOOD,LOW_RISK
STU00731,IT,M,2021,HIGH,82.118,50.0,24.142000000000003,13.565999999999999,22.484,58.15,37.0,102.6,70.724,22.56,8.32,7.21,0,GOOD,LOW_RISK
STU00732,EEE,M,2024,HIGH,87.07666666666667,50.0,25.0,15.0,25.0,71.07666666666667,59.666666666666664,133.66666666666666,71.67666666666666,27.92,8.62,8.07,0,EXCELLENT,LOW_RISK
STU00733,EEE,F,2021,HIGH,66.815,48.675,25.0,15.0,21.355,58.615,39.5,65.5,58.31,21.195,6.36,7.03,0,AVERAGE,MEDIUM_RISK
STU00734,CSE,F,2021,HIGH,76.78,46.72,22.89833333333333,13.546666666666667,23.135,45.798333333333325,25.166666666666668,89.0,47.946666666666665,14.721666666666666,5.89,6.59,0,AVERAGE,MEDIUM_RISK
STU00735,IT,F,2021,HIGH,71.73,50.0,22.46666666666667,11.286666666666667,18.906666666666666,68.29666666666667,32.333333333333336,86.33333333333333,54.913333333333334,25.01,7.55,7.91,0,GOOD,LOW_RISK
STU00736,CIVIL,F,2024,MEDIUM,89.89,50.0,25.0,15.0,25.0,85.235,70.5,143.5,83.635,41.64,9.04,9.28,0,EXCELLENT,LOW_RISK
STU00737,CIVIL,M,2021,HIGH,81.495,48.72,25.0,15.0,23.560000000000002,60.41,57.5,84.0,62.435,21.630000000000003,7.45,7.32,0,GOOD,LOW_RISK
STU00738,EEE,M,2021,HIGH,83.32833333333333,44.82,21.92,14.246666666666668,24.706666666666667,59.949999999999996,22.833333333333332,92.66666666666667,50.48,24.66333333333333,7.63,7.07,0,GOOD,LOW_RISK
STU00739,MECH,M,2023,HIGH,81.316,50.0,25.0,14.678,24.962,72.526,44.0,108.0,64.946,28.172000000000004,7.98,8.12,0,GOOD,LOW_RISK
STU00740,CIVIL,F,2024,HIGH,87.58166666666666,50.0,23.001666666666665,14.203333333333333,25.0,76.77499999999999,53.0,101.83333333333333,70.90166666666666,30.62,8.43,8.74,0,GOOD,LOW_RISK
STU00741,ECE,M,2024,MEDIUM,67.88499999999999,41.58,20.91,10.745000000000001,25.0,36.11,28.0,42.5,24.865000000000002,7.635,6.65,5.16,0,AVERAGE,MEDIUM_RISK
STU00742,EEE,F,2023,LOW,72.41666666666667,44.919999999999995,22.866666666666664,13.943333333333333,19.156666666666666,45.86666666666667,14.333333333333334,25.0,34.666666666666664,12.700000000000001,6.98,6.31,0,AVERAGE,MEDIUM_RISK
STU00743,CSE,M,2021,LOW,82.37666666666667,50.0,24.058333333333334,15.0,25.0,74.16833333333334,43.333333333333336,124.5,79.18833333333333,32.776666666666664,9.3,8.28,0,EXCELLENT,LOW_RISK
STU00744,MECH,M,2022,HIGH,95.595,50.0,25.0,15.0,25.0,67.93,58.0,126.5,86.75999999999999,24.405,6.49,8.19,0,AVERAGE,MEDIUM_RISK
STU00745,ECE,M,2022,LOW,64.826,41.474000000000004,21.896,12.208,22.357999999999997,43.834,12.4,44.2,35.717999999999996,6.465999999999999,5.9,5.79,0,AVERAGE,MEDIUM_RISK
STU00746,CSE,M,2022,LOW,90.26,50.0,25.0,14.836000000000002,24.288,77.24000000000001,35.8,110.0,80.73400000000001,25.184,8.49,8.61,0,GOOD,LOW_RISK
STU00747,EEE,F,2021,LOW,83.59,42.86,18.575,9.9075,22.0925,49.935,18.75,52.0,36.817499999999995,23.0275,5.61,6.77,0,AVERAGE,MEDIUM_RISK
STU00748,ECE,M,2024,MEDIUM,77.72999999999999,50.0,20.880000000000003,15.0,25.0,81.39500000000001,47.0,96.5,75.82,29.175,8.43,8.52,0,GOOD,LOW_RISK
STU00749,CSE,M,2023,HIGH,82.685,48.39,25.0,14.754999999999999,23.405,67.57,23.5,85.0,51.07,24.02,7.77,8.02,0,GOOD,LOW_RISK
STU00750,CIVIL,F,2024,LOW,68.76333333333334,39.73166666666666,19.061666666666667,10.278333333333334,18.098333333333333,41.083333333333336,20.666666666666668,29.166666666666668,32.76,10.003333333333332,4.74,5.58,0,AT_RISK,HIGH_RISK
STU00751,IT,M,2023,MEDIUM,82.21,50.0,25.0,14.31,22.30333333333333,65.65333333333334,35.0,49.666666666666664,53.99,35.67333333333333,7.23,7.95,0,GOOD,LOW_RISK
STU00752,ECE,F,2022,MEDIUM,72.96333333333332,47.946666666666665,24.653333333333332,13.298333333333334,25.0,60.18833333333333,27.333333333333332,72.33333333333333,57.84,17.565,8.22,7.54,0,GOOD,LOW_RISK
STU00753,ECE,F,2023,MEDIUM,78.05,48.163333333333334,24.108333333333334,12.898333333333333,24.395,57.39833333333333,21.333333333333332,65.33333333333333,34.22833333333333,16.321666666666665,8.28,7.05,0,GOOD,LOW_RISK
STU00754,CIVIL,F,2021,LOW,75.194,27.556,22.412,14.35,20.842000000000002,57.972,14.2,44.4,32.868,14.806000000000001,7.84,6.43,0,GOOD,LOW_RISK
STU00755,ECE,F,2022,LOW,68.58500000000001,29.53,12.52,13.085,17.36,58.73,9.0,64.0,36.16,5.75,4.99,5.91,0,AT_RISK,HIGH_RISK
STU00756,EEE,M,2021,LOW,83.80666666666667,50.0,21.546666666666667,14.67,25.0,66.25666666666666,32.0,94.0,44.74,19.303333333333335,7.42,8.17,0,GOOD,LOW_RISK
STU00757,IT,F,2022,LOW,69.58333333333333,32.58,11.520000000000001,8.193333333333333,11.973333333333334,32.04666666666667,4.333333333333333,11.666666666666666,28.643333333333334,6.34,4.97,4.75,0,AT_RISK,HIGH_RISK
STU00758,EEE,F,2022,MEDIUM,83.31,44.379999999999995,25.0,14.530000000000001,20.585,53.47,50.5,59.5,62.02,24.21,5.24,6.89,0,AVERAGE,MEDIUM_RISK
STU00759,ECE,F,2024,LOW,70.17666666666666,39.233333333333334,16.043333333333333,12.333333333333334,20.883333333333333,39.39,8.0,43.666666666666664,15.706666666666669,12.92,5.0,5.97,0,AT_RISK,HIGH_RISK
STU00760,IT,F,2021,HIGH,91.28500000000001,50.0,25.0,15.0,23.816666666666666,83.02499999999999,55.0,124.66666666666667,87.32333333333334,33.038333333333334,8.83,9.08,0,EXCELLENT,LOW_RISK
STU00761,IT,M,2022,HIGH,77.88,49.22,16.77,15.0,20.765,58.845,21.0,86.5,56.535,12.145,7.35,7.0,0,GOOD,LOW_RISK
STU00762,EEE,M,2024,HIGH,77.06,49.269999999999996,24.759999999999998,13.418000000000001,20.838,54.236000000000004,28.4,73.6,55.028,26.714,7.49,7.33,0,GOOD,LOW_RISK
STU00763,ECE,F,2021,MEDIUM,87.202,49.260000000000005,21.578,14.638,23.79,49.468,41.0,81.0,61.93399999999999,23.918,7.61,7.18,0,GOOD,LOW_RISK
STU00764,IT,M,2023,MEDIUM,83.575,50.0,23.725,15.0,22.75,64.44,26.75,81.25,63.042500000000004,25.0125,7.64,8.04,0,GOOD,LOW_RISK
STU00765,CSE,M,2023,LOW,81.02000000000001,50.0,25.0,15.0,24.095,57.447500000000005,44.75,100.0,68.2325,21.1975,7.08,7.58,0,GOOD,LOW_RISK
STU00766,EEE,F,2023,LOW,74.42333333333333,42.836666666666666,19.996666666666666,13.674999999999999,21.746666666666666,57.721666666666664,31.833333333333332,63.0,45.004999999999995,12.773333333333333,6.71,6.8,0,AVERAGE,MEDIUM_RISK
STU00767,EEE,F,2024,LOW,76.826,39.594,20.188,8.562000000000001,22.419999999999998,41.926,15.4,27.0,20.804000000000002,15.85,5.51,5.88,0,AVERAGE,MEDIUM_RISK
STU00768,IT,M,2023,HIGH,69.914,46.39,22.330000000000002,14.252,20.184,47.63,19.2,84.0,37.14,10.738,6.67,6.59,0,AVERAGE,MEDIUM_RISK
STU00769,MECH,F,2024,LOW,71.88,38.345,17.082500000000003,11.29,21.7475,47.025,12.25,64.0,34.22,16.6575,7.0,6.11,0,AVERAGE,MEDIUM_RISK
STU00770,CIVIL,M,2022,HIGH,86.435,50.0,25.0,14.41,24.990000000000002,69.325,17.5,81.5,51.620000000000005,19.155,7.62,7.81,0,GOOD,LOW_RISK
STU00771,ECE,F,2022,HIGH,83.9775,48.5,22.925,15.0,24.595,45.6575,34.75,61.0,46.2125,21.055,6.64,6.69,0,AVERAGE,MEDIUM_RISK
STU00772,EEE,M,2022,MEDIUM,69.78333333333333,42.71666666666667,20.849999999999998,8.886666666666667,17.569999999999997,46.86666666666667,17.0,44.0,33.123333333333335,14.626666666666667,5.04,5.77,0,AVERAGE,MEDIUM_RISK
STU00773,EEE,F,2024,HIGH,87.71333333333332,50.0,25.0,12.536666666666667,24.776666666666667,78.97666666666667,68.0,110.0,75.64666666666666,30.69666666666667,8.94,8.92,0,EXCELLENT,LOW_RISK
STU00774,CSE,F,2022,HIGH,85.71,49.830000000000005,22.558333333333334,14.795,25.0,64.11333333333333,38.5,77.83333333333333,67.295,31.385,8.43,7.82,0,GOOD,LOW_RISK
STU00775,ECE,M,2021,HIGH,96.5675,50.0,25.0,15.0,25.0,70.075,42.75,136.25,92.2475,41.3925,8.36,8.25,0,GOOD,LOW_RISK
STU00776,ECE,F,2024,LOW,78.08500000000001,48.2025,24.225,13.4275,25.0,61.3275,28.75,101.25,59.732499999999995,33.29,7.54,7.68,0,GOOD,LOW_RISK
STU00777,CSE,F,2022,LOW,67.77000000000001,43.176,20.44,15.0,23.880000000000003,58.226,29.0,64.0,47.142,21.064,8.72,7.16,0,EXCELLENT,LOW_RISK
STU00778,ECE,F,2022,LOW,59.475,22.909999999999997,9.524999999999999,8.92,16.475,24.77,11.0,18.0,6.575,2.0,2.99,3.45,3,AT_RISK,HIGH_RISK
STU00779,IT,M,2023,LOW,69.94166666666666,40.163333333333334,16.94666666666667,14.381666666666666,20.263333333333332,46.06,15.5,43.5,26.541666666666668,12.103333333333333,4.05,6.07,0,AT_RISK,HIGH_RISK
STU00780,IT,F,2021,MEDIUM,86.2925,50.0,23.175,14.815,25.0,70.55250000000001,45.5,108.0,79.41,21.84,7.71,8.04,0,GOOD,LOW_RISK
STU00781,CSE,M,2022,LOW,72.29,41.935,22.733333333333334,13.196666666666667,21.558333333333334,42.39833333333333,29.666666666666668,54.5,48.001666666666665,10.508333333333335,5.94,5.86,0,AVERAGE,MEDIUM_RISK
STU00782,IT,M,2021,MEDIUM,76.055,43.42333333333334,21.873333333333335,13.348333333333334,19.94,51.67333333333334,12.666666666666666,54.166666666666664,23.253333333333334,16.178333333333335,6.1,6.5,0,AVERAGE,MEDIUM_RISK
STU00783,IT,M,2021,MEDIUM,76.7725,37.417500000000004,25.0,12.2625,21.5575,66.9125,37.75,84.5,64.775,31.82,6.0,7.88,0,AVERAGE,MEDIUM_RISK
STU00784,EEE,M,2024,MEDIUM,59.125,28.91,19.98,8.754999999999999,10.66,31.85,15.5,27.5,26.02,2.0,4.09,4.42,0,AT_RISK,HIGH_RISK
STU00785,EEE,M,2024,MEDIUM,84.462,45.751999999999995,17.964,12.818000000000001,24.484,62.40599999999999,27.4,69.0,45.156,15.669999999999998,9.12,7.35,0,EXCELLENT,LOW_RISK
STU00786,MECH,F,2021,HIGH,82.50999999999999,43.265,19.16,10.995000000000001,24.425,45.335,30.5,68.5,47.724999999999994,28.435,5.51,6.25,0,AVERAGE,MEDIUM_RISK
STU00787,CSE,M,2023,LOW,81.525,50.0,25.0,15.0,25.0,64.13,45.5,109.0,74.825,23.175,8.61,7.86,0,EXCELLENT,LOW_RISK
STU00788,CSE,M,2021,LOW,82.43333333333334,49.346666666666664,21.69333333333333,13.946666666666667,25.0,56.833333333333336,31.666666666666668,103.66666666666667,46.13333333333333,9.44,6.14,7.51,0,AVERAGE,MEDIUM_RISK
STU00789,CIVIL,M,2022,MEDIUM,72.118,42.096000000000004,19.254,10.914,20.692,43.184,13.4,45.6,29.339999999999996,11.206,5.24,6.0,0,AVERAGE,MEDIUM_RISK
STU00790,ECE,M,2024,LOW,69.4775,43.9,22.4125,14.295,24.315,48.04,31.75,70.75,42.3825,17.96,6.65,6.42,0,AVERAGE,MEDIUM_RISK
STU00791,IT,F,2023,MEDIUM,78.1,50.0,25.0,8.22,25.0,68.8,32.5,105.5,67.23,28.355,7.78,8.2,0,GOOD,LOW_RISK
STU00792,CIVIL,M,2024,MEDIUM,69.36,39.46666666666667,19.383333333333336,9.986666666666666,18.636666666666667,47.413333333333334,13.333333333333334,45.0,12.450000000000001,2.2933333333333334,5.52,5.79,0,AVERAGE,MEDIUM_RISK
STU00793,MECH,F,2023,MEDIUM,89.285,50.0,25.0,15.0,25.0,71.66,40.0,87.0,60.1,25.145,8.49,8.64,0,GOOD,LOW_RISK
STU00794,EEE,F,2022,HIGH,71.23750000000001,43.2625,20.880000000000003,13.46,24.245,53.4375,11.5,33.75,22.0375,14.8275,5.4,6.6,0,AVERAGE,MEDIUM_RISK
STU00795,EEE,F,2022,HIGH,68.63499999999999,29.950000000000003,23.21,13.120000000000001,22.2,59.465,19.5,45.5,29.905,4.3999999999999995,5.28,5.96,0,AVERAGE,MEDIUM_RISK
STU00796,IT,F,2021,MEDIUM,62.61666666666667,34.36333333333334,16.403333333333332,9.876666666666667,18.843333333333334,37.52,2.0,45.333333333333336,9.306666666666667,7.573333333333334,4.39,4.81,0,AT_RISK,HIGH_RISK
STU00797,ECE,M,2024,MEDIUM,77.93,47.18,22.186666666666667,11.82,23.24,64.41333333333334,49.666666666666664,61.666666666666664,55.57333333333333,15.946666666666667,6.44,7.67,0,AVERAGE,MEDIUM_RISK
STU00798,ECE,F,2023,LOW,78.3,49.333333333333336,24.76,13.446666666666665,24.67833333333333,65.79,35.166666666666664,72.33333333333333,67.69666666666667,21.96666666666667,6.35,7.72,0,AVERAGE,MEDIUM_RISK
STU00799,CIVIL,F,2023,HIGH,77.645,42.61,22.555,15.0,23.275,48.595,34.0,29.5,35.769999999999996,27.705,6.85,6.78,0,AVERAGE,MEDIUM_RISK
STU00800,EEE,M,2024,HIGH,75.33833333333332,49.913333333333334,22.893333333333334,14.011666666666665,24.715,53.665,35.666666666666664,96.66666666666667,61.74333333333333,23.221666666666668,6.93,7.25,0,AVERAGE,MEDIUM_RISK
STU00801,ECE,F,2021,LOW,87.44333333333333,50.0,24.826666666666668,15.0,23.813333333333333,78.46333333333332,50.0,115.0,71.07,28.536666666666665,9.9,9.47,0,EXCELLENT,LOW_RISK
STU00802,IT,M,2022,HIGH,88.22999999999999,50.0,24.887999999999998,15.0,25.0,73.69800000000001,32.2,113.2,69.062,28.28,8.47,8.39,0,GOOD,LOW_RISK
STU00803,ECE,M,2021,MEDIUM,78.07666666666667,46.93,17.583333333333332,14.733333333333334,20.16,53.43666666666667,28.0,55.666666666666664,40.76333333333333,11.433333333333332,7.94,6.81,0,GOOD,LOW_RISK
STU00804,CIVIL,F,2022,HIGH,80.078,49.408,24.496000000000002,12.922,24.247999999999998,64.912,35.8,73.6,64.988,29.474,9.76,8.36,0,EXCELLENT,LOW_RISK
STU00805,CSE,M,2023,LOW,83.22749999999999,50.0,20.61,13.4225,23.9975,66.3275,40.0,87.75,59.7825,32.3025,8.7,8.06,0,EXCELLENT,LOW_RISK
STU00806,ECE,F,2022,MEDIUM,85.7425,50.0,25.0,14.715,24.9175,68.56,40.75,156.0,83.7175,35.050000000000004,7.46,8.1,0,GOOD,LOW_RISK
STU00807,ECE,F,2024,HIGH,93.674,50.0,25.0,15.0,25.0,80.36999999999999,64.0,156.4,93.262,45.994,9.13,8.79,0,EXCELLENT,LOW_RISK
STU00808,MECH,F,2021,MEDIUM,70.56,26.695,5.58,6.68,10.192499999999999,35.6375,5.25,7.75,3.0225,8.3125,3.49,4.21,2,AT_RISK,HIGH_RISK
STU00809,EEE,F,2024,LOW,81.83,50.0,18.866666666666667,12.066666666666668,23.343333333333334,51.97666666666667,44.0,62.0,58.6,19.593333333333334,8.02,7.19,0,GOOD,LOW_RISK
STU00810,MECH,M,2024,MEDIUM,75.208,48.488,21.401999999999997,13.474,22.918,66.39,34.8,61.0,63.55799999999999,24.002000000000002,7.56,7.52,0,GOOD,LOW_RISK
STU00811,CIVIL,M,2021,HIGH,67.856,32.809999999999995,15.76,9.394,14.407999999999998,41.013999999999996,10.0,12.2,17.902,13.808000000000002,5.87,5.15,0,AVERAGE,MEDIUM_RISK
STU00812,EEE,M,2022,MEDIUM,69.64666666666666,33.01666666666667,15.979999999999999,4.94,23.27,39.57666666666666,12.333333333333334,41.0,14.023333333333333,8.213333333333333,4.93,4.71,0,AT_RISK,HIGH_RISK
STU00813,EEE,M,2023,MEDIUM,72.08399999999999,36.552,17.856,11.288,20.474,46.318,24.0,57.2,41.282,13.584,5.72,5.44,0,AVERAGE,MEDIUM_RISK
STU00814,CSE,F,2022,MEDIUM,72.60666666666667,50.0,23.929999999999996,15.0,21.08,42.09,16.333333333333332,52.333333333333336,31.94333333333333,10.840000000000002,6.02,6.48,0,AVERAGE,MEDIUM_RISK
STU00815,ECE,F,2022,LOW,81.88,46.47,25.0,14.85,25.0,81.82499999999999,50.0,85.5,78.35,33.614999999999995,8.3,8.46,0,GOOD,LOW_RISK
STU00816,MECH,M,2022,HIGH,68.01333333333334,41.04333333333333,20.985,11.745,24.304999999999996,49.77,20.833333333333332,65.16666666666667,45.28666666666667,19.581666666666667,4.75,6.08,0,AT_RISK,HIGH_RISK
STU00817,ECE,F,2021,HIGH,98.38499999999999,50.0,25.0,15.0,25.0,79.4,62.5,135.5,79.00999999999999,30.54,7.83,8.52,0,GOOD,LOW_RISK
STU00818,IT,F,2021,HIGH,95.332,50.0,25.0,15.0,24.098000000000003,77.07000000000001,51.2,119.4,86.826,32.501999999999995,8.21,8.71,0,GOOD,LOW_RISK
STU00819,IT,F,2023,LOW,86.75333333333333,50.0,23.58666666666667,15.0,25.0,66.58,48.666666666666664,139.66666666666666,83.44666666666667,31.72333333333333,8.7,7.99,0,EXCELLENT,LOW_RISK
STU00820,ECE,F,2023,HIGH,93.815,50.0,24.675,15.0,25.0,73.32499999999999,32.5,151.0,60.385,31.15,8.61,8.01,0,EXCELLENT,LOW_RISK
STU00821,CSE,M,2024,LOW,69.84333333333333,46.43666666666667,20.713333333333335,12.328333333333333,23.521666666666665,47.36166666666667,22.666666666666668,61.333333333333336,37.93,17.68,6.82,6.58,0,AVERAGE,MEDIUM_RISK
STU00822,CIVIL,F,2022,HIGH,68.90333333333332,40.028333333333336,20.591666666666665,11.883333333333333,21.185,41.475,16.666666666666668,52.0,24.243333333333336,10.448333333333332,7.03,6.11,0,GOOD,LOW_RISK
STU00823,MECH,F,2021,LOW,72.3325,38.0075,20.4125,14.1175,18.1675,54.837500000000006,17.0,51.0,37.815,17.7275,7.68,6.66,0,GOOD,LOW_RISK
STU00824,MECH,M,2023,MEDIUM,90.06333333333333,49.30166666666667,23.695000000000004,14.221666666666666,25.0,68.71166666666666,43.5,89.5,74.34833333333334,26.53833333333333,9.85,8.31,0,EXCELLENT,LOW_RISK
STU00825,ECE,F,2023,LOW,65.3675,37.42,21.9525,13.5075,19.58,45.275,16.75,53.0,25.9675,16.2775,4.7,5.57,0,AT_RISK,HIGH_RISK
STU00826,CIVIL,M,2024,MEDIUM,83.638,46.288,22.984,14.184000000000001,23.574,52.29600000000001,33.0,65.2,54.036,20.65,6.32,6.51,0,AVERAGE,MEDIUM_RISK
STU00827,MECH,F,2024,MEDIUM,94.85333333333334,50.0,25.0,15.0,25.0,75.78666666666668,69.0,120.66666666666667,82.73,25.136666666666667,7.61,8.77,0,GOOD,LOW_RISK
STU00828,IT,M,2022,LOW,71.72999999999999,35.666000000000004,19.804000000000002,13.13,20.484,50.244,19.0,44.2,20.982,10.886000000000001,6.12,5.71,0,AVERAGE,MEDIUM_RISK
STU00829,IT,M,2024,HIGH,76.854,48.977999999999994,24.784,14.654,24.148000000000003,58.702,37.6,99.0,63.638,21.631999999999998,6.99,7.27,0,AVERAGE,MEDIUM_RISK
STU00830,CIVIL,M,2021,MEDIUM,67.23666666666666,40.23333333333333,8.213333333333333,12.746666666666668,25.0,36.31333333333333,25.0,23.666666666666668,24.86,15.106666666666667,5.43,5.43,0,AVERAGE,MEDIUM_RISK
STU00831,CIVIL,F,2023,LOW,86.74,49.986000000000004,19.248,13.638,24.344,67.374,37.8,76.2,71.646,27.586000000000002,8.41,7.98,0,GOOD,LOW_RISK
STU00832,CIVIL,M,2021,HIGH,82.385,47.1925,22.985,14.445,25.0,56.8725,39.0,67.0,54.42,28.8475,6.88,6.78,0,AVERAGE,MEDIUM_RISK
STU00833,CIVIL,F,2021,LOW,73.82000000000001,43.266,15.008,14.99,20.834,50.129999999999995,20.6,53.0,36.653999999999996,14.280000000000001,6.28,6.59,0,AVERAGE,MEDIUM_RISK
STU00834,MECH,F,2023,HIGH,78.26,45.702,23.881999999999998,14.446000000000002,24.236,58.562,35.6,94.0,46.094,22.426000000000002,9.09,7.37,0,EXCELLENT,LOW_RISK
STU00835,EEE,F,2022,LOW,74.18666666666667,45.70333333333334,24.253333333333334,12.276666666666666,21.388333333333335,50.00833333333333,32.0,50.666666666666664,46.10333333333333,25.241666666666664,5.49,6.63,0,AVERAGE,MEDIUM_RISK
STU00836,MECH,M,2023,LOW,72.48,47.29666666666666,22.97,9.346666666666666,19.849999999999998,62.52333333333333,23.0,87.66666666666667,43.82,29.130000000000006,7.88,7.62,0,GOOD,LOW_RISK
STU00837,CSE,F,2024,MEDIUM,70.15333333333334,44.77,15.203333333333333,11.588333333333333,19.794999999999998,49.6,20.5,26.166666666666668,29.041666666666668,16.245,6.64,6.51,0,AVERAGE,MEDIUM_RISK
STU00838,ECE,M,2023,LOW,74.585,47.12166666666667,20.541666666666668,11.448333333333332,22.088333333333335,58.22,17.833333333333332,83.16666666666667,50.685,24.373333333333335,6.61,6.95,0,AVERAGE,MEDIUM_RISK
STU00839,CSE,F,2021,MEDIUM,76.228,44.294,21.1,12.776,19.186,45.112,14.6,77.0,46.79,13.0,6.68,6.37,0,AVERAGE,MEDIUM_RISK
STU00840,EEE,F,2023,LOW,78.378,50.0,25.0,13.482,23.814,52.86800000000001,35.2,76.8,51.57000000000001,13.916,7.93,6.95,0,GOOD,LOW_RISK
STU00841,CIVIL,F,2023,LOW,72.712,40.414,18.944,12.498000000000001,18.362000000000002,55.9,18.4,55.4,43.396,17.678,6.75,6.69,0,AVERAGE,MEDIUM_RISK
STU00842,ECE,M,2021,LOW,91.38,50.0,25.0,15.0,25.0,83.56666666666666,52.333333333333336,168.33333333333334,92.82666666666667,48.333333333333336,8.73,8.98,0,EXCELLENT,LOW_RISK
STU00843,EEE,F,2021,HIGH,66.808,36.198,18.922,11.684000000000001,17.842000000000002,54.536,6.6,21.4,16.5,10.362,6.82,5.76,0,AVERAGE,MEDIUM_RISK
STU00844,CSE,M,2024,HIGH,74.47,46.5125,22.759999999999998,12.5125,24.3125,49.8125,22.75,59.0,45.96,17.195,7.05,6.92,0,GOOD,LOW_RISK
STU00845,IT,F,2021,MEDIUM,67.92,50.0,22.5625,9.555,25.0,53.620000000000005,31.0,73.25,38.6525,19.24,6.86,7.22,0,AVERAGE,MEDIUM_RISK
STU00846,EEE,M,2024,HIGH,91.00999999999999,46.39,25.0,14.2425,25.0,73.4375,46.5,100.0,81.4825,33.2125,6.68,8.01,0,AVERAGE,MEDIUM_RISK
STU00847,CIVIL,F,2022,LOW,75.03999999999999,39.336,19.78,11.308,22.884,37.096000000000004,24.6,53.4,34.732,15.868,6.26,6.05,0,AVERAGE,MEDIUM_RISK
STU00848,CSE,M,2023,MEDIUM,90.55,50.0,25.0,15.0,23.475,71.38,47.5,157.0,76.95,22.615000000000002,8.2,8.05,0,GOOD,LOW_RISK
STU00849,IT,F,2024,LOW,74.815,48.275,25.0,15.0,22.325000000000003,56.045,34.5,54.0,68.185,35.665,6.83,6.74,0,AVERAGE,MEDIUM_RISK
STU00850,EEE,F,2024,LOW,63.224999999999994,44.205,14.28,4.29,9.64,50.480000000000004,3.5,68.5,17.09,2.0,7.42,6.52,0,GOOD,LOW_RISK
STU00851,MECH,F,2024,HIGH,90.84666666666665,50.0,25.0,14.936666666666667,25.0,70.73666666666666,47.0,109.0,74.89999999999999,35.18333333333333,7.86,8.08,0,GOOD,LOW_RISK
STU00852,MECH,F,2023,MEDIUM,94.16499999999999,49.81,24.189999999999998,8.49,24.475,67.295,53.0,113.5,80.705,28.470000000000002,9.28,7.78,0,EXCELLENT,LOW_RISK
STU00853,CSE,M,2022,MEDIUM,81.935,50.0,25.0,14.455,24.8,42.260000000000005,39.5,74.5,62.925,25.03,6.37,6.62,0,AVERAGE,MEDIUM_RISK
STU00854,EEE,M,2024,MEDIUM,68.11,43.71666666666667,22.040000000000003,9.256666666666668,12.43,38.15,10.0,13.0,7.0200000000000005,3.426666666666667,7.58,6.21,0,GOOD,LOW_RISK
STU00855,MECH,F,2022,LOW,84.668,50.0,24.642000000000003,14.65,25.0,66.306,39.6,109.4,74.2,34.782,7.41,8.14,0,GOOD,LOW_RISK
STU00856,IT,F,2024,HIGH,78.66166666666666,47.14000000000001,23.176666666666666,12.906666666666666,21.505,52.703333333333326,25.666666666666668,63.5,49.89666666666667,16.548333333333336,7.13,7.09,0,GOOD,LOW_RISK
STU00857,CIVIL,F,2022,HIGH,70.1975,34.2325,17.91,10.925,19.442500000000003,48.9875,12.75,51.0,31.7475,9.55,6.08,5.36,0,AVERAGE,MEDIUM_RISK
STU00858,IT,M,2023,LOW,65.01666666666667,30.113333333333333,12.033333333333333,6.883333333333334,15.583333333333334,35.72,11.333333333333334,7.0,21.113333333333333,5.760000000000001,3.85,4.82,1,AT_RISK,HIGH_RISK
STU00859,CIVIL,F,2022,HIGH,81.66499999999999,47.89,24.9,14.26,22.675,52.2275,29.5,63.75,60.8275,23.122500000000002,5.51,6.83,0,AVERAGE,MEDIUM_RISK
STU00860,EEE,M,2024,MEDIUM,82.60666666666667,49.583333333333336,21.46166666666667,13.506666666666666,25.0,65.00666666666666,33.666666666666664,70.5,61.75833333333333,25.38333333333333,7.04,7.82,0,GOOD,LOW_RISK
STU00861,ECE,F,2023,HIGH,64.78999999999999,45.947500000000005,17.9425,12.495000000000001,20.8525,39.582499999999996,21.75,31.5,32.417500000000004,2.855,6.79,6.06,0,AVERAGE,MEDIUM_RISK
STU00862,ECE,M,2021,MEDIUM,70.58,47.82666666666666,21.405,13.271666666666667,21.55,45.324999999999996,23.166666666666668,63.166666666666664,35.04,14.876666666666667,6.8,6.08,0,AVERAGE,MEDIUM_RISK
STU00863,EEE,F,2021,HIGH,69.64,31.477999999999998,15.264,7.124,13.55,43.346000000000004,8.8,27.4,19.508,4.718,5.59,4.93,0,AVERAGE,MEDIUM_RISK
STU00864,ECE,F,2023,MEDIUM,72.728,41.274,22.363999999999997,13.038,22.886000000000003,41.314,17.2,52.6,31.0,16.631999999999998,6.06,5.97,0,AVERAGE,MEDIUM_RISK
STU00865,MECH,F,2024,HIGH,65.93,43.998000000000005,20.828,13.563999999999998,23.142,36.62,33.6,41.2,30.148000000000003,11.482,6.69,5.6,0,AVERAGE,MEDIUM_RISK
STU00866,CSE,M,2023,HIGH,76.93333333333334,49.52333333333333,21.066666666666666,15.0,22.323333333333334,64.72333333333334,30.666666666666668,93.66666666666667,52.07,22.83666666666667,7.59,8.14,0,GOOD,LOW_RISK
STU00867,ECE,M,2023,HIGH,90.21,50.0,25.0,15.0,25.0,79.12,40.0,109.0,83.88333333333334,31.146666666666665,9.39,9.23,0,EXCELLENT,LOW_RISK
STU00868,CIVIL,M,2024,LOW,77.77799999999999,47.62,20.842000000000002,13.148,23.564,64.976,37.2,60.2,59.034000000000006,16.806,9.23,7.77,0,EXCELLENT,LOW_RISK
STU00869,EEE,F,2021,LOW,67.6875,48.6975,22.855,11.2425,19.64,44.772499999999994,27.0,58.5,47.77,14.704999999999998,6.27,6.3,0,AVERAGE,MEDIUM_RISK
STU00870,EEE,F,2023,HIGH,81.22833333333334,48.251666666666665,20.675,14.770000000000001,23.785,58.35833333333333,24.0,85.16666666666667,58.63666666666666,23.89333333333333,8.12,7.28,0,GOOD,LOW_RISK
STU00871,EEE,M,2021,MEDIUM,90.39666666666666,50.0,22.650000000000002,15.0,25.0,86.3,51.666666666666664,98.0,98.51666666666667,40.32,9.18,9.11,0,EXCELLENT,LOW_RISK
STU00872,MECH,M,2021,HIGH,86.31333333333333,50.0,25.0,14.683333333333332,23.44333333333333,77.295,37.166666666666664,96.83333333333333,68.835,34.11833333333333,7.82,8.75,0,GOOD,LOW_RISK
STU00873,MECH,F,2021,MEDIUM,94.07,50.0,25.0,15.0,25.0,73.515,50.0,135.5,86.68,31.625,9.17,8.63,0,EXCELLENT,LOW_RISK
STU00874,ECE,F,2021,LOW,76.16833333333334,41.54666666666667,24.718333333333334,12.858333333333334,22.761666666666667,44.288333333333334,23.166666666666668,72.83333333333333,47.14166666666667,17.745,5.71,5.94,0,AVERAGE,MEDIUM_RISK
STU00875,EEE,F,2022,HIGH,61.33,29.285,13.1175,8.879999999999999,14.4725,32.5375,8.75,8.75,4.960000000000001,5.7425,4.32,4.4,0,AT_RISK,HIGH_RISK
STU00876,CSE,F,2023,HIGH,71.22,48.129999999999995,22.35666666666667,11.844999999999999,20.865,52.696666666666665,18.333333333333332,59.166666666666664,33.26833333333334,12.683333333333332,7.0,6.9,0,AVERAGE,MEDIUM_RISK
STU00877,EEE,M,2021,MEDIUM,73.04333333333334,50.0,25.0,12.38,25.0,67.98,53.0,108.33333333333333,81.21666666666667,34.63333333333333,9.39,7.97,0,EXCELLENT,LOW_RISK
STU00878,CIVIL,F,2022,LOW,72.80666666666667,48.66,18.3,14.993333333333334,24.203333333333333,55.89333333333334,28.333333333333332,33.0,39.63333333333333,20.52,7.58,7.43,0,GOOD,LOW_RISK
STU00879,MECH,M,2021,LOW,85.668,49.988,25.0,14.142000000000001,25.0,74.562,53.2,124.8,75.1,33.959999999999994,8.54,8.33,0,EXCELLENT,LOW_RISK
STU00880,IT,F,2024,LOW,75.5875,50.0,16.4025,12.18,21.52,42.887499999999996,19.25,33.25,39.754999999999995,18.2575,6.49,6.76,0,AVERAGE,MEDIUM_RISK
STU00881,MECH,F,2024,LOW,80.54499999999999,45.575,25.0,12.17,25.0,61.645,38.0,84.0,48.05,18.96,6.74,7.43,0,AVERAGE,MEDIUM_RISK
STU00882,CSE,M,2022,MEDIUM,74.09,39.545,17.76,12.27,20.2775,48.84,9.5,34.75,29.7125,9.8875,7.49,5.96,0,GOOD,LOW_RISK
STU00883,CIVIL,F,2021,LOW,90.625,50.0,23.855,14.9775,24.7425,77.36,48.5,135.5,86.44,22.165,9.02,8.42,0,EXCELLENT,LOW_RISK
STU00884,CSE,M,2023,HIGH,84.39333333333333,48.17333333333334,22.176666666666666,15.0,25.0,61.36333333333332,25.333333333333332,125.0,51.21666666666667,33.25,6.78,7.27,0,AVERAGE,MEDIUM_RISK
STU00885,EEE,M,2024,LOW,75.27,46.49333333333333,21.59166666666667,14.728333333333333,23.308333333333334,57.91166666666667,24.166666666666668,46.666666666666664,45.17166666666666,22.548333333333332,6.74,7.18,0,AVERAGE,MEDIUM_RISK
STU00886,IT,M,2023,MEDIUM,63.78666666666666,33.626666666666665,13.055,9.201666666666666,12.991666666666667,32.88833333333333,4.5,2.5,9.91,7.576666666666665,3.83,4.58,0,AT_RISK,HIGH_RISK
STU00887,CSE,M,2021,HIGH,71.59333333333333,47.55666666666667,16.976666666666667,8.876666666666667,24.373333333333335,40.879999999999995,26.0,76.66666666666667,38.913333333333334,22.393333333333334,6.8,6.72,0,AVERAGE,MEDIUM_RISK
STU00888,ECE,M,2021,HIGH,77.44999999999999,40.265,25.0,13.77,23.55,45.625,40.0,80.0,44.785,7.01,6.63,6.13,0,AVERAGE,MEDIUM_RISK
STU00889,EEE,F,2024,LOW,69.585,48.38333333333333,22.505,13.973333333333334,22.64833333333333,49.11666666666667,21.333333333333332,52.166666666666664,39.87,17.419999999999998,5.71,6.94,0,AVERAGE,MEDIUM_RISK
STU00890,CSE,F,2023,LOW,80.14,48.31333333333333,21.583333333333332,13.338333333333333,22.05,57.95166666666666,23.0,39.0,40.75333333333334,17.631666666666668,7.11,7.69,0,GOOD,LOW_RISK
STU00891,ECE,M,2024,MEDIUM,78.98666666666666,50.0,25.0,15.0,25.0,85.70666666666666,36.0,91.66666666666667,76.43333333333334,30.863333333333333,8.77,8.7,0,EXCELLENT,LOW_RISK
STU00892,MECH,M,2024,LOW,81.49166666666666,50.0,24.865,15.0,25.0,65.675,33.166666666666664,92.0,67.46666666666667,27.425,6.59,7.93,0,AVERAGE,MEDIUM_RISK
STU00893,IT,F,2021,MEDIUM,88.94,50.0,25.0,14.355,25.0,72.28,43.0,128.5,72.23,34.45,8.54,8.13,0,EXCELLENT,LOW_RISK
STU00894,CSE,M,2022,MEDIUM,75.54499999999999,46.94,25.0,15.0,25.0,40.870000000000005,20.5,38.5,62.335,27.585,5.28,5.52,0,AVERAGE,MEDIUM_RISK
STU00895,IT,M,2022,LOW,66.49333333333334,32.95666666666667,20.173333333333332,7.72,24.756666666666664,42.74666666666667,18.333333333333332,15.666666666666666,25.81,2.92,4.34,5.09,2,AT_RISK,HIGH_RISK
STU00896,EEE,M,2023,MEDIUM,73.66499999999999,26.805,15.3,13.059999999999999,20.07,40.555,7.0,33.5,23.235,9.625,2.57,4.56,1,AT_RISK,HIGH_RISK
STU00897,CSE,F,2022,LOW,71.2475,41.25,20.5125,12.8575,19.015,51.1075,13.75,66.5,36.6975,14.8175,5.67,6.28,0,AVERAGE,MEDIUM_RISK
STU00898,EEE,F,2022,LOW,84.17,47.154,23.740000000000002,13.646,24.546,66.334,35.8,86.8,57.23,19.44,7.57,7.9,0,GOOD,LOW_RISK
STU00899,MECH,F,2023,MEDIUM,96.03,49.155,25.0,11.94,25.0,61.69,40.0,106.5,64.4,6.795,8.54,7.75,0,EXCELLENT,LOW_RISK
STU00900,EEE,F,2023,HIGH,78.59,46.915,24.165,15.0,25.0,57.65,28.5,73.5,43.86,19.845,7.27,7.23,0,GOOD,LOW_RISK
STU00901,CIVIL,M,2023,MEDIUM,82.4,50.0,22.975,13.705,24.84,56.095,42.5,110.5,83.155,17.47,6.29,7.35,0,AVERAGE,MEDIUM_RISK
STU00902,EEE,M,2021,LOW,77.842,46.54,24.962,13.14,24.076,53.525999999999996,25.2,100.0,55.35999999999999,20.02,7.17,6.76,0,GOOD,LOW_RISK
STU00903,MECH,M,2021,HIGH,87.1975,47.4625,25.0,14.855,25.0,68.1275,34.5,112.0,84.535,26.63,7.92,7.72,0,GOOD,LOW_RISK
STU00904,CSE,F,2023,LOW,80.47,50.0,25.0,13.315000000000001,25.0,70.485,37.5,103.5,65.845,5.52,9.27,8.54,0,EXCELLENT,LOW_RISK
STU00905,CSE,M,2021,MEDIUM,66.095,45.4525,22.0875,14.685,19.405,58.975,28.25,60.75,38.84,7.0125,7.07,6.89,0,GOOD,LOW_RISK
STU00906,MECH,F,2022,MEDIUM,77.68,47.915,25.0,11.86,21.095,47.395,21.5,46.5,50.785,26.46,5.91,6.38,0,AVERAGE,MEDIUM_RISK
STU00907,IT,M,2024,HIGH,87.89399999999999,50.0,24.218,13.941999999999998,24.696,65.658,39.8,140.8,77.234,15.157999999999998,7.85,7.93,0,GOOD,LOW_RISK
STU00908,CIVIL,F,2022,LOW,94.35499999999999,50.0,25.0,15.0,25.0,62.43,50.0,127.0,84.965,31.455000000000002,7.31,7.54,0,GOOD,LOW_RISK
STU00909,IT,M,2023,LOW,68.845,37.644999999999996,20.810000000000002,9.545,22.485,42.754999999999995,19.0,49.5,41.105,8.945,5.4,5.56,0,AVERAGE,MEDIUM_RISK
STU00910,CSE,F,2021,MEDIUM,71.5,44.169999999999995,25.0,12.1,19.393333333333334,46.85333333333333,14.333333333333334,22.0,28.849999999999998,12.386666666666665,7.86,6.43,0,GOOD,LOW_RISK
STU00911,CIVIL,F,2021,LOW,76.59400000000001,43.6,24.598,13.334,23.548,51.071999999999996,27.8,60.0,42.256,17.206,5.84,6.46,0,AVERAGE,MEDIUM_RISK
STU00912,EEE,M,2024,MEDIUM,68.58833333333332,35.141666666666666,17.336666666666666,12.881666666666668,16.355,39.15,25.833333333333332,32.666666666666664,23.251666666666665,14.64,5.2,5.18,0,AVERAGE,MEDIUM_RISK
STU00913,IT,F,2022,LOW,82.94,50.0,22.336666666666662,15.0,23.786666666666665,57.15,62.0,105.0,76.10000000000001,35.160000000000004,7.49,7.52,0,GOOD,LOW_RISK
STU00914,CSE,M,2024,LOW,71.055,48.28,20.939999999999998,14.865,23.165,56.964999999999996,31.0,60.5,58.69499999999999,18.145,5.82,6.92,0,AVERAGE,MEDIUM_RISK
STU00915,ECE,M,2024,MEDIUM,63.25833333333333,43.278333333333336,20.865,11.883333333333333,15.985,48.98,6.833333333333333,14.333333333333334,13.854999999999999,9.78,7.53,6.34,0,GOOD,LOW_RISK
STU00916,CSE,F,2024,LOW,65.1275,32.9,17.9075,7.734999999999999,16.1825,28.9225,19.0,9.0,24.0675,8.04,4.47,4.83,0,AT_RISK,HIGH_RISK
STU00917,MECH,F,2021,LOW,79.76833333333333,49.91,23.361666666666665,14.581666666666665,24.316666666666666,66.58666666666666,37.666666666666664,80.0,45.95166666666666,26.888333333333335,9.05,8.19,0,EXCELLENT,LOW_RISK
STU00918,ECE,M,2024,HIGH,87.498,50.0,24.656,14.934000000000001,25.0,75.52799999999999,30.0,95.4,71.864,30.992,8.75,8.47,0,EXCELLENT,LOW_RISK
STU00919,IT,M,2022,HIGH,90.28,50.0,22.615000000000002,14.440000000000001,23.9,65.055,48.5,117.0,88.18,43.705,7.99,7.89,0,GOOD,LOW_RISK
STU00920,MECH,F,2021,LOW,71.79,44.096666666666664,21.206666666666667,12.1,20.68,54.97,15.666666666666666,63.0,38.733333333333334,15.969999999999999,7.49,7.14,0,GOOD,LOW_RISK
STU00921,MECH,F,2022,MEDIUM,80.495,45.52,25.0,12.685,20.6475,51.275,31.0,47.0,28.405,23.4175,6.92,6.78,0,AVERAGE,MEDIUM_RISK
STU00922,MECH,M,2022,LOW,76.1125,41.415,23.815,14.8675,20.145,61.8275,19.5,59.25,42.6725,15.54,7.4,7.03,0,GOOD,LOW_RISK
STU00923,IT,F,2022,HIGH,84.33250000000001,50.0,25.0,14.557500000000001,25.0,75.0825,47.0,101.0,69.725,24.0775,8.79,8.4,0,EXCELLENT,LOW_RISK
STU00924,ECE,M,2023,LOW,61.758,33.214,16.962,10.687999999999999,19.012,40.994,19.0,12.8,17.613999999999997,4.79,3.96,5.12,0,AT_RISK,HIGH_RISK
STU00925,EEE,M,2021,LOW,84.355,45.855000000000004,25.0,11.3,25.0,86.75999999999999,18.5,78.0,71.17,23.11,8.41,8.72,0,GOOD,LOW_RISK
STU00926,CSE,F,2023,HIGH,89.53166666666665,50.0,25.0,15.0,25.0,64.17333333333333,41.0,115.0,78.28333333333333,27.923333333333332,7.49,7.53,0,GOOD,LOW_RISK
STU00927,CSE,F,2023,LOW,78.29333333333334,45.00666666666667,23.131666666666664,11.906666666666666,23.103333333333335,53.1,25.5,48.666666666666664,45.605,22.118333333333336,7.79,6.84,0,GOOD,LOW_RISK
STU00928,IT,M,2023,MEDIUM,70.07333333333334,38.776666666666664,18.62,13.303333333333333,21.261666666666667,48.41833333333333,20.833333333333332,41.833333333333336,34.25833333333333,12.826666666666666,6.19,6.29,0,AVERAGE,MEDIUM_RISK
STU00929,EEE,M,2021,LOW,76.53333333333335,48.94,18.083333333333332,7.989999999999999,16.06,37.63666666666666,22.0,55.0,27.573333333333334,11.843333333333334,6.92,6.3,0,AVERAGE,MEDIUM_RISK
STU00930,MECH,M,2022,MEDIUM,84.824,50.0,25.0,14.440000000000001,25.0,68.842,48.4,132.0,80.97999999999999,19.844,8.9,7.99,0,EXCELLENT,LOW_RISK
STU00931,CSE,F,2024,HIGH,82.27333333333333,46.25666666666666,20.313333333333333,15.0,20.476666666666667,54.416666666666664,25.333333333333332,40.0,54.35666666666666,15.373333333333335,8.74,7.42,0,EXCELLENT,LOW_RISK
STU00932,EEE,F,2023,HIGH,66.5925,25.7475,19.0625,8.7475,14.8075,40.317499999999995,14.25,33.5,14.51,9.477500000000001,4.19,4.12,0,AT_RISK,HIGH_RISK
STU00933,ECE,F,2024,LOW,82.35,45.175,21.6,13.305,24.705,61.465,22.0,82.0,61.125,15.015,8.18,7.36,0,GOOD,LOW_RISK
STU00934,CIVIL,F,2021,HIGH,73.725,45.68,25.0,12.190000000000001,23.8,61.765,39.0,98.5,61.215,24.72,7.16,7.58,0,GOOD,LOW_RISK
STU00935,CSE,M,2022,MEDIUM,77.976,45.93,22.544,13.416,22.43,59.144000000000005,34.8,82.4,44.99,20.666,6.07,7.43,0,AVERAGE,MEDIUM_RISK
STU00936,EEE,F,2022,MEDIUM,88.23,49.51166666666666,25.0,12.928333333333333,24.816666666666666,68.565,36.333333333333336,110.0,81.58833333333334,29.66,8.46,8.14,0,GOOD,LOW_RISK
STU00937,EEE,F,2023,LOW,72.25333333333333,47.24666666666667,19.583333333333332,15.0,20.37,55.68000000000001,31.666666666666668,48.0,47.39666666666667,13.603333333333333,8.37,7.0,0,GOOD,LOW_RISK
STU00938,EEE,M,2023,HIGH,90.015,50.0,25.0,15.0,25.0,78.155,51.0,79.5,69.26,40.08,8.7,8.55,0,EXCELLENT,LOW_RISK
STU00939,ECE,M,2023,LOW,76.4025,46.3275,17.45,12.385,21.1175,53.15,27.75,42.75,45.777499999999996,15.842500000000001,7.74,7.01,0,GOOD,LOW_RISK
STU00940,IT,F,2022,HIGH,91.13399999999999,50.0,25.0,15.0,25.0,81.458,49.8,154.0,86.44800000000001,29.118000000000002,9.18,9.06,0,EXCELLENT,LOW_RISK
STU00941,MECH,F,2023,LOW,71.095,36.395,20.055,12.7,20.735,49.41,7.5,23.0,28.67,14.465,6.48,5.96,0,AVERAGE,MEDIUM_RISK
STU00942,IT,M,2022,MEDIUM,87.69666666666667,50.0,22.55,15.0,24.19666666666667,66.45,38.666666666666664,70.66666666666667,53.14333333333334,28.566666666666666,8.64,7.85,0,EXCELLENT,LOW_RISK
STU00943,CIVIL,M,2022,LOW,68.692,29.99,20.172,12.3,17.496000000000002,28.468,11.6,16.0,3.95,8.49,4.86,4.23,0,AT_RISK,HIGH_RISK
STU00944,CSE,F,2021,MEDIUM,78.36333333333333,50.0,18.28,14.950000000000001,25.0,54.53,18.666666666666668,92.66666666666667,47.03666666666667,25.53333333333333,8.11,7.42,0,GOOD,LOW_RISK
STU00945,EEE,M,2021,MEDIUM,76.962,48.632,21.35,13.344,23.054,60.815999999999995,27.8,57.8,55.15599999999999,22.119999999999997,7.19,7.76,0,GOOD,LOW_RISK
STU00946,EEE,F,2023,HIGH,74.475,44.1625,19.3375,12.17,19.21,59.754999999999995,26.5,50.5,27.325,15.38,7.59,7.1,0,GOOD,LOW_RISK
STU00947,CSE,M,2023,LOW,77.60249999999999,48.4975,24.1375,13.5075,21.9975,70.045,27.25,96.0,54.1125,17.515,7.65,8.22,0,GOOD,LOW_RISK
STU00948,ECE,M,2021,HIGH,71.8775,47.9225,23.5675,12.405,20.4025,53.4275,27.75,52.5,47.09,17.305,7.31,7.19,0,GOOD,LOW_RISK
STU00949,ECE,F,2024,MEDIUM,85.79249999999999,50.0,23.2725,12.145,24.92,65.2875,47.25,106.25,69.1375,22.615,8.17,8.06,0,GOOD,LOW_RISK
STU00950,CIVIL,F,2024,HIGH,67.96333333333332,36.93666666666667,20.155,10.591666666666667,22.416666666666668,44.995000000000005,11.666666666666666,40.666666666666664,27.19666666666667,12.293333333333335,6.66,5.44,0,AVERAGE,MEDIUM_RISK
STU00951,CIVIL,M,2021,MEDIUM,73.01666666666667,37.693333333333335,20.315,8.171666666666667,20.595,40.574999999999996,22.5,35.166666666666664,19.953333333333333,13.908333333333333,5.68,5.6,0,AVERAGE,MEDIUM_RISK
STU00952,ECE,M,2021,MEDIUM,81.354,50.0,24.476,14.084,25.0,71.024,43.6,123.0,81.542,23.802,9.6,8.4,0,EXCELLENT,LOW_RISK
STU00953,EEE,F,2023,HIGH,86.57249999999999,49.975,23.895,13.9025,25.0,74.755,49.25,99.5,68.895,33.5375,8.25,8.42,0,GOOD,LOW_RISK
STU00954,IT,M,2024,MEDIUM,72.56800000000001,49.536,22.21,13.892000000000001,24.422,62.44,33.6,92.8,50.524,20.334,7.45,7.51,0,GOOD,LOW_RISK
STU00955,IT,M,2021,MEDIUM,65.268,38.768,16.204,11.558,18.698,40.152,21.6,45.0,25.268,13.274000000000001,6.4,5.64,0,AVERAGE,MEDIUM_RISK
STU00956,ECE,M,2024,LOW,67.61,46.35,24.92,9.29,19.965,63.075,30.0,74.5,48.68,14.68,6.43,7.44,0,AVERAGE,MEDIUM_RISK
STU00957,ECE,M,2023,MEDIUM,69.68,44.413333333333334,19.663333333333334,14.93,19.703333333333333,47.803333333333335,23.666666666666668,74.0,45.576666666666675,6.406666666666666,6.69,6.34,0,AVERAGE,MEDIUM_RISK
STU00958,CIVIL,F,2022,MEDIUM,74.97,47.765,17.11,13.825,24.21,40.75,29.0,51.0,41.260000000000005,23.725,5.96,5.66,0,AVERAGE,MEDIUM_RISK
STU00959,EEE,M,2022,LOW,66.785,43.27,22.7425,11.115,16.48,49.045,19.25,28.5,28.465,11.39,6.45,6.2,0,AVERAGE,MEDIUM_RISK
STU00960,ECE,M,2022,MEDIUM,68.27666666666666,49.946666666666665,23.80666666666667,12.843333333333334,20.613333333333333,60.126666666666665,28.333333333333332,102.33333333333333,49.68666666666667,18.333333333333332,7.74,7.66,0,GOOD,LOW_RISK
STU00961,ECE,M,2024,LOW,67.466,37.576,23.724,11.309999999999999,21.64,37.872,25.2,24.0,18.96,12.918000000000001,3.91,5.11,0,AT_RISK,HIGH_RISK
STU00962,CSE,F,2023,LOW,75.934,48.554,21.81,11.251999999999999,22.502,51.284000000000006,30.2,29.6,41.222,8.559999999999999,6.54,7.07,0,AVERAGE,MEDIUM_RISK
STU00963,EEE,M,2021,HIGH,77.615,44.8125,19.1775,13.68,23.165,51.4675,27.0,64.75,34.4875,28.157500000000002,8.3,7.0,0,GOOD,LOW_RISK
STU00964,CSE,F,2024,LOW,85.38,50.0,25.0,14.680000000000001,24.622,71.11,35.4,105.6,79.122,37.306,8.55,8.5,0,EXCELLENT,LOW_RISK
STU00965,CSE,F,2022,LOW,66.5975,30.745,14.39,9.2075,18.865000000000002,27.7425,16.25,51.0,25.115000000000002,5.422499999999999,5.1,4.21,0,AVERAGE,MEDIUM_RISK
STU00966,ECE,M,2022,LOW,71.64,37.775000000000006,21.675,11.855,22.950000000000003,61.955,29.5,34.0,41.620000000000005,16.675,6.91,6.63,0,AVERAGE,MEDIUM_RISK
STU00967,MECH,F,2024,LOW,69.62,41.07666666666666,19.73,13.556666666666667,22.47666666666667,34.67333333333333,21.666666666666668,19.666666666666668,15.543333333333335,10.373333333333333,3.79,5.17,3,AT_RISK,HIGH_RISK
STU00968,ECE,M,2021,MEDIUM,90.5875,50.0,19.535,14.71,25.0,77.39,45.0,117.0,70.2375,36.052499999999995,8.41,8.69,0,GOOD,LOW_RISK
STU00969,CIVIL,F,2021,MEDIUM,90.24000000000001,50.0,14.39,15.0,22.715,53.01,31.0,86.0,56.375,20.895,5.86,7.23,0,AVERAGE,MEDIUM_RISK
STU00970,CIVIL,F,2024,HIGH,86.03,50.0,23.32,13.515,25.0,68.87,54.0,95.0,84.65,29.75,8.08,8.13,0,GOOD,LOW_RISK
STU00971,ECE,M,2023,LOW,84.82,50.0,25.0,14.469999999999999,25.0,66.87,36.0,79.5,69.65,21.94,6.67,7.78,0,AVERAGE,MEDIUM_RISK
STU00972,CSE,M,2022,HIGH,89.815,50.0,24.59,15.0,25.0,64.32000000000001,41.0,145.75,74.3575,35.1425,8.33,8.01,0,GOOD,LOW_RISK
STU00973,ECE,M,2021,LOW,79.57,43.5,20.04,10.94,25.0,44.615,36.0,85.0,64.38,27.634999999999998,3.86,5.67,0,AT_RISK,HIGH_RISK
STU00974,MECH,F,2021,HIGH,93.83000000000001,50.0,25.0,15.0,25.0,62.8,49.0,131.5,83.08,39.41,8.39,7.67,0,GOOD,LOW_RISK
STU00975,EEE,M,2023,LOW,69.2175,37.792500000000004,13.58,7.907500000000001,16.3075,52.52,11.5,13.5,12.2825,7.84,8.05,6.56,0,GOOD,LOW_RISK
STU00976,CIVIL,M,2023,HIGH,87.62333333333333,50.0,22.623333333333335,15.0,24.49,73.06333333333333,37.333333333333336,111.0,74.31333333333333,29.91333333333333,9.37,8.23,0,EXCELLENT,LOW_RISK
STU00977,MECH,F,2024,MEDIUM,76.27,48.04,16.599999999999998,13.476666666666667,21.19333333333333,51.81666666666666,19.333333333333332,55.666666666666664,41.86666666666667,28.456666666666667,5.3,7.02,0,AVERAGE,MEDIUM_RISK
STU00978,MECH,M,2024,HIGH,81.832,50.0,24.566,14.362,23.226,62.46,44.8,113.8,69.99199999999999,22.718,8.82,8.04,0,EXCELLENT,LOW_RISK
STU00979,MECH,F,2024,HIGH,73.715,44.525,22.180000000000003,12.464999999999998,20.026666666666667,51.11166666666667,20.166666666666668,48.333333333333336,25.971666666666664,9.808333333333332,5.5,6.64,0,AVERAGE,MEDIUM_RISK
STU00980,CSE,M,2021,LOW,85.37,48.625,20.8075,13.504999999999999,23.1675,71.3075,43.75,101.75,77.7175,24.57,8.75,8.24,0,EXCELLENT,LOW_RISK
STU00981,CIVIL,F,2023,LOW,62.598,33.176,17.304000000000002,12.264,20.592000000000002,49.364,16.0,36.6,27.038,10.906,4.65,6.19,0,AT_RISK,HIGH_RISK
STU00982,ECE,F,2024,LOW,73.155,41.504999999999995,20.79,15.0,24.85,57.885000000000005,21.0,84.5,43.47,21.035,7.26,6.64,0,GOOD,LOW_RISK
STU00983,ECE,F,2022,MEDIUM,74.205,50.0,16.15,13.370000000000001,24.115000000000002,50.625,28.0,63.0,44.375,19.63,7.6,7.26,0,GOOD,LOW_RISK
STU00984,CSE,M,2024,HIGH,89.45599999999999,50.0,25.0,15.0,25.0,76.404,57.2,117.4,92.392,36.356,7.53,8.46,0,GOOD,LOW_RISK
STU00985,IT,M,2024,HIGH,88.27,49.4425,25.0,13.5775,25.0,62.612500000000004,40.5,100.5,61.59,18.52,7.88,7.59,0,GOOD,LOW_RISK
STU00986,CSE,M,2022,MEDIUM,70.13333333333334,43.74166666666667,21.294999999999998,9.531666666666666,23.041666666666668,40.93666666666667,22.666666666666668,54.666666666666664,38.93333333333333,18.688333333333333,5.63,5.63,0,AVERAGE,MEDIUM_RISK
STU00987,MECH,M,2023,LOW,75.91499999999999,45.974999999999994,21.405,12.14,18.72,51.665,21.5,87.0,36.980000000000004,29.495,7.09,6.74,0,GOOD,LOW_RISK
STU00988,CSE,M,2023,MEDIUM,67.145,36.68666666666667,17.491666666666667,12.028333333333334,22.203333333333333,44.85166666666667,14.333333333333334,47.166666666666664,39.18666666666667,10.256666666666666,4.36,5.72,1,AT_RISK,HIGH_RISK
STU00989,ECE,M,2022,MEDIUM,77.512,46.974000000000004,23.756,13.557999999999998,20.166,59.234,23.0,54.4,40.482,14.398000000000001,7.65,7.26,0,GOOD,LOW_RISK
STU00990,CIVIL,F,2021,HIGH,93.785,50.0,24.134999999999998,13.54,23.935,73.655,44.25,91.5,82.545,34.4825,9.36,8.48,0,EXCELLENT,LOW_RISK
STU00991,IT,F,2023,MEDIUM,78.11,49.6,25.0,10.89,24.1,47.5325,23.75,115.0,55.59,22.0125,7.13,6.57,0,GOOD,LOW_RISK
STU00992,IT,M,2023,LOW,81.43,50.0,23.1525,15.0,24.9425,75.6625,48.5,121.0,72.19,32.235,7.45,8.24,0,GOOD,LOW_RISK
STU00993,ECE,M,2023,HIGH,83.55333333333333,49.18,23.221666666666664,13.340000000000002,24.233333333333334,59.85833333333333,29.833333333333332,94.83333333333333,56.666666666666664,18.71,7.92,7.44,0,GOOD,LOW_RISK
STU00994,MECH,M,2024,LOW,81.08500000000001,50.0,22.740000000000002,1.52,20.72,56.785,30.0,74.0,57.015,19.0,6.65,7.31,0,AVERAGE,MEDIUM_RISK
STU00995,ECE,F,2021,LOW,81.506,50.0,24.514,15.0,23.784,71.122,37.0,99.6,58.053999999999995,32.912,7.54,8.09,0,GOOD,LOW_RISK
STU00996,MECH,M,2024,MEDIUM,77.79333333333334,50.0,23.743333333333336,12.843333333333334,24.179999999999996,56.52333333333333,27.0,68.33333333333333,38.51,12.660000000000002,6.23,7.31,0,AVERAGE,MEDIUM_RISK
STU00997,CIVIL,F,2023,LOW,60.830000000000005,18.8,12.33,10.946666666666667,9.799999999999999,40.18666666666667,0.0,47.666666666666664,8.52,8.9,5.15,4.12,0,AVERAGE,MEDIUM_RISK
STU00998,MECH,M,2021,HIGH,77.86,50.0,23.764,12.925999999999998,23.568,62.553999999999995,42.8,67.4,43.146,24.369999999999997,6.43,7.79,0,AVERAGE,MEDIUM_RISK
STU00999,CIVIL,M,2022,MEDIUM,80.855,50.0,25.0,12.195,19.685,66.045,30.0,96.0,46.78,31.945,7.51,7.82,0,GOOD,LOW_RISK
STU01000,MECH,F,2022,LOW,87.312,50.0,24.564,14.416,24.906,72.384,43.0,121.8,80.644,26.434000000000005,8.54,8.07,0,EXCELLENT,LOW_RISK
STU01001,EEE,M,2021,MEDIUM,78.985,48.23833333333334,23.218333333333334,14.111666666666666,24.921666666666667,69.53833333333334,42.833333333333336,84.0,57.49,19.779999999999998,8.4,7.85,0,GOOD,LOW_RISK
STU01002,CSE,M,2023,LOW,79.155,48.59,24.38,13.735,25.0,61.0025,36.25,83.75,61.2175,16.3425,7.7,7.6,0,GOOD,LOW_RISK
STU01003,MECH,M,2024,HIGH,83.62666666666667,50.0,23.506666666666664,14.846666666666666,25.0,69.53333333333333,40.0,118.33333333333333,55.49333333333334,33.76333333333333,6.51,8.22,0,AVERAGE,MEDIUM_RISK
STU01004,CSE,F,2023,HIGH,72.195,46.335,21.765,11.850000000000001,21.705,45.715,24.5,61.0,45.25,23.105,7.13,6.71,0,GOOD,LOW_RISK
STU01005,MECH,M,2023,MEDIUM,83.526,49.456,24.214,15.0,25.0,63.376,37.8,104.2,61.391999999999996,19.404,8.46,7.5,0,GOOD,LOW_RISK
STU01006,MECH,M,2022,MEDIUM,78.295,46.74,21.14,12.695,21.744999999999997,60.555,23.5,46.0,28.439999999999998,14.47,7.51,7.22,0,GOOD,LOW_RISK
STU01007,ECE,M,2023,MEDIUM,81.262,50.0,22.9,12.786,22.96,67.77000000000001,32.8,64.2,48.586,21.97,9.23,8.05,0,EXCELLENT,LOW_RISK
STU01008,IT,F,2022,HIGH,80.77,49.50833333333333,25.0,12.151666666666666,23.78333333333333,68.08,30.166666666666668,89.83333333333333,63.88166666666667,29.903333333333332,8.15,8.13,0,GOOD,LOW_RISK
STU01009,IT,F,2024,HIGH,82.30666666666667,48.975,25.0,13.826666666666666,24.929999999999996,65.02333333333333,47.166666666666664,109.5,67.38666666666667,18.603333333333335,6.89,7.72,0,AVERAGE,MEDIUM_RISK
STU01010,CSE,M,2024,HIGH,89.055,50.0,22.365000000000002,15.0,25.0,70.065,39.5,84.0,73.625,27.97,7.29,7.91,0,GOOD,LOW_RISK
STU01011,EEE,M,2024,MEDIUM,74.31,48.9775,25.0,14.5975,21.927500000000002,68.0725,36.5,69.25,59.545,25.645,7.76,7.93,0,GOOD,LOW_RISK
STU01012,EEE,M,2021,LOW,79.345,50.0,25.0,13.84,25.0,84.64,38.0,95.5,68.075,42.535,9.42,9.2,0,EXCELLENT,LOW_RISK
STU01013,CSE,F,2024,LOW,67.10000000000001,39.623333333333335,19.876666666666665,13.216666666666667,19.916666666666668,41.03,5.0,3.0,17.403333333333332,10.1,6.04,5.21,0,AVERAGE,MEDIUM_RISK
STU01014,CIVIL,F,2022,HIGH,78.04833333333333,49.91833333333333,24.151666666666667,15.0,24.22,63.595,30.0,99.66666666666667,57.62166666666667,26.84,7.0,7.87,0,GOOD,LOW_RISK
STU01015,MECH,F,2024,LOW,69.7325,45.84,21.2875,13.065,20.677500000000002,49.225,17.25,34.75,31.240000000000002,17.085,5.97,6.63,0,AVERAGE,MEDIUM_RISK
STU01016,MECH,F,2024,HIGH,80.03999999999999,47.9875,24.805,11.575,23.4975,60.225,43.25,81.0,60.552499999999995,26.0675,8.19,7.52,0,GOOD,LOW_RISK
STU01017,MECH,M,2024,HIGH,91.81,50.0,25.0,15.0,25.0,72.46666666666665,53.666666666666664,104.33333333333333,87.18333333333334,26.59,9.06,7.9,0,EXCELLENT,LOW_RISK
STU01018,IT,F,2022,HIGH,91.23333333333333,50.0,25.0,15.0,25.0,67.08,52.0,114.66666666666667,78.87666666666667,39.443333333333335,8.48,8.16,0,GOOD,LOW_RISK
STU01019,MECH,M,2021,LOW,72.5,38.155,20.715,11.815,17.9525,52.057500000000005,13.5,38.5,33.49,19.78,6.06,6.52,0,AVERAGE,MEDIUM_RISK
STU01020,ECE,F,2022,HIGH,80.91,48.343333333333334,23.73,11.666666666666666,22.900000000000002,63.31999999999999,29.333333333333332,100.66666666666667,42.903333333333336,24.036666666666665,6.81,7.66,0,AVERAGE,MEDIUM_RISK
STU01021,MECH,M,2022,LOW,72.9325,39.9,14.7675,11.2875,18.485,57.072500000000005,14.5,34.75,28.8125,14.8825,5.92,6.86,0,AVERAGE,MEDIUM_RISK
STU01022,IT,F,2023,LOW,75.356,46.458000000000006,23.014,12.666,24.772,59.622,23.2,84.8,47.768,16.142,6.52,7.13,0,AVERAGE,MEDIUM_RISK
STU01023,EEE,M,2024,LOW,60.5575,33.445,20.73,10.625,10.594999999999999,27.885,5.75,9.0,20.6025,4.885000000000001,4.09,4.59,0,AT_RISK,HIGH_RISK
STU01024,IT,F,2021,HIGH,95.435,50.0,25.0,14.803333333333333,25.0,82.29166666666667,59.5,150.83333333333334,91.90666666666668,38.01333333333333,8.44,8.81,0,GOOD,LOW_RISK
STU01025,IT,M,2021,LOW,77.32499999999999,46.6275,23.58,12.6875,24.23,61.3125,44.75,97.25,58.5325,24.8425,7.69,7.39,0,GOOD,LOW_RISK
STU01026,MECH,F,2024,LOW,91.075,49.13833333333333,24.72,12.618333333333334,24.445000000000004,69.92,37.166666666666664,122.16666666666667,70.08666666666666,26.981666666666666,8.52,8.32,0,EXCELLENT,LOW_RISK
STU01027,ECE,M,2021,LOW,78.292,50.0,24.86,14.134,24.264,68.56,45.2,88.8,56.605999999999995,27.406,7.17,8.03,0,GOOD,LOW_RISK
STU01028,CIVIL,F,2024,HIGH,82.0475,49.2325,23.8525,12.975,20.175,64.69,46.0,103.25,74.4975,19.1625,7.36,8.09,0,GOOD,LOW_RISK
STU01029,MECH,F,2023,LOW,78.02,47.14,25.0,13.85,21.725,42.405,37.0,60.0,38.265,22.634999999999998,7.13,6.28,0,GOOD,LOW_RISK
STU01030,IT,M,2021,LOW,70.635,45.14,24.79,15.0,25.0,51.09,33.0,61.0,61.730000000000004,22.17,6.4,6.66,0,AVERAGE,MEDIUM_RISK
STU01031,MECH,M,2021,LOW,71.79,44.6,20.21,12.801666666666668,23.141666666666666,52.71666666666667,21.333333333333332,63.833333333333336,35.19,10.881666666666666,6.67,6.62,0,AVERAGE,MEDIUM_RISK
STU01032,CSE,F,2023,HIGH,67.322,36.29600000000001,16.85,11.772,20.506,45.894,14.6,34.6,26.107999999999997,19.528,4.3,5.47,0,AT_RISK,HIGH_RISK
STU01033,EEE,F,2023,MEDIUM,67.205,44.285,15.830000000000002,10.41,17.380000000000003,60.385000000000005,19.0,61.5,44.56,15.815,7.57,7.26,0,GOOD,LOW_RISK
STU01034,EEE,M,2022,HIGH,91.3875,50.0,25.0,15.0,25.0,82.6175,52.5,114.5,87.1625,30.2325,8.45,9.04,0,GOOD,LOW_RISK
STU01035,MECH,F,2024,MEDIUM,80.675,49.375,24.5625,12.46,22.427500000000002,56.96249999999999,37.0,102.25,57.115,30.295,7.07,7.32,0,GOOD,LOW_RISK
STU01036,ECE,M,2021,LOW,65.4425,42.06,14.375,11.325,16.659999999999997,47.705,19.0,47.5,19.155,9.07,6.17,6.19,0,AVERAGE,MEDIUM_RISK
STU01037,EEE,F,2024,HIGH,77.348,46.403999999999996,21.036,13.884,24.022,53.272000000000006,32.0,75.6,61.620000000000005,21.09,7.07,7.11,0,GOOD,LOW_RISK
STU01038,CIVIL,F,2024,HIGH,93.95,50.0,25.0,15.0,25.0,79.75,46.0,101.5,70.545,38.545,7.77,8.75,0,GOOD,LOW_RISK
STU01039,IT,F,2024,MEDIUM,70.26333333333334,31.183333333333334,19.14,13.049999999999999,19.893333333333334,48.98333333333333,14.666666666666666,14.0,26.94333333333333,11.040000000000001,5.8,5.5,0,AVERAGE,MEDIUM_RISK
STU01040,IT,F,2021,MEDIUM,72.375,50.0,21.355,15.0,19.515,70.07499999999999,23.0,85.5,59.83,14.52,8.42,8.07,0,GOOD,LOW_RISK
STU01041,EEE,M,2023,LOW,69.185,45.413333333333334,23.861666666666665,14.135,22.166666666666668,43.625,20.833333333333332,46.666666666666664,32.23833333333334,17.224999999999998,6.11,6.37,0,AVERAGE,MEDIUM_RISK
STU01042,CSE,M,2024,MEDIUM,85.612,44.262,20.828,13.66,23.872,50.32,38.2,84.4,39.422000000000004,16.58,6.6,6.73,0,AVERAGE,MEDIUM_RISK
STU01043,EEE,F,2021,LOW,85.38499999999999,47.625,24.255000000000003,15.0,20.195,47.5,23.0,58.5,30.79,13.97,6.64,6.48,0,AVERAGE,MEDIUM_RISK
STU01044,CIVIL,F,2021,LOW,79.2625,40.9125,12.0825,11.035,20.285,60.39,9.25,30.75,19.21,12.605,6.54,5.91,0,AVERAGE,MEDIUM_RISK
STU01045,EEE,F,2021,LOW,70.642,48.134,17.174,12.459999999999999,22.253999999999998,49.339999999999996,18.4,44.0,26.594,5.33,8.1,6.87,0,GOOD,LOW_RISK
STU01046,IT,F,2021,LOW,86.68,48.36,24.82,9.690000000000001,23.845,63.025000000000006,22.0,79.0,47.815,20.215,6.47,7.7,0,AVERAGE,MEDIUM_RISK
STU01047,CIVIL,F,2024,LOW,61.05,34.833999999999996,16.042,9.076,16.196,27.934000000000005,11.4,13.4,14.152000000000001,5.332,2.53,4.4,1,AT_RISK,HIGH_RISK
STU01048,MECH,F,2023,HIGH,88.86800000000001,50.0,24.386000000000003,13.636000000000001,25.0,81.124,44.0,98.0,89.412,26.092000000000002,8.27,8.96,0,GOOD,LOW_RISK
STU01049,EEE,F,2023,LOW,66.51,43.335,25.0,9.96,21.675,35.32,19.0,12.0,29.34,5.405,6.59,5.88,0,AVERAGE,MEDIUM_RISK
STU01050,IT,M,2021,MEDIUM,68.15666666666667,29.026666666666667,16.143333333333334,9.13,21.483333333333334,46.47,15.333333333333334,32.0,35.61666666666667,7.206666666666667,4.88,4.92,0,AT_RISK,HIGH_RISK
STU01051,MECH,M,2024,HIGH,89.89750000000001,50.0,23.5275,15.0,25.0,87.2875,64.75,140.0,97.1,48.03,9.74,9.05,0,EXCELLENT,LOW_RISK
STU01052,MECH,F,2022,MEDIUM,83.38,50.0,24.215,15.0,24.9,66.375,41.0,78.5,49.25,25.915,6.76,8.18,0,AVERAGE,MEDIUM_RISK
STU01053,CSE,F,2021,HIGH,85.495,50.0,25.0,14.155000000000001,25.0,57.7675,39.0,158.0,76.6175,25.310000000000002,6.91,7.49,0,AVERAGE,MEDIUM_RISK
STU01054,EEE,M,2024,HIGH,73.435,50.0,24.29,15.0,22.825,69.38499999999999,39.0,54.0,63.43,25.389999999999997,7.62,7.4,0,GOOD,LOW_RISK
STU01055,CIVIL,M,2022,HIGH,72.215,44.3725,23.87,14.7075,18.255,46.735,19.75,54.75,41.57,20.57,6.34,6.38,0,AVERAGE,MEDIUM_RISK
STU01056,IT,M,2022,MEDIUM,74.44,39.455,25.0,8.51,21.6,52.644999999999996,15.5,22.5,32.85,15.31,6.45,6.41,0,AVERAGE,MEDIUM_RISK
STU01057,EEE,M,2024,HIGH,83.17666666666666,50.0,22.796666666666667,14.793333333333335,23.391666666666666,73.07833333333333,41.833333333333336,109.16666666666667,70.28666666666668,25.021666666666665,8.45,8.39,0,GOOD,LOW_RISK
STU01058,CSE,F,2023,HIGH,83.75666666666666,39.22666666666667,25.0,12.053333333333335,25.0,52.21666666666666,26.666666666666668,85.66666666666667,39.53666666666667,25.026666666666667,5.32,6.15,0,AVERAGE,MEDIUM_RISK
STU01059,CIVIL,F,2023,LOW,77.545,48.52333333333333,23.823333333333334,12.909999999999998,24.191666666666666,60.348333333333336,32.0,78.16666666666667,50.82,21.09,7.69,7.44,0,GOOD,LOW_RISK
STU01060,CIVIL,M,2024,MEDIUM,75.7975,44.665,19.265,11.59,22.122500000000002,45.7,26.5,76.25,53.35,20.4,6.48,6.32,0,AVERAGE,MEDIUM_RISK
STU01061,CSE,F,2023,MEDIUM,85.92,50.0,22.459999999999997,15.0,24.213333333333335,73.75666666666667,43.666666666666664,111.66666666666667,67.81333333333333,29.353333333333335,8.05,8.57,0,GOOD,LOW_RISK
STU01062,CSE,M,2023,LOW,65.44,36.480000000000004,15.940000000000001,1.605,20.29,42.269999999999996,8.0,16.0,21.97,19.17,3.76,5.18,0,AT_RISK,HIGH_RISK
STU01063,MECH,F,2023,HIGH,100.0,50.0,25.0,15.0,25.0,91.42,60.0,128.0,100.0,29.119999999999997,9.69,9.84,0,EXCELLENT,LOW_RISK
STU01064,CIVIL,F,2022,LOW,75.056,43.242000000000004,23.196,13.068000000000001,22.488,52.754,16.4,49.2,46.53,14.966,8.1,6.88,0,GOOD,LOW_RISK
STU01065,EEE,F,2022,LOW,64.36999999999999,42.19,18.71,12.13,22.070000000000004,43.370000000000005,23.666666666666668,37.0,22.02,13.563333333333333,5.17,5.9,0,AVERAGE,MEDIUM_RISK
STU01066,CSE,M,2021,HIGH,71.064,40.727999999999994,19.838,9.74,22.836000000000002,42.166,19.6,36.2,23.244,18.766,5.17,5.56,0,AVERAGE,MEDIUM_RISK
STU01067,MECH,F,2022,MEDIUM,82.34,49.477999999999994,18.318,13.706,23.892000000000003,53.996,24.6,45.8,51.176,21.648,8.04,6.96,0,GOOD,LOW_RISK
STU01068,IT,M,2021,LOW,72.702,29.832,15.942000000000002,9.628,21.1,39.974000000000004,1.4,24.8,16.645999999999997,4.794,5.47,4.95,0,AVERAGE,MEDIUM_RISK
STU01069,IT,M,2021,HIGH,83.86,50.0,24.58,13.156666666666666,25.0,76.68333333333334,52.0,88.0,89.10000000000001,31.343333333333334,8.08,8.31,0,GOOD,LOW_RISK
STU01070,CIVIL,M,2022,LOW,78.05666666666667,39.11,25.0,12.153333333333334,20.926666666666666,45.81,26.0,72.66666666666667,45.333333333333336,25.043333333333333,5.08,5.83,0,AVERAGE,MEDIUM_RISK
STU01071,CIVIL,F,2021,MEDIUM,85.95666666666666,50.0,22.106666666666666,15.0,22.94666666666667,70.35333333333334,48.333333333333336,125.33333333333333,74.72,43.17333333333334,9.49,8.0,0,EXCELLENT,LOW_RISK
STU01072,EEE,F,2023,HIGH,71.9,36.010000000000005,9.22,13.23,18.79,36.65,9.0,36.5,35.63,6.515,4.52,4.89,1,AT_RISK,HIGH_RISK
STU01073,CSE,F,2024,MEDIUM,57.03,28.385,14.97,12.885,24.925,27.384999999999998,5.5,36.0,29.0,12.65,4.34,4.22,0,AT_RISK,HIGH_RISK
STU01074,ECE,F,2024,MEDIUM,82.77,48.5925,19.58,11.432500000000001,23.0,53.745000000000005,25.75,40.5,36.2975,19.3125,7.37,7.3,0,GOOD,LOW_RISK
STU01075,ECE,F,2024,HIGH,73.915,46.02,19.783333333333335,11.771666666666667,22.986666666666665,58.251666666666665,22.5,80.83333333333333,39.74666666666666,17.5,7.44,6.93,0,GOOD,LOW_RISK
STU01076,ECE,F,2021,LOW,82.446,50.0,24.472,15.0,24.928,81.438,44.4,116.6,73.006,42.448,9.41,8.8,0,EXCELLENT,LOW_RISK
STU01077,CSE,M,2021,LOW,78.33,39.2475,16.7725,12.842500000000001,18.295,49.9975,27.5,75.75,27.6725,17.950000000000003,6.52,5.95,0,AVERAGE,MEDIUM_RISK
STU01078,CSE,F,2024,LOW,69.48,44.98,24.05,9.95,14.775,28.815,16.5,38.5,22.395000000000003,2.455,5.58,5.36,0,AVERAGE,MEDIUM_RISK
STU01079,EEE,M,2024,HIGH,82.835,50.0,23.564999999999998,15.0,24.485,65.31,37.5,87.0,53.18,31.884999999999998,7.7,8.38,0,GOOD,LOW_RISK
STU01080,IT,F,2021,LOW,86.06,50.0,25.0,15.0,25.0,57.504999999999995,45.5,122.5,59.510000000000005,14.59,7.74,7.14,0,GOOD,LOW_RISK
STU01081,CIVIL,F,2024,LOW,83.56333333333333,40.13666666666666,17.643333333333334,10.536666666666667,23.78333333333333,62.053333333333335,27.333333333333332,57.0,45.95333333333334,16.563333333333333,5.37,6.9,0,AVERAGE,MEDIUM_RISK
STU01082,EEE,F,2024,LOW,70.58333333333333,33.74666666666667,21.116666666666667,11.115,18.948333333333334,39.39,12.5,41.166666666666664,11.571666666666665,6.784999999999999,4.56,5.17,0,AT_RISK,HIGH_RISK
STU01083,MECH,F,2023,HIGH,75.35833333333333,46.00833333333333,20.915000000000003,12.553333333333333,23.985,53.333333333333336,28.0,58.833333333333336,49.53,14.648333333333333,7.07,6.84,0,GOOD,LOW_RISK
STU01084,MECH,M,2023,MEDIUM,81.58,50.0,25.0,11.25,21.8,70.305,56.5,87.5,62.83,18.3,8.25,8.12,0,GOOD,LOW_RISK
STU01085,EEE,F,2022,LOW,63.44,36.6,19.62,15.0,14.745000000000001,56.58,28.0,31.5,31.73,11.515,5.55,6.75,0,AVERAGE,MEDIUM_RISK
STU01086,MECH,M,2024,LOW,74.805,45.48,19.766666666666666,12.711666666666666,23.19333333333333,58.60166666666667,24.166666666666668,62.666666666666664,46.865,18.24,7.94,7.22,0,GOOD,LOW_RISK
STU01087,CSE,F,2024,HIGH,82.43666666666667,48.406666666666666,22.686666666666667,10.326666666666666,25.0,58.68666666666667,21.0,56.666666666666664,47.04666666666666,31.450000000000003,7.29,7.43,0,GOOD,LOW_RISK
STU01088,EEE,M,2022,MEDIUM,77.17999999999999,36.32,21.41333333333333,14.626666666666667,21.58666666666667,44.083333333333336,11.666666666666666,76.33333333333333,22.44666666666667,13.763333333333334,5.88,5.22,0,AVERAGE,MEDIUM_RISK
STU01089,CIVIL,F,2024,HIGH,77.12,50.0,23.79,15.0,18.0225,61.2525,34.25,88.25,61.072500000000005,28.5675,8.36,7.62,0,GOOD,LOW_RISK
STU01090,EEE,F,2021,HIGH,80.825,45.7,24.41,13.74,22.085,51.397499999999994,25.75,47.0,39.0625,15.1125,7.45,6.68,0,GOOD,LOW_RISK
STU01091,EEE,F,2022,HIGH,93.67666666666666,50.0,24.290000000000003,15.0,25.0,95.19,60.666666666666664,162.0,93.75333333333333,46.72666666666667,9.06,9.58,0,EXCELLENT,LOW_RISK
STU01092,EEE,M,2022,LOW,79.095,42.95333333333334,22.531666666666666,13.051666666666668,22.256666666666664,51.276666666666664,39.833333333333336,59.5,47.336666666666666,18.201666666666664,6.66,6.67,0,AVERAGE,MEDIUM_RISK
STU01093,ECE,M,2022,HIGH,82.3675,47.4375,22.48,14.305,24.91,72.7425,29.5,81.5,56.8075,25.3975,7.85,8.04,0,GOOD,LOW_RISK
STU01094,CSE,F,2024,HIGH,74.51,45.455,23.835,15.0,25.0,66.795,31.0,74.5,38.855,27.299999999999997,7.66,7.67,0,GOOD,LOW_RISK
STU01095,CSE,M,2021,LOW,84.64333333333333,50.0,22.69333333333333,15.0,25.0,61.64333333333334,51.333333333333336,105.0,74.17333333333333,29.973333333333333,7.56,7.75,0,GOOD,LOW_RISK
STU01096,CSE,M,2022,MEDIUM,83.63,50.0,25.0,15.0,21.28,68.03,13.0,79.0,52.53,15.075,9.07,8.07,0,EXCELLENT,LOW_RISK
STU01097,MECH,F,2021,LOW,65.84333333333335,29.386666666666667,14.383333333333335,12.01,16.596666666666668,36.61333333333334,10.333333333333334,15.333333333333334,11.476666666666667,2.52,4.79,4.96,0,AT_RISK,HIGH_RISK
STU01098,ECE,F,2021,HIGH,70.8075,36.3925,23.134999999999998,9.87,18.805,43.6075,16.5,55.75,30.365000000000002,9.2575,4.14,5.45,1,AT_RISK,HIGH_RISK
STU01099,MECH,M,2022,HIGH,79.35999999999999,47.172000000000004,22.77,13.569999999999999,23.298000000000002,58.038,31.2,70.6,56.104,27.357999999999997,8.69,7.47,0,EXCELLENT,LOW_RISK
STU01100,CIVIL,M,2022,HIGH,95.64166666666667,50.0,24.715,15.0,25.0,79.035,55.0,131.16666666666666,92.12333333333333,46.52,7.78,8.64,0,GOOD,LOW_RISK
STU01101,ECE,F,2021,HIGH,77.67500000000001,50.0,25.0,13.04,25.0,71.24,61.0,128.0,89.565,23.29,8.74,8.48,0,EXCELLENT,LOW_RISK
STU01102,CSE,M,2023,LOW,65.515,35.445,18.354999999999997,11.745000000000001,24.259999999999998,47.05,12.5,23.5,33.82,6.02,5.9,5.86,0,AVERAGE,MEDIUM_RISK
STU01103,EEE,F,2022,HIGH,82.21166666666666,50.0,22.819999999999997,14.251666666666667,24.42833333333333,62.62833333333333,40.333333333333336,128.0,65.56833333333333,20.580000000000002,7.15,7.55,0,GOOD,LOW_RISK
STU01104,CIVIL,F,2022,LOW,64.80333333333333,35.303333333333335,22.84,8.1,20.13,45.94,13.666666666666666,21.333333333333332,19.69666666666667,10.823333333333332,3.64,5.42,2,AT_RISK,HIGH_RISK
STU01105,EEE,M,2024,HIGH,77.47333333333334,47.25666666666667,24.081666666666667,10.378333333333334,24.07166666666667,60.083333333333336,33.333333333333336,49.166666666666664,55.03,21.488333333333333,6.72,7.26,0,AVERAGE,MEDIUM_RISK
STU01106,MECH,F,2024,LOW,63.160000000000004,29.944,15.693999999999999,11.442,15.722,36.065999999999995,4.8,10.4,14.232,13.122,4.43,4.95,1,AT_RISK,HIGH_RISK
STU01107,IT,M,2021,MEDIUM,75.33,50.0,25.0,15.0,25.0,69.69,40.5,110.5,82.80000000000001,27.355,7.51,8.09,0,GOOD,LOW_RISK
STU01108,CIVIL,M,2022,HIGH,81.014,48.226,23.137999999999998,15.0,25.0,67.84400000000001,39.4,78.2,56.848,25.631999999999998,8.49,7.97,0,GOOD,LOW_RISK
STU01109,EEE,M,2024,HIGH,88.63,50.0,22.36,14.16,25.0,45.09,26.0,102.5,61.985,15.54,7.48,6.92,0,GOOD,LOW_RISK
STU01110,CSE,M,2023,HIGH,66.965,39.974999999999994,19.4,9.025,20.165,44.175,0.0,49.5,13.645,7.84,5.48,5.8,0,AVERAGE,MEDIUM_RISK
STU01111,IT,F,2024,HIGH,86.9,50.0,24.25,14.77,24.912,58.126,52.8,124.4,77.88,30.524,7.41,7.71,0,GOOD,LOW_RISK
STU01112,ECE,M,2021,LOW,68.11,28.384999999999998,22.975,9.14,13.455,37.205,12.5,63.0,6.22,3.275,4.12,4.7,0,AT_RISK,HIGH_RISK
STU01113,EEE,M,2024,LOW,91.8475,50.0,24.2,15.0,25.0,69.36,50.5,110.25,71.1875,28.9925,8.69,8.36,0,EXCELLENT,LOW_RISK
STU01114,EEE,M,2023,HIGH,83.396,50.0,23.792,14.319999999999999,24.8,64.694,44.0,93.0,70.11800000000001,32.576,6.84,7.71,0,AVERAGE,MEDIUM_RISK
STU01115,ECE,M,2024,MEDIUM,80.815,50.0,21.064999999999998,15.0,19.98,71.73,31.0,134.5,59.17,27.42,7.19,8.21,0,GOOD,LOW_RISK
STU01116,CIVIL,M,2024,MEDIUM,79.44333333333333,47.46666666666667,25.0,15.0,25.0,68.28666666666666,37.0,76.0,70.21666666666667,24.5,7.23,7.96,0,GOOD,LOW_RISK
STU01117,ECE,F,2024,HIGH,94.70666666666666,50.0,25.0,15.0,25.0,72.05666666666667,41.0,95.0,64.64,22.820000000000004,8.61,8.3,0,EXCELLENT,LOW_RISK
STU01118,EEE,M,2023,HIGH,58.9475,39.269999999999996,14.92,7.8774999999999995,15.4825,36.4925,8.0,28.75,20.4075,7.3825,6.13,5.08,0,AVERAGE,MEDIUM_RISK
STU01119,EEE,M,2021,HIGH,84.425,45.4775,25.0,12.8925,21.4575,59.675,45.0,112.25,62.955000000000005,24.1,6.59,7.3,0,AVERAGE,MEDIUM_RISK
STU01120,CIVIL,F,2024,MEDIUM,81.11333333333333,49.596666666666664,23.07166666666667,14.781666666666666,24.183333333333334,63.120000000000005,38.833333333333336,96.66666666666667,59.56666666666666,26.96166666666667,8.07,7.71,0,GOOD,LOW_RISK
STU01121,IT,F,2022,LOW,86.92333333333333,49.35666666666666,25.0,15.0,23.72,87.83666666666666,34.666666666666664,94.0,80.13,34.910000000000004,8.99,9.23,0,EXCELLENT,LOW_RISK
STU01122,CSE,M,2024,MEDIUM,91.07333333333334,50.0,22.44333333333333,15.0,25.0,75.72333333333334,59.0,140.33333333333334,89.05666666666667,40.723333333333336,8.5,8.02,0,EXCELLENT,LOW_RISK
STU01123,CIVIL,F,2023,LOW,84.48,50.0,24.9175,15.0,25.0,73.115,43.75,126.25,79.7875,26.17,8.91,8.68,0,EXCELLENT,LOW_RISK
STU01124,ECE,M,2023,LOW,70.375,43.38166666666667,19.298333333333332,13.625,20.098333333333333,48.93666666666667,25.5,38.333333333333336,44.208333333333336,14.868333333333332,7.1,6.49,0,GOOD,LOW_RISK
STU01125,IT,M,2021,HIGH,82.95,47.555,23.52,15.0,19.740000000000002,75.33500000000001,20.5,35.5,61.94500000000001,26.45,8.21,8.3,0,GOOD,LOW_RISK
STU01126,CIVIL,M,2024,LOW,78.41666666666667,47.026666666666664,23.606666666666666,13.623333333333333,19.113333333333333,57.98666666666666,38.0,78.0,43.330000000000005,15.473333333333334,7.68,7.37,0,GOOD,LOW_RISK
STU01127,CIVIL,F,2022,LOW,84.92999999999999,48.910000000000004,25.0,13.624,24.834,62.29200000000001,35.8,80.4,59.108000000000004,26.118000000000002,6.88,7.84,0,AVERAGE,MEDIUM_RISK
STU01128,ECE,F,2022,MEDIUM,58.93000000000001,45.975,7.845000000000001,11.01,21.66,37.870000000000005,20.0,23.5,27.125,8.2,5.7,6.04,0,AVERAGE,MEDIUM_RISK
STU01129,CSE,M,2024,MEDIUM,83.16,50.0,25.0,15.0,24.134999999999998,65.235,40.5,78.0,59.625,16.98,7.31,8.12,0,GOOD,LOW_RISK
STU01130,IT,F,2021,MEDIUM,77.69833333333334,49.17333333333334,22.676666666666666,13.356666666666667,23.485,61.995000000000005,38.666666666666664,74.33333333333333,56.94166666666666,24.786666666666665,8.88,7.47,0,EXCELLENT,LOW_RISK
STU01131,ECE,F,2023,MEDIUM,85.24,50.0,21.966,13.486,24.734,62.70399999999999,37.4,112.6,58.872,24.484,7.34,7.92,0,GOOD,LOW_RISK
STU01132,EEE,M,2021,LOW,80.96,49.373333333333335,25.0,13.805,22.825,61.9,38.5,70.5,53.10166666666667,18.518333333333334,6.95,7.49,0,AVERAGE,MEDIUM_RISK
STU01133,MECH,M,2024,LOW,65.78999999999999,30.814,10.437999999999999,8.37,14.892000000000001,40.976,5.2,15.6,9.748000000000001,2.0,5.62,4.87,0,AVERAGE,MEDIUM_RISK
STU01134,EEE,M,2021,MEDIUM,77.62333333333333,47.69,25.0,14.903333333333334,24.69666666666667,63.366666666666674,35.0,88.33333333333333,63.60666666666666,22.616666666666664,7.73,7.96,0,GOOD,LOW_RISK
STU01135,IT,M,2023,HIGH,81.005,50.0,25.0,14.65,25.0,67.265,33.5,94.75,63.5675,29.6125,8.23,8.26,0,GOOD,LOW_RISK
STU01136,IT,F,2021,MEDIUM,69.29666666666667,40.85166666666667,18.593333333333334,11.513333333333334,21.01,43.135,28.0,43.0,39.56666666666667,16.955000000000002,6.44,5.78,0,AVERAGE,MEDIUM_RISK
STU01137,IT,M,2022,MEDIUM,73.62333333333333,49.71,22.814999999999998,13.94,24.706666666666667,71.85833333333333,35.666666666666664,68.66666666666667,46.50833333333333,22.355,9.24,8.38,0,EXCELLENT,LOW_RISK
STU01138,EEE,M,2024,LOW,57.448,33.95399999999999,15.854,9.168000000000001,10.89,29.534000000000002,1.8,11.8,10.588000000000001,13.302000000000001,4.4,4.44,1,AT_RISK,HIGH_RISK
STU01139,MECH,M,2023,LOW,80.13,48.376666666666665,25.0,11.793333333333331,25.0,46.11333333333334,35.333333333333336,71.33333333333333,50.47,23.97666666666667,6.55,6.87,0,AVERAGE,MEDIUM_RISK
STU01140,CSE,F,2021,MEDIUM,83.825,48.57833333333334,23.755,13.858333333333334,25.0,72.52499999999999,41.333333333333336,103.83333333333333,64.02999999999999,27.515,8.26,8.39,0,GOOD,LOW_RISK
STU01141,CIVIL,M,2023,LOW,73.3625,36.4575,18.9025,10.495,21.62,39.7875,7.0,30.5,18.4725,8.405000000000001,4.49,5.16,1,AT_RISK,HIGH_RISK
STU01142,ECE,M,2024,HIGH,70.30666666666666,45.903333333333336,20.956666666666667,12.643333333333333,25.0,56.23333333333333,23.333333333333332,76.33333333333333,36.949999999999996,14.613333333333332,8.09,6.98,0,GOOD,LOW_RISK
STU01143,MECH,M,2021,HIGH,83.938,49.79,25.0,14.962,24.422,77.174,58.0,107.6,74.75,30.404000000000003,6.73,8.46,0,AVERAGE,MEDIUM_RISK
STU01144,CIVIL,M,2022,LOW,90.22999999999999,50.0,25.0,15.0,25.0,74.13999999999999,64.5,122.5,65.425,34.29,8.42,8.29,0,GOOD,LOW_RISK
STU01145,CIVIL,F,2022,MEDIUM,80.31833333333333,50.0,22.333333333333332,15.0,24.189999999999998,63.39000000000001,22.666666666666668,89.66666666666667,62.278333333333336,24.113333333333333,7.54,7.99,0,GOOD,LOW_RISK
STU01146,MECH,M,2022,HIGH,75.22,46.251666666666665,19.43,14.99,20.453333333333333,52.36000000000001,33.5,66.0,39.87,17.645,6.7,7.0,0,AVERAGE,MEDIUM_RISK
STU01147,IT,M,2023,LOW,75.29333333333334,47.093333333333334,22.33666666666667,11.093333333333334,23.14,60.49666666666667,30.666666666666668,84.0,55.68333333333333,29.419999999999998,7.52,7.39,0,GOOD,LOW_RISK
STU01148,CIVIL,F,2024,MEDIUM,77.29,47.300000000000004,20.121666666666666,11.838333333333333,24.290000000000003,51.27666666666667,28.0,71.5,45.57333333333333,11.428333333333333,7.77,6.93,0,GOOD,LOW_RISK
STU01149,ECE,F,2023,MEDIUM,92.59200000000001,50.0,25.0,15.0,24.59,75.65799999999999,53.2,149.8,86.356,30.965999999999998,8.16,8.37,0,GOOD,LOW_RISK
STU01150,ECE,M,2023,MEDIUM,72.068,35.678000000000004,16.278,12.324,17.14,43.038,16.0,46.2,31.25,9.872,7.88,5.4,0,GOOD,LOW_RISK
STU01151,EEE,M,2023,HIGH,69.38833333333334,43.35,22.58666666666667,11.921666666666667,21.456666666666667,55.78666666666667,18.5,44.5,38.99333333333333,14.443333333333333,6.01,6.46,0,AVERAGE,MEDIUM_RISK
STU01152,ECE,M,2022,HIGH,74.314,49.454,23.976,12.825999999999999,23.79,57.676,31.6,76.6,57.70399999999999,16.606,4.97,6.78,0,AT_RISK,HIGH_RISK
STU01153,CIVIL,M,2023,HIGH,76.9675,45.725,23.2575,11.895,22.015,40.615,12.75,31.5,41.135,14.17,5.56,6.43,0,AVERAGE,MEDIUM_RISK
STU01154,EEE,M,2023,HIGH,67.91333333333334,40.36333333333334,22.73,9.39,18.266666666666666,46.43,30.0,68.33333333333333,19.456666666666667,17.666666666666668,6.05,6.27,0,AVERAGE,MEDIUM_RISK
STU01155,IT,M,2023,HIGH,75.53333333333333,50.0,25.0,15.0,25.0,79.83666666666666,62.666666666666664,119.33333333333333,87.89,21.426666666666666,9.36,8.83,0,EXCELLENT,LOW_RISK
STU01156,ECE,F,2024,HIGH,84.78,50.0,24.08666666666667,14.841666666666667,24.888333333333332,70.62,42.5,120.5,76.50333333333333,30.58666666666667,7.66,8.19,0,GOOD,LOW_RISK
STU01157,EEE,F,2023,MEDIUM,72.67999999999999,42.13,21.990000000000002,10.354000000000001,24.398,55.15,21.8,91.2,36.088,14.61,6.97,6.62,0,AVERAGE,MEDIUM_RISK
STU01158,IT,M,2024,LOW,72.47999999999999,41.31,22.325,11.07,25.0,40.775000000000006,21.5,43.0,17.46,7.605,5.37,5.62,0,AVERAGE,MEDIUM_RISK
STU01159,CSE,F,2022,LOW,83.98166666666667,50.0,24.42,15.0,24.24,73.39333333333333,48.833333333333336,115.5,75.48666666666666,26.668333333333333,8.07,8.53,0,GOOD,LOW_RISK
STU01160,CIVIL,M,2022,MEDIUM,73.22200000000001,47.489999999999995,24.294,13.669999999999998,21.32,60.396,18.0,45.4,51.108,20.052,8.04,7.69,0,GOOD,LOW_RISK
STU01161,IT,M,2022,LOW,62.55500000000001,33.11166666666667,14.813333333333333,8.818333333333333,12.751666666666667,24.736666666666668,6.666666666666667,19.0,6.966666666666666,6.646666666666666,4.0,3.94,0,AT_RISK,HIGH_RISK
STU01162,ECE,F,2021,LOW,70.63833333333334,46.43,22.265,12.29,23.34166666666667,48.855,33.666666666666664,70.16666666666667,36.711666666666666,20.363333333333333,6.51,6.67,0,AVERAGE,MEDIUM_RISK
STU01163,IT,M,2024,MEDIUM,66.37,36.58,21.240000000000002,11.55,17.16,41.68,29.5,51.5,39.04,16.41,5.52,5.38,0,AVERAGE,MEDIUM_RISK
STU01164,EEE,M,2023,HIGH,77.11999999999999,50.0,23.439999999999998,14.483333333333334,24.146666666666665,74.08666666666666,37.333333333333336,89.66666666666667,78.38666666666667,40.29333333333333,10.0,8.49,0,EXCELLENT,LOW_RISK
STU01165,MECH,F,2024,HIGH,73.21000000000001,43.235,23.2275,11.135,20.535,45.1325,18.25,32.25,29.2175,11.282499999999999,5.9,6.03,0,AVERAGE,MEDIUM_RISK
STU01166,MECH,F,2024,HIGH,89.605,50.0,25.0,15.0,25.0,73.245,58.0,125.5,73.86,32.17,8.99,8.46,0,EXCELLENT,LOW_RISK
STU01167,EEE,F,2024,MEDIUM,77.095,50.0,22.619999999999997,15.0,25.0,66.66,59.0,110.5,62.4,39.480000000000004,7.44,7.91,0,GOOD,LOW_RISK
STU01168,EEE,F,2024,LOW,70.98666666666666,43.44333333333333,20.93,9.736666666666666,15.663333333333334,43.93333333333334,15.666666666666666,31.333333333333332,10.146666666666667,12.01,7.13,5.92,0,GOOD,LOW_RISK
STU01169,ECE,M,2023,LOW,61.923333333333325,29.45,14.306666666666667,8.433333333333334,13.53,39.64,13.666666666666666,34.666666666666664,6.669999999999999,4.083333333333333,3.88,4.57,0,AT_RISK,HIGH_RISK
STU01170,CSE,F,2021,LOW,86.17333333333333,48.435,24.785,13.255,24.623333333333335,66.14666666666666,36.166666666666664,74.66666666666667,52.550000000000004,29.123333333333335,8.13,7.88,0,GOOD,LOW_RISK
STU01171,ECE,F,2024,HIGH,75.065,50.0,24.4375,15.0,24.8975,60.175,39.0,96.0,66.4725,23.525,6.37,7.68,0,AVERAGE,MEDIUM_RISK
STU01172,MECH,F,2024,MEDIUM,76.556,48.745999999999995,24.088,13.952000000000002,23.613999999999997,68.134,32.4,91.0,62.6,24.589999999999996,8.51,8.2,0,EXCELLENT,LOW_RISK
STU01173,CIVIL,F,2024,HIGH,89.305,50.0,25.0,15.0,20.990000000000002,55.05500000000001,40.0,105.5,67.42,10.725,8.38,7.28,0,GOOD,LOW_RISK
STU01174,MECH,M,2023,LOW,62.615,42.489999999999995,15.605,10.1675,21.4625,36.19,21.5,25.75,31.015,6.8025,6.64,5.44,0,AVERAGE,MEDIUM_RISK
STU01175,CIVIL,F,2022,LOW,82.56666666666666,47.69,17.576666666666668,12.396666666666667,21.583333333333332,53.89333333333334,21.333333333333332,90.66666666666667,47.48333333333333,15.683333333333332,8.44,7.43,0,GOOD,LOW_RISK
STU01176,CSE,M,2023,HIGH,79.17999999999999,45.372,24.446,12.972,22.676,50.258,36.2,65.6,50.956,20.94,7.24,6.81,0,GOOD,LOW_RISK
STU01177,IT,F,2024,MEDIUM,76.548,50.0,21.428,14.776,24.46,63.318,38.2,108.2,58.379999999999995,31.409999999999997,7.64,7.33,0,GOOD,LOW_RISK
STU01178,EEE,F,2021,LOW,70.565,41.879999999999995,22.3,12.594999999999999,23.28,49.495000000000005,27.5,50.0,17.83,17.77,5.8,6.44,0,AVERAGE,MEDIUM_RISK
STU01179,MECH,M,2022,HIGH,77.22,49.92666666666667,24.30333333333333,10.563333333333333,22.27,55.10333333333333,23.0,70.66666666666667,41.26333333333333,10.626666666666667,6.62,7.15,0,AVERAGE,MEDIUM_RISK
STU01180,EEE,F,2022,HIGH,86.4425,50.0,25.0,15.0,25.0,74.2325,55.25,87.5,72.7575,35.697500000000005,8.1,8.53,0,GOOD,LOW_RISK
STU01181,CIVIL,F,2023,MEDIUM,88.275,50.0,25.0,15.0,25.0,92.435,67.5,176.5,83.575,30.395,8.74,8.86,0,EXCELLENT,LOW_RISK
STU01182,IT,M,2022,HIGH,81.175,47.7975,23.8175,12.6475,23.7325,48.7775,24.5,35.25,42.682500000000005,10.4575,6.76,6.73,0,AVERAGE,MEDIUM_RISK
STU01183,IT,M,2023,LOW,81.355,47.76166666666666,24.891666666666666,15.0,23.91,59.22166666666667,44.0,86.66666666666667,53.73,24.813333333333333,6.14,7.31,0,AVERAGE,MEDIUM_RISK
STU01184,EEE,F,2023,LOW,66.35333333333334,39.03,20.771666666666665,13.468333333333334,22.541666666666668,41.81333333333333,11.833333333333334,44.5,36.88,16.798333333333336,6.83,5.57,0,AVERAGE,MEDIUM_RISK
STU01185,CSE,M,2022,MEDIUM,75.41166666666668,40.961666666666666,19.45,12.065,22.123333333333335,53.151666666666664,20.5,46.0,36.19833333333333,10.446666666666667,7.19,6.55,0,GOOD,LOW_RISK
STU01186,CIVIL,F,2023,HIGH,73.80199999999999,45.79,20.016,9.9,18.866,41.246,16.2,88.0,34.18,8.718,6.61,6.25,0,AVERAGE,MEDIUM_RISK
STU01187,ECE,M,2021,MEDIUM,73.12666666666667,41.24666666666666,21.011666666666667,11.83,21.761666666666667,53.815000000000005,29.166666666666668,52.833333333333336,41.57333333333333,15.616666666666667,5.33,6.82,0,AVERAGE,MEDIUM_RISK
STU01188,ECE,M,2021,MEDIUM,56.948,30.345999999999997,13.898,9.315999999999999,13.366,34.53,3.6,24.2,9.866,7.766,4.82,4.75,0,AT_RISK,HIGH_RISK
STU01189,ECE,F,2024,LOW,72.56,42.865,16.78,8.16,14.15,46.61,10.5,54.5,5.73,14.205,6.38,6.26,0,AVERAGE,MEDIUM_RISK
STU01190,EEE,M,2023,LOW,72.304,40.638,20.413999999999998,13.346,22.262,57.629999999999995,25.6,64.0,33.678,14.35,7.54,6.77,0,GOOD,LOW_RISK
STU01191,ECE,M,2022,HIGH,61.427499999999995,36.2375,18.2325,9.45,20.4425,44.754999999999995,4.0,54.5,14.0325,8.8625,6.8,5.73,0,AVERAGE,MEDIUM_RISK
STU01192,ECE,M,2021,LOW,74.8875,46.5975,19.8625,12.215,20.325,45.442499999999995,15.75,55.0,33.6025,8.9825,7.93,6.67,0,GOOD,LOW_RISK
STU01193,CSE,M,2021,MEDIUM,72.65333333333332,34.839999999999996,21.83,11.456666666666669,19.14,49.35,14.0,30.666666666666668,19.97,16.540000000000003,5.32,5.41,0,AVERAGE,MEDIUM_RISK
STU01194,CSE,M,2021,HIGH,74.295,47.485,25.0,15.0,19.02,68.9,35.0,86.0,48.894999999999996,11.59,8.27,8.0,0,GOOD,LOW_RISK
STU01195,CSE,M,2023,HIGH,90.986,50.0,25.0,14.959999999999999,24.72,76.364,48.6,126.6,77.05199999999999,30.432,9.22,8.81,0,EXCELLENT,LOW_RISK
STU01196,IT,M,2022,HIGH,88.03666666666668,49.35666666666666,25.0,13.808333333333332,24.36,72.05666666666666,54.666666666666664,96.0,59.428333333333335,26.501666666666665,8.27,8.29,0,GOOD,LOW_RISK
STU01197,CSE,F,2021,LOW,73.705,40.905,21.505,12.49,23.52333333333333,50.74666666666667,22.833333333333332,71.0,37.21,15.131666666666668,6.16,6.31,0,AVERAGE,MEDIUM_RISK
STU01198,MECH,F,2022,LOW,60.0925,29.0225,12.7075,9.0625,16.075,36.2175,10.5,42.25,16.974999999999998,11.9625,3.82,4.28,0,AT_RISK,HIGH_RISK
STU01199,CSE,M,2021,HIGH,91.93333333333334,50.0,25.0,15.0,25.0,75.41333333333334,28.666666666666668,96.66666666666667,73.23333333333333,28.186666666666667,7.89,8.48,0,GOOD,LOW_RISK
STU01200,ECE,F,2021,HIGH,80.0325,47.1275,23.0425,13.969999999999999,23.3425,58.46,30.25,84.25,53.815,20.810000000000002,8.27,7.4,0,GOOD,LOW_RISK
