student_id,semester,gpa,backlogs,pass_fail,academic_status,cgpa
STU00001,1,9.94,0,PASS,EXCELLENT,9.94
STU00001,2,7.25,0,PASS,GOOD,8.59
STU00001,3,7.92,0,PASS,GOOD,8.37
STU00001,4,7.66,0,PASS,GOOD,8.19
STU00001,5,7.59,0,PASS,GOOD,8.07
STU00001,6,7.05,0,PASS,GOOD,7.9
STU00002,1,7.47,0,PASS,GOOD,7.47
STU00002,2,6.58,0,PASS,AVERAGE,7.02
STU00002,3,7.32,0,PASS,GOOD,7.12
STU00002,4,6.75,0,PASS,AVERAGE,7.03
STU00002,5,7.54,0,PASS,GOOD,7.13
STU00003,1,7.68,0,PASS,GOOD,7.68
STU00003,2,7.47,0,PASS,GOOD,7.57
STU00004,1,6.19,0,PASS,AVERAGE,6.19
STU00004,2,7.41,0,PASS,GOOD,6.8
STU00004,3,7.96,0,PASS,GOOD,7.19
STU00004,4,7.59,0,PASS,GOOD,7.29
STU00005,1,8.37,0,PASS,GOOD,8.37
STU00005,2,7.76,0,PASS,GOOD,8.06
STU00005,3,7.05,0,PASS,GOOD,7.73
STU00006,1,8.03,0,PASS,GOOD,8.03
STU00006,2,4.9,0,PASS,AT_RISK,6.46
STU00007,1,6.34,0,PASS,AVERAGE,6.34
STU00007,2,6.82,0,PASS,AVERAGE,6.58
STU00008,1,7.53,0,PASS,GOOD,7.53
STU00008,2,6.5,0,PASS,AVERAGE,7.02
STU00008,3,7.1,0,PASS,GOOD,7.04
STU00009,1,9.49,0,PASS,EXCELLENT,9.49
STU00009,2,8.26,0,PASS,GOOD,8.88
STU00010,1,8.97,0,PASS,EXCELLENT,8.97
STU00010,2,8.45,0,PASS,GOOD,8.71
STU00010,3,7.19,0,PASS,GOOD,8.2
STU00010,4,8.28,0,PASS,GOOD,8.22
STU00010,5,9.0,0,PASS,EXCELLENT,8.38
STU00010,6,7.08,0,PASS,GOOD,8.16
STU00011,1,7.82,0,PASS,GOOD,7.82
STU00011,2,9.04,0,PASS,EXCELLENT,8.43
STU00011,3,7.02,0,PASS,GOOD,7.96
STU00011,4,6.54,0,PASS,AVERAGE,7.6
STU00012,1,6.53,0,PASS,AVERAGE,6.53
STU00012,2,6.35,0,PASS,AVERAGE,6.44
STU00012,3,7.1,0,PASS,GOOD,6.66
STU00012,4,6.09,0,PASS,AVERAGE,6.52
STU00012,5,5.3,0,PASS,AVERAGE,6.27
STU00013,1,4.43,0,PASS,AT_RISK,4.43
STU00013,2,5.35,0,PASS,AVERAGE,4.89
STU00013,3,9.27,0,PASS,EXCELLENT,6.35
STU00013,4,7.2,0,PASS,GOOD,6.56
STU00013,5,6.12,0,PASS,AVERAGE,6.47
STU00014,1,7.7,0,PASS,GOOD,7.7
STU00014,2,8.5,0,PASS,GOOD,8.1
STU00015,1,6.56,0,PASS,AVERAGE,6.56
STU00015,2,7.47,0,PASS,GOOD,7.02
STU00015,3,7.51,0,PASS,GOOD,7.18
STU00015,4,6.73,0,PASS,AVERAGE,7.07
STU00016,1,7.05,0,PASS,GOOD,7.05
STU00016,2,6.99,0,PASS,AVERAGE,7.02
STU00016,3,5.45,0,PASS,AVERAGE,6.5
STU00017,1,7.24,0,PASS,GOOD,7.24
STU00017,2,5.68,0,PASS,AVERAGE,6.46
STU00018,1,9.76,0,PASS,EXCELLENT,9.76
STU00018,2,8.2,0,PASS,GOOD,8.98
STU00018,3,6.94,0,PASS,AVERAGE,8.3
STU00018,4,7.99,0,PASS,GOOD,8.22
STU00018,5,8.02,0,PASS,GOOD,8.18
STU00019,1,4.15,1,PASS,AT_RISK,4.15
STU00019,2,3.42,1,FAIL,AT_RISK,3.78
STU00019,3,4.58,0,PASS,AT_RISK,4.05
STU00019,4,3.56,2,FAIL,AT_RISK,3.93
STU00020,1,8.38,0,PASS,GOOD,8.38
STU00020,2,7.47,0,PASS,GOOD,7.93
STU00020,3,9.33,0,PASS,EXCELLENT,8.39
STU00020,4,8.25,0,PASS,GOOD,8.36
STU00021,1,5.49,0,PASS,AVERAGE,5.49
STU00021,2,6.3,0,PASS,AVERAGE,5.9
STU00021,3,4.65,0,PASS,AT_RISK,5.48
STU00022,1,5.89,0,PASS,AVERAGE,5.89
STU00022,2,5.65,0,PASS,AVERAGE,5.77
STU00023,1,8.49,0,PASS,GOOD,8.49
STU00023,2,7.65,0,PASS,GOOD,8.07
STU00024,1,5.68,0,PASS,AVERAGE,5.68
STU00024,2,5.76,0,PASS,AVERAGE,5.72
STU00024,3,6.88,0,PASS,AVERAGE,6.11
STU00024,4,6.41,0,PASS,AVERAGE,6.18
STU00025,1,6.54,0,PASS,AVERAGE,6.54
STU00025,2,7.21,0,PASS,GOOD,6.88
STU00025,3,6.49,0,PASS,AVERAGE,6.75
STU00025,4,6.11,0,PASS,AVERAGE,6.59
STU00026,1,7.41,0,PASS,GOOD,7.41
STU00026,2,6.41,0,PASS,AVERAGE,6.91
STU00026,3,8.52,0,PASS,EXCELLENT,7.45
STU00027,1,6.0,0,PASS,AVERAGE,6.0
STU00027,2,4.28,1,PASS,AT_RISK,5.14
STU00028,1,7.67,0,PASS,GOOD,7.67
STU00028,2,7.0,0,PASS,AVERAGE,7.34
STU00029,1,5.26,0,PASS,AVERAGE,5.26
STU00029,2,4.01,1,FAIL,AT_RISK,4.64
STU00029,3,6.0,0,PASS,AVERAGE,5.09
STU00029,4,6.98,0,PASS,AVERAGE,5.56
STU00029,5,6.35,0,PASS,AVERAGE,5.72
STU00029,6,3.57,3,FAIL,AT_RISK,5.36
STU00030,1,7.99,0,PASS,GOOD,7.99
STU00030,2,6.57,0,PASS,AVERAGE,7.28
STU00030,3,6.58,0,PASS,AVERAGE,7.05
STU00030,4,7.43,0,PASS,GOOD,7.14
STU00030,5,8.51,0,PASS,EXCELLENT,7.42
STU00031,1,7.78,0,PASS,GOOD,7.78
STU00031,2,8.45,0,PASS,GOOD,8.12
STU00032,1,7.79,0,PASS,GOOD,7.79
STU00032,2,6.58,0,PASS,AVERAGE,7.18
STU00032,3,6.56,0,PASS,AVERAGE,6.98
STU00033,1,8.23,0,PASS,GOOD,8.23
STU00033,2,7.41,0,PASS,GOOD,7.82
STU00033,3,7.43,0,PASS,GOOD,7.69
STU00033,4,5.62,0,PASS,AVERAGE,7.17
STU00033,5,6.9,0,PASS,AVERAGE,7.12
STU00033,6,6.17,0,PASS,AVERAGE,6.96
STU00034,1,8.9,0,PASS,EXCELLENT,8.9
STU00034,2,9.48,0,PASS,EXCELLENT,9.19
STU00034,3,9.09,0,PASS,EXCELLENT,9.16
STU00034,4,8.17,0,PASS,GOOD,8.91
STU00034,5,5.09,0,PASS,AVERAGE,8.15
STU00035,1,9.06,0,PASS,EXCELLENT,9.06
STU00035,2,9.11,0,PASS,EXCELLENT,9.09
STU00035,3,8.62,0,PASS,EXCELLENT,8.93
STU00036,1,7.76,0,PASS,GOOD,7.76
STU00036,2,6.55,0,PASS,AVERAGE,7.15
STU00036,3,5.35,0,PASS,AVERAGE,6.55
STU00036,4,5.22,0,PASS,AVERAGE,6.22
STU00036,5,6.2,0,PASS,AVERAGE,6.22
STU00037,1,6.19,0,PASS,AVERAGE,6.19
STU00037,2,5.42,0,PASS,AVERAGE,5.8
STU00038,1,7.31,0,PASS,GOOD,7.31
STU00038,2,5.45,0,PASS,AVERAGE,6.38
STU00038,3,6.53,0,PASS,AVERAGE,6.43
STU00038,4,6.77,0,PASS,AVERAGE,6.52
STU00039,1,9.72,0,PASS,EXCELLENT,9.72
STU00039,2,7.83,0,PASS,GOOD,8.78
STU00039,3,7.26,0,PASS,GOOD,8.27
STU00040,1,6.87,0,PASS,AVERAGE,6.87
STU00040,2,6.51,0,PASS,AVERAGE,6.69
STU00040,3,6.09,0,PASS,AVERAGE,6.49
STU00041,1,8.74,0,PASS,EXCELLENT,8.74
STU00041,2,6.87,0,PASS,AVERAGE,7.8
STU00041,3,6.12,0,PASS,AVERAGE,7.24
STU00042,1,10.0,0,PASS,EXCELLENT,10.0
STU00042,2,10.0,0,PASS,EXCELLENT,10.0
STU00042,3,9.45,0,PASS,EXCELLENT,9.82
STU00042,4,9.08,0,PASS,EXCELLENT,9.63
STU00043,1,6.2,0,PASS,AVERAGE,6.2
STU00043,2,7.15,0,PASS,GOOD,6.68
STU00043,3,8.13,0,PASS,GOOD,7.16
STU00043,4,5.93,0,PASS,AVERAGE,6.85
STU00043,5,6.82,0,PASS,AVERAGE,6.85
STU00043,6,6.87,0,PASS,AVERAGE,6.85
STU00044,1,7.54,0,PASS,GOOD,7.54
STU00044,2,7.66,0,PASS,GOOD,7.6
STU00045,1,7.58,0,PASS,GOOD,7.58
STU00045,2,7.67,0,PASS,GOOD,7.62
STU00045,3,6.42,0,PASS,AVERAGE,7.22
STU00045,4,8.23,0,PASS,GOOD,7.48
STU00046,1,7.11,0,PASS,GOOD,7.11
STU00046,2,6.93,0,PASS,AVERAGE,7.02
STU00046,3,7.38,0,PASS,GOOD,7.14
STU00046,4,7.13,0,PASS,GOOD,7.14
STU00047,1,7.42,0,PASS,GOOD,7.42
STU00047,2,4.36,1,PASS,AT_RISK,5.89
STU00047,3,7.63,0,PASS,GOOD,6.47
STU00047,4,6.65,0,PASS,AVERAGE,6.52
STU00047,5,7.46,0,PASS,GOOD,6.7
STU00048,1,6.57,0,PASS,AVERAGE,6.57
STU00048,2,6.94,0,PASS,AVERAGE,6.76
STU00048,3,7.33,0,PASS,GOOD,6.95
STU00048,4,8.41,0,PASS,GOOD,7.31
STU00049,1,6.4,0,PASS,AVERAGE,6.4
STU00049,2,6.41,0,PASS,AVERAGE,6.4
STU00050,1,7.48,0,PASS,GOOD,7.48
STU00050,2,8.35,0,PASS,GOOD,7.92
STU00050,3,7.68,0,PASS,GOOD,7.84
STU00050,4,6.76,0,PASS,AVERAGE,7.57
STU00050,5,7.51,0,PASS,GOOD,7.56
STU00051,1,7.26,0,PASS,GOOD,7.26
STU00051,2,6.01,0,PASS,AVERAGE,6.64
STU00051,3,4.87,0,PASS,AT_RISK,6.05
STU00051,4,5.76,0,PASS,AVERAGE,5.98
STU00052,1,6.74,0,PASS,AVERAGE,6.74
STU00052,2,6.17,0,PASS,AVERAGE,6.46
STU00053,1,6.94,0,PASS,AVERAGE,6.94
STU00053,2,8.24,0,PASS,GOOD,7.59
STU00053,3,6.96,0,PASS,AVERAGE,7.38
STU00053,4,6.47,0,PASS,AVERAGE,7.15
STU00053,5,6.59,0,PASS,AVERAGE,7.04
STU00054,1,7.68,0,PASS,GOOD,7.68
STU00054,2,7.71,0,PASS,GOOD,7.7
STU00054,3,6.79,0,PASS,AVERAGE,7.39
STU00055,1,4.17,3,FAIL,AT_RISK,4.17
STU00055,2,4.87,0,PASS,AT_RISK,4.52
STU00055,3,7.18,0,PASS,GOOD,5.41
STU00056,1,8.7,0,PASS,EXCELLENT,8.7
STU00056,2,8.42,0,PASS,GOOD,8.56
STU00056,3,9.75,0,PASS,EXCELLENT,8.96
STU00056,4,9.8,0,PASS,EXCELLENT,9.17
STU00056,5,9.54,0,PASS,EXCELLENT,9.24
STU00057,1,7.07,0,PASS,GOOD,7.07
STU00057,2,5.23,0,PASS,AVERAGE,6.15
STU00057,3,6.69,0,PASS,AVERAGE,6.33
STU00057,4,4.42,0,PASS,AT_RISK,5.85
STU00057,5,7.63,0,PASS,GOOD,6.21
STU00058,1,9.1,0,PASS,EXCELLENT,9.1
STU00058,2,9.44,0,PASS,EXCELLENT,9.27
STU00058,3,9.94,0,PASS,EXCELLENT,9.49
STU00058,4,9.41,0,PASS,EXCELLENT,9.47
STU00059,1,6.68,0,PASS,AVERAGE,6.68
STU00059,2,8.41,0,PASS,GOOD,7.54
STU00059,3,8.11,0,PASS,GOOD,7.73
STU00059,4,8.79,0,PASS,EXCELLENT,8.0
STU00059,5,8.12,0,PASS,GOOD,8.02
STU00060,1,8.66,0,PASS,EXCELLENT,8.66
STU00060,2,7.86,0,PASS,GOOD,8.26
STU00060,3,8.84,0,PASS,EXCELLENT,8.45
STU00060,4,9.24,0,PASS,EXCELLENT,8.65
STU00060,5,7.47,0,PASS,GOOD,8.41
STU00060,6,9.12,0,PASS,EXCELLENT,8.53
STU00061,1,8.73,0,PASS,EXCELLENT,8.73
STU00061,2,8.9,0,PASS,EXCELLENT,8.82
STU00061,3,9.43,0,PASS,EXCELLENT,9.02
STU00061,4,8.56,0,PASS,EXCELLENT,8.91
STU00062,1,7.08,0,PASS,GOOD,7.08
STU00062,2,6.13,0,PASS,AVERAGE,6.6
STU00062,3,6.2,0,PASS,AVERAGE,6.47
STU00062,4,6.36,0,PASS,AVERAGE,6.44
STU00062,5,6.01,0,PASS,AVERAGE,6.36
STU00062,6,6.58,0,PASS,AVERAGE,6.39
STU00063,1,5.72,0,PASS,AVERAGE,5.72
STU00063,2,7.82,0,PASS,GOOD,6.77
STU00064,1,5.3,0,PASS,AVERAGE,5.3
STU00064,2,5.09,0,PASS,AVERAGE,5.2
STU00064,3,4.79,0,PASS,AT_RISK,5.06
STU00064,4,4.79,0,PASS,AT_RISK,4.99
STU00064,5,6.94,0,PASS,AVERAGE,5.38
STU00065,1,8.77,0,PASS,EXCELLENT,8.77
STU00065,2,7.74,0,PASS,GOOD,8.25
STU00065,3,7.93,0,PASS,GOOD,8.15
STU00066,1,9.66,0,PASS,EXCELLENT,9.66
STU00066,2,8.63,0,PASS,EXCELLENT,9.14
STU00066,3,9.64,0,PASS,EXCELLENT,9.31
STU00067,1,7.97,0,PASS,GOOD,7.97
STU00067,2,7.19,0,PASS,GOOD,7.58
STU00067,3,9.17,0,PASS,EXCELLENT,8.11
STU00067,4,7.54,0,PASS,GOOD,7.97
STU00067,5,7.74,0,PASS,GOOD,7.92
STU00068,1,9.69,0,PASS,EXCELLENT,9.69
STU00068,2,8.51,0,PASS,EXCELLENT,9.1
STU00069,1,8.12,0,PASS,GOOD,8.12
STU00069,2,9.21,0,PASS,EXCELLENT,8.66
STU00069,3,8.9,0,PASS,EXCELLENT,8.74
STU00070,1,7.76,0,PASS,GOOD,7.76
STU00070,2,5.78,0,PASS,AVERAGE,6.77
STU00070,3,7.83,0,PASS,GOOD,7.12
STU00070,4,4.94,0,PASS,AT_RISK,6.58
STU00070,5,5.83,0,PASS,AVERAGE,6.43
STU00070,6,6.62,0,PASS,AVERAGE,6.46
STU00071,1,7.42,0,PASS,GOOD,7.42
STU00071,2,6.6,0,PASS,AVERAGE,7.01
STU00071,3,7.11,0,PASS,GOOD,7.04
STU00071,4,5.38,0,PASS,AVERAGE,6.63
STU00072,1,9.05,0,PASS,EXCELLENT,9.05
STU00072,2,7.62,0,PASS,GOOD,8.34
STU00072,3,8.25,0,PASS,GOOD,8.31
STU00072,4,9.43,0,PASS,EXCELLENT,8.59
STU00072,5,8.57,0,PASS,EXCELLENT,8.58
STU00073,1,5.37,0,PASS,AVERAGE,5.37
STU00073,2,5.5,0,PASS,AVERAGE,5.44
STU00073,3,7.02,0,PASS,GOOD,5.96
STU00073,4,6.99,0,PASS,AVERAGE,6.22
STU00074,1,6.43,0,PASS,AVERAGE,6.43
STU00074,2,4.81,0,PASS,AT_RISK,5.62
STU00074,3,3.8,1,PASS,AT_RISK,5.01
STU00075,1,8.1,0,PASS,GOOD,8.1
STU00075,2,8.32,0,PASS,GOOD,8.21
STU00075,3,7.02,0,PASS,GOOD,7.81
STU00075,4,8.36,0,PASS,GOOD,7.95
STU00075,5,9.27,0,PASS,EXCELLENT,8.21
STU00076,1,8.18,0,PASS,GOOD,8.18
STU00076,2,7.63,0,PASS,GOOD,7.9
STU00076,3,8.04,0,PASS,GOOD,7.95
STU00076,4,7.65,0,PASS,GOOD,7.88
STU00077,1,7.78,0,PASS,GOOD,7.78
STU00077,2,7.05,0,PASS,GOOD,7.42
STU00078,1,7.69,0,PASS,GOOD,7.69
STU00078,2,7.15,0,PASS,GOOD,7.42
STU00078,3,6.82,0,PASS,AVERAGE,7.22
STU00078,4,7.49,0,PASS,GOOD,7.29
STU00078,5,4.68,0,PASS,AT_RISK,6.77
STU00079,1,6.22,0,PASS,AVERAGE,6.22
STU00079,2,4.91,0,PASS,AT_RISK,5.56
STU00079,3,7.67,0,PASS,GOOD,6.27
STU00079,4,6.7,0,PASS,AVERAGE,6.38
STU00080,1,6.81,0,PASS,AVERAGE,6.81
STU00080,2,8.38,0,PASS,GOOD,7.6
STU00080,3,6.59,0,PASS,AVERAGE,7.26
STU00081,1,6.06,0,PASS,AVERAGE,6.06
STU00081,2,6.29,0,PASS,AVERAGE,6.18
STU00082,1,5.8,0,PASS,AVERAGE,5.8
STU00082,2,8.34,0,PASS,GOOD,7.07
STU00082,3,6.99,0,PASS,AVERAGE,7.04
STU00082,4,6.42,0,PASS,AVERAGE,6.89
STU00082,5,7.61,0,PASS,GOOD,7.03
STU00083,1,5.63,0,PASS,AVERAGE,5.63
STU00083,2,6.65,0,PASS,AVERAGE,6.14
STU00084,1,8.97,0,PASS,EXCELLENT,8.97
STU00084,2,5.22,0,PASS,AVERAGE,7.1
STU00085,1,6.95,0,PASS,AVERAGE,6.95
STU00085,2,5.36,1,PASS,AVERAGE,6.16
STU00085,3,5.78,0,PASS,AVERAGE,6.03
STU00085,4,7.69,0,PASS,GOOD,6.44
STU00085,5,7.21,0,PASS,GOOD,6.6
STU00085,6,6.05,0,PASS,AVERAGE,6.51
STU00086,1,8.49,0,PASS,GOOD,8.49
STU00086,2,9.72,0,PASS,EXCELLENT,9.1
STU00086,3,7.2,0,PASS,GOOD,8.47
STU00086,4,8.04,0,PASS,GOOD,8.36
STU00086,5,9.24,0,PASS,EXCELLENT,8.54
STU00086,6,8.28,0,PASS,GOOD,8.49
STU00087,1,7.69,0,PASS,GOOD,7.69
STU00087,2,6.43,0,PASS,AVERAGE,7.06
STU00087,3,8.21,0,PASS,GOOD,7.44
STU00087,4,6.72,0,PASS,AVERAGE,7.26
STU00087,5,8.65,0,PASS,EXCELLENT,7.54
STU00088,1,5.46,0,PASS,AVERAGE,5.46
STU00088,2,5.32,0,PASS,AVERAGE,5.39
STU00088,3,4.31,0,PASS,AT_RISK,5.03
STU00089,1,5.96,0,PASS,AVERAGE,5.96
STU00089,2,4.7,0,PASS,AT_RISK,5.33
STU00090,1,9.48,0,PASS,EXCELLENT,9.48
STU00090,2,6.88,0,PASS,AVERAGE,8.18
STU00090,3,9.49,0,PASS,EXCELLENT,8.62
STU00090,4,7.25,0,PASS,GOOD,8.28
STU00090,5,7.51,0,PASS,GOOD,8.12
STU00091,1,8.67,0,PASS,EXCELLENT,8.67
STU00091,2,7.27,0,PASS,GOOD,7.97
STU00091,3,7.25,0,PASS,GOOD,7.73
STU00092,1,4.67,0,PASS,AT_RISK,4.67
STU00092,2,8.62,0,PASS,EXCELLENT,6.64
STU00092,3,4.45,1,PASS,AT_RISK,5.91
STU00092,4,6.43,0,PASS,AVERAGE,6.04
STU00092,5,6.83,0,PASS,AVERAGE,6.2
STU00093,1,5.22,0,PASS,AVERAGE,5.22
STU00093,2,2.76,1,FAIL,AT_RISK,3.99
STU00093,3,4.88,0,PASS,AT_RISK,4.29
STU00094,1,5.92,0,PASS,AVERAGE,5.92
STU00094,2,4.04,0,PASS,AT_RISK,4.98
STU00094,3,6.73,0,PASS,AVERAGE,5.56
STU00094,4,4.11,0,PASS,AT_RISK,5.2
STU00095,1,6.98,0,PASS,AVERAGE,6.98
STU00095,2,9.01,0,PASS,EXCELLENT,8.0
STU00096,1,7.35,0,PASS,GOOD,7.35
STU00096,2,9.57,0,PASS,EXCELLENT,8.46
STU00096,3,7.54,0,PASS,GOOD,8.15
STU00096,4,8.23,0,PASS,GOOD,8.17
STU00097,1,6.95,0,PASS,AVERAGE,6.95
STU00097,2,7.93,0,PASS,GOOD,7.44
STU00097,3,5.99,0,PASS,AVERAGE,6.96
STU00098,1,6.35,0,PASS,AVERAGE,6.35
STU00098,2,7.51,0,PASS,GOOD,6.93
STU00098,3,7.54,0,PASS,GOOD,7.13
STU00098,4,8.31,0,PASS,GOOD,7.43
STU00098,5,6.89,0,PASS,AVERAGE,7.32
STU00098,6,7.03,0,PASS,GOOD,7.27
STU00099,1,6.54,0,PASS,AVERAGE,6.54
STU00099,2,6.54,0,PASS,AVERAGE,6.54
STU00099,3,6.63,0,PASS,AVERAGE,6.57
STU00099,4,7.47,0,PASS,GOOD,6.8
STU00099,5,7.35,0,PASS,GOOD,6.91
STU00100,1,6.79,0,PASS,AVERAGE,6.79
STU00100,2,7.15,0,PASS,GOOD,6.97
STU00100,3,5.39,0,PASS,AVERAGE,6.44
STU00100,4,6.94,0,PASS,AVERAGE,6.57
STU00100,5,7.08,0,PASS,GOOD,6.67
STU00100,6,7.34,0,PASS,GOOD,6.78
STU00101,1,7.46,0,PASS,GOOD,7.46
STU00101,2,7.21,0,PASS,GOOD,7.34
STU00102,1,6.56,0,PASS,AVERAGE,6.56
STU00102,2,6.93,0,PASS,AVERAGE,6.74
STU00103,1,6.17,0,PASS,AVERAGE,6.17
STU00103,2,7.45,0,PASS,GOOD,6.81
STU00103,3,7.97,0,PASS,GOOD,7.2
STU00103,4,8.13,0,PASS,GOOD,7.43
STU00103,5,8.89,0,PASS,EXCELLENT,7.72
STU00103,6,6.55,0,PASS,AVERAGE,7.53
STU00104,1,8.43,0,PASS,GOOD,8.43
STU00104,2,8.51,0,PASS,EXCELLENT,8.47
STU00104,3,9.22,0,PASS,EXCELLENT,8.72
STU00104,4,7.0,0,PASS,AVERAGE,8.29
STU00104,5,8.85,0,PASS,EXCELLENT,8.4
STU00105,1,7.99,0,PASS,GOOD,7.99
STU00105,2,7.13,0,PASS,GOOD,7.56
STU00105,3,6.66,0,PASS,AVERAGE,7.26
STU00105,4,5.95,0,PASS,AVERAGE,6.93
STU00105,5,5.35,0,PASS,AVERAGE,6.62
STU00106,1,7.45,0,PASS,GOOD,7.45
STU00106,2,7.0,0,PASS,AVERAGE,7.22
STU00106,3,8.05,0,PASS,GOOD,7.5
STU00106,4,9.24,0,PASS,EXCELLENT,7.94
STU00107,1,9.05,0,PASS,EXCELLENT,9.05
STU00107,2,8.26,0,PASS,GOOD,8.66
STU00107,3,7.85,0,PASS,GOOD,8.39
STU00107,4,6.52,0,PASS,AVERAGE,7.92
STU00107,5,9.06,0,PASS,EXCELLENT,8.15
STU00108,1,4.89,1,PASS,AT_RISK,4.89
STU00108,2,2.22,1,FAIL,AT_RISK,3.56
STU00108,3,4.97,1,PASS,AT_RISK,4.03
STU00108,4,5.13,0,PASS,AVERAGE,4.3
STU00109,1,8.18,0,PASS,GOOD,8.18
STU00109,2,8.03,0,PASS,GOOD,8.1
STU00109,3,8.82,0,PASS,EXCELLENT,8.34
STU00109,4,6.47,0,PASS,AVERAGE,7.88
STU00109,5,7.47,0,PASS,GOOD,7.79
STU00109,6,8.37,0,PASS,GOOD,7.89
STU00110,1,4.0,2,FAIL,AT_RISK,4.0
STU00110,2,5.48,0,PASS,AVERAGE,4.74
STU00110,3,6.45,0,PASS,AVERAGE,5.31
STU00111,1,7.04,0,PASS,GOOD,7.04
STU00111,2,8.17,0,PASS,GOOD,7.6
STU00112,1,6.63,0,PASS,AVERAGE,6.63
STU00112,2,7.44,0,PASS,GOOD,7.04
STU00112,3,8.52,0,PASS,EXCELLENT,7.53
STU00112,4,6.63,0,PASS,AVERAGE,7.3
STU00112,5,6.51,0,PASS,AVERAGE,7.15
STU00112,6,7.52,0,PASS,GOOD,7.21
STU00113,1,6.27,0,PASS,AVERAGE,6.27
STU00113,2,5.71,0,PASS,AVERAGE,5.99
STU00113,3,6.22,0,PASS,AVERAGE,6.07
STU00114,1,8.63,0,PASS,EXCELLENT,8.63
STU00114,2,7.68,0,PASS,GOOD,8.16
STU00114,3,8.03,0,PASS,GOOD,8.11
STU00114,4,8.41,0,PASS,GOOD,8.19
STU00115,1,7.76,0,PASS,GOOD,7.76
STU00115,2,5.9,0,PASS,AVERAGE,6.83
STU00115,3,6.74,0,PASS,AVERAGE,6.8
STU00115,4,6.49,0,PASS,AVERAGE,6.72
STU00115,5,6.26,0,PASS,AVERAGE,6.63
STU00116,1,8.54,0,PASS,EXCELLENT,8.54
STU00116,2,7.66,0,PASS,GOOD,8.1
STU00117,1,4.48,0,PASS,AT_RISK,4.48
STU00117,2,6.92,0,PASS,AVERAGE,5.7
STU00118,1,9.43,0,PASS,EXCELLENT,9.43
STU00118,2,7.0,0,PASS,AVERAGE,8.22
STU00119,1,6.61,0,PASS,AVERAGE,6.61
STU00119,2,7.45,0,PASS,GOOD,7.03
STU00119,3,7.28,0,PASS,GOOD,7.11
STU00120,1,6.17,0,PASS,AVERAGE,6.17
STU00120,2,8.76,0,PASS,EXCELLENT,7.46
STU00120,3,10.0,0,PASS,EXCELLENT,8.31
STU00120,4,7.81,0,PASS,GOOD,8.18
STU00121,1,7.91,0,PASS,GOOD,7.91
STU00121,2,7.32,0,PASS,GOOD,7.62
STU00121,3,8.06,0,PASS,GOOD,7.76
STU00121,4,8.99,0,PASS,EXCELLENT,8.07
STU00121,5,8.6,0,PASS,EXCELLENT,8.18
STU00121,6,8.03,0,PASS,GOOD,8.15
STU00122,1,6.98,0,PASS,AVERAGE,6.98
STU00122,2,6.4,0,PASS,AVERAGE,6.69
STU00123,1,6.31,0,PASS,AVERAGE,6.31
STU00123,2,7.78,0,PASS,GOOD,7.04
STU00123,3,4.01,0,PASS,AT_RISK,6.03
STU00123,4,6.42,0,PASS,AVERAGE,6.13
STU00124,1,8.46,0,PASS,GOOD,8.46
STU00124,2,7.17,0,PASS,GOOD,7.82
STU00124,3,7.11,0,PASS,GOOD,7.58
STU00124,4,6.46,0,PASS,AVERAGE,7.3
STU00125,1,3.4,1,FAIL,AT_RISK,3.4
STU00125,2,1.33,3,FAIL,AT_RISK,2.37
STU00125,3,4.82,0,PASS,AT_RISK,3.18
STU00125,4,7.12,0,PASS,GOOD,4.17
STU00126,1,7.23,0,PASS,GOOD,7.23
STU00126,2,6.1,0,PASS,AVERAGE,6.66
STU00126,3,5.41,0,PASS,AVERAGE,6.25
STU00126,4,7.22,0,PASS,GOOD,6.49
STU00126,5,5.96,0,PASS,AVERAGE,6.38
STU00127,1,7.45,0,PASS,GOOD,7.45
STU00127,2,7.3,0,PASS,GOOD,7.38
STU00127,3,7.46,0,PASS,GOOD,7.4
STU00127,4,7.65,0,PASS,GOOD,7.46
STU00127,5,7.63,0,PASS,GOOD,7.5
STU00128,1,5.63,0,PASS,AVERAGE,5.63
STU00128,2,8.11,0,PASS,GOOD,6.87
STU00128,3,7.05,0,PASS,GOOD,6.93
STU00128,4,7.49,0,PASS,GOOD,7.07
STU00128,5,6.92,0,PASS,AVERAGE,7.04
STU00128,6,8.07,0,PASS,GOOD,7.21
STU00129,1,8.37,0,PASS,GOOD,8.37
STU00129,2,7.18,0,PASS,GOOD,7.78
STU00129,3,8.74,0,PASS,EXCELLENT,8.1
STU00130,1,7.68,0,PASS,GOOD,7.68
STU00130,2,9.53,0,PASS,EXCELLENT,8.6
STU00131,1,3.88,1,FAIL,AT_RISK,3.88
STU00131,2,3.03,3,FAIL,AT_RISK,3.46
STU00131,3,4.86,0,PASS,AT_RISK,3.92
STU00132,1,6.52,0,PASS,AVERAGE,6.52
STU00132,2,7.28,0,PASS,GOOD,6.9
STU00132,3,7.39,0,PASS,GOOD,7.06
STU00132,4,9.05,0,PASS,EXCELLENT,7.56
STU00132,5,6.89,0,PASS,AVERAGE,7.43
STU00133,1,6.29,0,PASS,AVERAGE,6.29
STU00133,2,6.08,0,PASS,AVERAGE,6.18
STU00134,1,6.7,0,PASS,AVERAGE,6.7
STU00134,2,6.93,0,PASS,AVERAGE,6.82
STU00134,3,5.5,0,PASS,AVERAGE,6.38
STU00134,4,5.91,0,PASS,AVERAGE,6.26
STU00135,1,5.75,0,PASS,AVERAGE,5.75
STU00135,2,6.1,0,PASS,AVERAGE,5.92
STU00136,1,5.45,0,PASS,AVERAGE,5.45
STU00136,2,7.52,0,PASS,GOOD,6.48
STU00137,1,6.07,0,PASS,AVERAGE,6.07
STU00137,2,4.21,3,FAIL,AT_RISK,5.14
STU00137,3,6.18,0,PASS,AVERAGE,5.49
STU00138,1,5.01,0,PASS,AVERAGE,5.01
STU00138,2,7.12,0,PASS,GOOD,6.06
STU00138,3,5.63,0,PASS,AVERAGE,5.92
STU00139,1,6.61,0,PASS,AVERAGE,6.61
STU00139,2,7.13,0,PASS,GOOD,6.87
STU00140,1,6.48,0,PASS,AVERAGE,6.48
STU00140,2,7.41,0,PASS,GOOD,6.94
STU00141,1,6.0,0,PASS,AVERAGE,6.0
STU00141,2,6.19,0,PASS,AVERAGE,6.1
STU00142,1,7.66,0,PASS,GOOD,7.66
STU00142,2,6.28,0,PASS,AVERAGE,6.97
STU00142,3,7.34,0,PASS,GOOD,7.09
STU00142,4,8.41,0,PASS,GOOD,7.42
STU00143,1,6.5,0,PASS,AVERAGE,6.5
STU00143,2,6.66,0,PASS,AVERAGE,6.58
STU00143,3,5.1,0,PASS,AVERAGE,6.09
STU00143,4,5.13,0,PASS,AVERAGE,5.85
STU00143,5,3.8,0,PASS,AT_RISK,5.44
STU00143,6,4.8,1,PASS,AT_RISK,5.33
STU00144,1,5.31,0,PASS,AVERAGE,5.31
STU00144,2,3.1,2,FAIL,AT_RISK,4.2
STU00145,1,8.23,0,PASS,GOOD,8.23
STU00145,2,7.04,0,PASS,GOOD,7.64
STU00145,3,5.69,0,PASS,AVERAGE,6.99
STU00145,4,6.38,0,PASS,AVERAGE,6.84
STU00145,5,6.76,0,PASS,AVERAGE,6.82
STU00146,1,5.06,0,PASS,AVERAGE,5.06
STU00146,2,2.98,1,FAIL,AT_RISK,4.02
STU00146,3,4.35,1,PASS,AT_RISK,4.13
STU00146,4,5.14,0,PASS,AVERAGE,4.38
STU00146,5,2.47,3,FAIL,AT_RISK,4.0
STU00147,1,7.48,0,PASS,GOOD,7.48
STU00147,2,5.64,0,PASS,AVERAGE,6.56
STU00147,3,7.14,0,PASS,GOOD,6.75
STU00147,4,6.94,0,PASS,AVERAGE,6.8
STU00147,5,6.02,0,PASS,AVERAGE,6.64
STU00148,1,8.95,0,PASS,EXCELLENT,8.95
STU00148,2,7.77,0,PASS,GOOD,8.36
STU00149,1,6.93,0,PASS,AVERAGE,6.93
STU00149,2,7.92,0,PASS,GOOD,7.42
STU00149,3,7.48,0,PASS,GOOD,7.44
STU00150,1,6.6,0,PASS,AVERAGE,6.6
STU00150,2,6.62,0,PASS,AVERAGE,6.61
STU00150,3,5.47,0,PASS,AVERAGE,6.23
STU00150,4,7.39,0,PASS,GOOD,6.52
STU00150,5,5.74,0,PASS,AVERAGE,6.36
STU00151,1,5.96,0,PASS,AVERAGE,5.96
STU00151,2,8.58,0,PASS,EXCELLENT,7.27
STU00151,3,4.89,0,PASS,AT_RISK,6.48
STU00152,1,7.92,0,PASS,GOOD,7.92
STU00152,2,7.6,0,PASS,GOOD,7.76
STU00152,3,9.49,0,PASS,EXCELLENT,8.34
STU00153,1,4.36,0,PASS,AT_RISK,4.36
STU00153,2,3.37,2,FAIL,AT_RISK,3.86
STU00154,1,3.92,0,PASS,AT_RISK,3.92
STU00154,2,4.65,0,PASS,AT_RISK,4.28
STU00155,1,3.97,2,FAIL,AT_RISK,3.97
STU00155,2,3.83,3,FAIL,AT_RISK,3.9
STU00155,3,3.93,0,PASS,AT_RISK,3.91
STU00155,4,5.95,0,PASS,AVERAGE,4.42
STU00155,5,4.15,0,PASS,AT_RISK,4.37
STU00155,6,3.7,0,PASS,AT_RISK,4.26
STU00156,1,7.87,0,PASS,GOOD,7.87
STU00156,2,9.28,0,PASS,EXCELLENT,8.57
STU00156,3,7.62,0,PASS,GOOD,8.26
STU00156,4,8.93,0,PASS,EXCELLENT,8.43
STU00156,5,8.07,0,PASS,GOOD,8.35
STU00156,6,7.45,0,PASS,GOOD,8.2
STU00157,1,7.62,0,PASS,GOOD,7.62
STU00157,2,8.9,0,PASS,EXCELLENT,8.26
STU00157,3,6.95,0,PASS,AVERAGE,7.82
STU00157,4,8.52,0,PASS,EXCELLENT,8.0
STU00158,1,8.63,0,PASS,EXCELLENT,8.63
STU00158,2,10.0,0,PASS,EXCELLENT,9.32
STU00158,3,9.64,0,PASS,EXCELLENT,9.42
STU00158,4,8.41,0,PASS,GOOD,9.17
STU00159,1,8.24,0,PASS,GOOD,8.24
STU00159,2,6.73,0,PASS,AVERAGE,7.48
STU00159,3,7.73,0,PASS,GOOD,7.57
STU00159,4,9.0,0,PASS,EXCELLENT,7.93
STU00159,5,6.81,0,PASS,AVERAGE,7.7
STU00159,6,8.81,0,PASS,EXCELLENT,7.89
STU00160,1,7.93,0,PASS,GOOD,7.93
STU00160,2,6.54,0,PASS,AVERAGE,7.24
STU00160,3,7.28,0,PASS,GOOD,7.25
STU00160,4,7.06,0,PASS,GOOD,7.2
STU00160,5,5.82,0,PASS,AVERAGE,6.93
STU00161,1,6.77,0,PASS,AVERAGE,6.77
STU00161,2,5.71,0,PASS,AVERAGE,6.24
STU00162,1,8.22,0,PASS,GOOD,8.22
STU00162,2,6.36,0,PASS,AVERAGE,7.29
STU00163,1,6.8,0,PASS,AVERAGE,6.8
STU00163,2,6.82,0,PASS,AVERAGE,6.81
STU00164,1,7.54,0,PASS,GOOD,7.54
STU00164,2,7.68,0,PASS,GOOD,7.61
STU00165,1,5.16,0,PASS,AVERAGE,5.16
STU00165,2,5.74,0,PASS,AVERAGE,5.45
STU00166,1,9.24,0,PASS,EXCELLENT,9.24
STU00166,2,8.34,0,PASS,GOOD,8.79
STU00166,3,6.72,0,PASS,AVERAGE,8.1
STU00166,4,7.95,0,PASS,GOOD,8.06
STU00167,1,5.24,0,PASS,AVERAGE,5.24
STU00167,2,5.14,0,PASS,AVERAGE,5.19
STU00167,3,8.13,0,PASS,GOOD,6.17
STU00167,4,6.54,0,PASS,AVERAGE,6.26
STU00167,5,5.72,0,PASS,AVERAGE,6.15
STU00168,1,5.45,0,PASS,AVERAGE,5.45
STU00168,2,6.34,0,PASS,AVERAGE,5.9
STU00169,1,7.09,0,PASS,GOOD,7.09
STU00169,2,8.83,0,PASS,EXCELLENT,7.96
STU00169,3,7.17,0,PASS,GOOD,7.7
STU00169,4,6.92,0,PASS,AVERAGE,7.5
STU00169,5,6.97,0,PASS,AVERAGE,7.4
STU00169,6,6.89,0,PASS,AVERAGE,7.31
STU00170,1,8.09,0,PASS,GOOD,8.09
STU00170,2,7.59,0,PASS,GOOD,7.84
STU00170,3,7.05,0,PASS,GOOD,7.58
STU00170,4,6.58,0,PASS,AVERAGE,7.33
STU00171,1,5.26,0,PASS,AVERAGE,5.26
STU00171,2,6.26,0,PASS,AVERAGE,5.76
STU00171,3,4.63,1,PASS,AT_RISK,5.38
STU00171,4,6.56,0,PASS,AVERAGE,5.68
STU00172,1,8.2,0,PASS,GOOD,8.2
STU00172,2,8.16,0,PASS,GOOD,8.18
STU00172,3,8.18,0,PASS,GOOD,8.18
STU00172,4,8.3,0,PASS,GOOD,8.21
STU00172,5,9.63,0,PASS,EXCELLENT,8.49
STU00172,6,9.77,0,PASS,EXCELLENT,8.71
STU00173,1,7.21,0,PASS,GOOD,7.21
STU00173,2,7.5,0,PASS,GOOD,7.36
STU00173,3,8.86,0,PASS,EXCELLENT,7.86
STU00173,4,7.59,0,PASS,GOOD,7.79
STU00173,5,8.22,0,PASS,GOOD,7.88
STU00173,6,7.38,0,PASS,GOOD,7.79
STU00174,1,6.88,0,PASS,AVERAGE,6.88
STU00174,2,5.97,0,PASS,AVERAGE,6.42
STU00175,1,6.88,0,PASS,AVERAGE,6.88
STU00175,2,8.66,0,PASS,EXCELLENT,7.77
STU00175,3,6.66,0,PASS,AVERAGE,7.4
STU00176,1,6.96,0,PASS,AVERAGE,6.96
STU00176,2,7.37,0,PASS,GOOD,7.16
STU00177,1,7.75,0,PASS,GOOD,7.75
STU00177,2,6.03,0,PASS,AVERAGE,6.89
STU00178,1,6.9,0,PASS,AVERAGE,6.9
STU00178,2,6.59,0,PASS,AVERAGE,6.74
STU00178,3,8.53,0,PASS,EXCELLENT,7.34
STU00178,4,5.47,0,PASS,AVERAGE,6.87
STU00178,5,7.17,0,PASS,GOOD,6.93
STU00179,1,7.42,0,PASS,GOOD,7.42
STU00179,2,7.86,0,PASS,GOOD,7.64
STU00179,3,5.37,0,PASS,AVERAGE,6.88
STU00180,1,8.08,0,PASS,GOOD,8.08
STU00180,2,7.57,0,PASS,GOOD,7.82
STU00180,3,7.03,0,PASS,GOOD,7.56
STU00180,4,7.96,0,PASS,GOOD,7.66
STU00181,1,7.53,0,PASS,GOOD,7.53
STU00181,2,7.05,0,PASS,GOOD,7.29
STU00181,3,8.59,0,PASS,EXCELLENT,7.72
STU00181,4,9.11,0,PASS,EXCELLENT,8.07
STU00181,5,6.91,0,PASS,AVERAGE,7.84
STU00182,1,9.81,0,PASS,EXCELLENT,9.81
STU00182,2,7.48,0,PASS,GOOD,8.64
STU00182,3,8.59,0,PASS,EXCELLENT,8.63
STU00183,1,5.25,0,PASS,AVERAGE,5.25
STU00183,2,5.67,0,PASS,AVERAGE,5.46
STU00183,3,7.78,0,PASS,GOOD,6.23
STU00184,1,7.43,0,PASS,GOOD,7.43
STU00184,2,7.86,0,PASS,GOOD,7.64
STU00184,3,7.43,0,PASS,GOOD,7.57
STU00185,1,8.18,0,PASS,GOOD,8.18
STU00185,2,8.3,0,PASS,GOOD,8.24
STU00185,3,8.91,0,PASS,EXCELLENT,8.46
STU00185,4,7.73,0,PASS,GOOD,8.28
STU00185,5,8.17,0,PASS,GOOD,8.26
STU00186,1,5.09,0,PASS,AVERAGE,5.09
STU00186,2,5.35,0,PASS,AVERAGE,5.22
STU00186,3,3.6,0,PASS,AT_RISK,4.68
STU00186,4,5.25,0,PASS,AVERAGE,4.82
STU00187,1,5.28,0,PASS,AVERAGE,5.28
STU00187,2,6.46,0,PASS,AVERAGE,5.87
STU00187,3,6.29,0,PASS,AVERAGE,6.01
STU00188,1,7.58,0,PASS,GOOD,7.58
STU00188,2,6.0,0,PASS,AVERAGE,6.79
STU00188,3,6.5,0,PASS,AVERAGE,6.69
STU00188,4,5.1,0,PASS,AVERAGE,6.3
STU00189,1,6.32,0,PASS,AVERAGE,6.32
STU00189,2,6.04,0,PASS,AVERAGE,6.18
STU00189,3,3.5,3,FAIL,AT_RISK,5.29
STU00190,1,5.39,0,PASS,AVERAGE,5.39
STU00190,2,7.94,0,PASS,GOOD,6.66
STU00190,3,5.36,0,PASS,AVERAGE,6.23
STU00190,4,6.41,0,PASS,AVERAGE,6.28
STU00190,5,6.35,0,PASS,AVERAGE,6.29
STU00191,1,2.83,3,FAIL,AT_RISK,2.83
STU00191,2,4.46,0,PASS,AT_RISK,3.64
STU00191,3,3.67,2,FAIL,AT_RISK,3.65
STU00191,4,4.93,0,PASS,AT_RISK,3.97
STU00192,1,7.11,0,PASS,GOOD,7.11
STU00192,2,7.28,0,PASS,GOOD,7.2
STU00193,1,6.05,0,PASS,AVERAGE,6.05
STU00193,2,6.18,0,PASS,AVERAGE,6.12
STU00194,1,6.27,0,PASS,AVERAGE,6.27
STU00194,2,5.76,0,PASS,AVERAGE,6.02
STU00194,3,4.4,2,FAIL,AT_RISK,5.48
STU00194,4,6.38,0,PASS,AVERAGE,5.7
STU00194,5,3.13,2,FAIL,AT_RISK,5.19
STU00194,6,3.76,1,FAIL,AT_RISK,4.95
STU00195,1,8.19,0,PASS,GOOD,8.19
STU00195,2,6.69,0,PASS,AVERAGE,7.44
STU00196,1,6.5,0,PASS,AVERAGE,6.5
STU00196,2,4.6,0,PASS,AT_RISK,5.55
STU00196,3,6.69,0,PASS,AVERAGE,5.93
STU00196,4,5.83,0,PASS,AVERAGE,5.9
STU00196,5,6.71,0,PASS,AVERAGE,6.07
STU00197,1,7.33,0,PASS,GOOD,7.33
STU00197,2,6.59,0,PASS,AVERAGE,6.96
STU00197,3,7.65,0,PASS,GOOD,7.19
STU00197,4,8.11,0,PASS,GOOD,7.42
STU00197,5,7.26,0,PASS,GOOD,7.39
STU00197,6,8.31,0,PASS,GOOD,7.54
STU00198,1,6.5,0,PASS,AVERAGE,6.5
STU00198,2,6.33,0,PASS,AVERAGE,6.42
STU00198,3,6.38,0,PASS,AVERAGE,6.4
STU00198,4,5.43,0,PASS,AVERAGE,6.16
STU00198,5,5.7,0,PASS,AVERAGE,6.07
STU00198,6,5.76,0,PASS,AVERAGE,6.02
STU00199,1,7.72,0,PASS,GOOD,7.72
STU00199,2,4.65,1,PASS,AT_RISK,6.18
STU00199,3,7.25,0,PASS,GOOD,6.54
STU00199,4,7.35,0,PASS,GOOD,6.74
STU00199,5,6.01,0,PASS,AVERAGE,6.6
STU00200,1,7.03,0,PASS,GOOD,7.03
STU00200,2,7.07,0,PASS,GOOD,7.05
STU00200,3,6.56,0,PASS,AVERAGE,6.89
STU00200,4,5.98,0,PASS,AVERAGE,6.66
STU00200,5,5.88,0,PASS,AVERAGE,6.5
STU00201,1,10.0,0,PASS,EXCELLENT,10.0
STU00201,2,10.0,0,PASS,EXCELLENT,10.0
STU00201,3,8.29,0,PASS,GOOD,9.43
STU00201,4,9.74,0,PASS,EXCELLENT,9.51
STU00202,1,6.16,0,PASS,AVERAGE,6.16
STU00202,2,6.41,0,PASS,AVERAGE,6.28
STU00202,3,7.26,0,PASS,GOOD,6.61
STU00203,1,8.15,0,PASS,GOOD,8.15
STU00203,2,6.06,0,PASS,AVERAGE,7.1
STU00203,3,7.35,0,PASS,GOOD,7.19
STU00203,4,6.3,0,PASS,AVERAGE,6.96
STU00203,5,6.28,0,PASS,AVERAGE,6.83
STU00203,6,4.34,0,PASS,AT_RISK,6.41
STU00204,1,6.6,0,PASS,AVERAGE,6.6
STU00204,2,7.66,0,PASS,GOOD,7.13
STU00204,3,6.8,0,PASS,AVERAGE,7.02
STU00205,1,4.83,0,PASS,AT_RISK,4.83
STU00205,2,5.71,0,PASS,AVERAGE,5.27
STU00205,3,4.95,0,PASS,AT_RISK,5.16
STU00206,1,10.0,0,PASS,EXCELLENT,10.0
STU00206,2,8.35,0,PASS,GOOD,9.18
STU00206,3,8.58,0,PASS,EXCELLENT,8.98
STU00206,4,9.19,0,PASS,EXCELLENT,9.03
STU00206,5,8.44,0,PASS,GOOD,8.91
STU00206,6,8.33,0,PASS,GOOD,8.82
STU00207,1,9.32,0,PASS,EXCELLENT,9.32
STU00207,2,8.01,0,PASS,GOOD,8.66
STU00207,3,7.01,0,PASS,GOOD,8.11
STU00207,4,6.38,0,PASS,AVERAGE,7.68
STU00207,5,7.17,0,PASS,GOOD,7.58
STU00207,6,6.98,0,PASS,AVERAGE,7.48
STU00208,1,5.43,0,PASS,AVERAGE,5.43
STU00208,2,6.12,0,PASS,AVERAGE,5.78
STU00208,3,4.88,0,PASS,AT_RISK,5.48
STU00208,4,6.55,0,PASS,AVERAGE,5.74
STU00208,5,5.54,0,PASS,AVERAGE,5.7
STU00209,1,6.66,0,PASS,AVERAGE,6.66
STU00209,2,7.43,0,PASS,GOOD,7.04
STU00209,3,6.93,0,PASS,AVERAGE,7.01
STU00210,1,7.62,0,PASS,GOOD,7.62
STU00210,2,6.65,0,PASS,AVERAGE,7.14
STU00210,3,7.03,0,PASS,GOOD,7.1
STU00210,4,9.37,0,PASS,EXCELLENT,7.67
STU00210,5,8.06,0,PASS,GOOD,7.75
STU00211,1,4.92,0,PASS,AT_RISK,4.92
STU00211,2,4.41,1,PASS,AT_RISK,4.66
STU00211,3,4.31,0,PASS,AT_RISK,4.55
STU00212,1,6.64,0,PASS,AVERAGE,6.64
STU00212,2,10.0,0,PASS,EXCELLENT,8.32
STU00212,3,7.18,0,PASS,GOOD,7.94
STU00212,4,7.96,0,PASS,GOOD,7.94
STU00212,5,7.57,0,PASS,GOOD,7.87
STU00213,1,5.83,0,PASS,AVERAGE,5.83
STU00213,2,5.53,0,PASS,AVERAGE,5.68
STU00213,3,6.06,0,PASS,AVERAGE,5.81
STU00213,4,7.38,0,PASS,GOOD,6.2
STU00213,5,6.54,0,PASS,AVERAGE,6.27
STU00214,1,6.86,0,PASS,AVERAGE,6.86
STU00214,2,6.48,0,PASS,AVERAGE,6.67
STU00214,3,6.72,0,PASS,AVERAGE,6.69
STU00215,1,3.39,3,FAIL,AT_RISK,3.39
STU00215,2,4.98,0,PASS,AT_RISK,4.19
STU00216,1,7.08,0,PASS,GOOD,7.08
STU00216,2,8.17,0,PASS,GOOD,7.62
STU00217,1,9.93,0,PASS,EXCELLENT,9.93
STU00217,2,9.13,0,PASS,EXCELLENT,9.53
STU00217,3,8.01,0,PASS,GOOD,9.02
STU00218,1,7.65,0,PASS,GOOD,7.65
STU00218,2,9.23,0,PASS,EXCELLENT,8.44
STU00218,3,6.75,0,PASS,AVERAGE,7.88
STU00218,4,6.95,0,PASS,AVERAGE,7.64
STU00218,5,7.43,0,PASS,GOOD,7.6
STU00218,6,6.79,0,PASS,AVERAGE,7.47
STU00219,1,10.0,0,PASS,EXCELLENT,10.0
STU00219,2,8.51,0,PASS,EXCELLENT,9.25
STU00219,3,8.07,0,PASS,GOOD,8.86
STU00220,1,8.28,0,PASS,GOOD,8.28
STU00220,2,6.71,0,PASS,AVERAGE,7.49
STU00220,3,8.21,0,PASS,GOOD,7.73
STU00221,1,7.56,0,PASS,GOOD,7.56
STU00221,2,6.39,0,PASS,AVERAGE,6.98
STU00221,3,8.32,0,PASS,GOOD,7.42
STU00221,4,7.35,0,PASS,GOOD,7.4
STU00221,5,7.0,0,PASS,GOOD,7.32
STU00222,1,7.05,0,PASS,GOOD,7.05
STU00222,2,6.67,0,PASS,AVERAGE,6.86
STU00222,3,6.14,0,PASS,AVERAGE,6.62
STU00222,4,6.88,0,PASS,AVERAGE,6.68
STU00222,5,5.19,0,PASS,AVERAGE,6.39
STU00223,1,8.61,0,PASS,EXCELLENT,8.61
STU00223,2,8.43,0,PASS,GOOD,8.52
STU00224,1,9.16,0,PASS,EXCELLENT,9.16
STU00224,2,7.19,0,PASS,GOOD,8.18
STU00225,1,7.59,0,PASS,GOOD,7.59
STU00225,2,9.38,0,PASS,EXCELLENT,8.48
STU00225,3,7.76,0,PASS,GOOD,8.24
STU00226,1,8.22,0,PASS,GOOD,8.22
STU00226,2,7.66,0,PASS,GOOD,7.94
STU00226,3,9.83,0,PASS,EXCELLENT,8.57
STU00226,4,8.46,0,PASS,GOOD,8.54
STU00227,1,4.76,0,PASS,AT_RISK,4.76
STU00227,2,5.83,0,PASS,AVERAGE,5.3
STU00228,1,7.13,0,PASS,GOOD,7.13
STU00228,2,8.44,0,PASS,GOOD,7.78
STU00228,3,9.15,0,PASS,EXCELLENT,8.24
STU00228,4,9.14,0,PASS,EXCELLENT,8.46
STU00228,5,7.63,0,PASS,GOOD,8.3
STU00229,1,8.54,0,PASS,EXCELLENT,8.54
STU00229,2,8.49,0,PASS,GOOD,8.52
STU00229,3,8.32,0,PASS,GOOD,8.45
STU00229,4,8.0,0,PASS,GOOD,8.34
STU00229,5,8.44,0,PASS,GOOD,8.36
STU00230,1,7.89,0,PASS,GOOD,7.89
STU00230,2,8.49,0,PASS,GOOD,8.19
STU00230,3,6.66,0,PASS,AVERAGE,7.68
STU00231,1,8.88,0,PASS,EXCELLENT,8.88
STU00231,2,4.88,0,PASS,AT_RISK,6.88
STU00231,3,5.42,0,PASS,AVERAGE,6.39
STU00231,4,6.46,0,PASS,AVERAGE,6.41
STU00232,1,5.13,0,PASS,AVERAGE,5.13
STU00232,2,5.58,0,PASS,AVERAGE,5.36
STU00232,3,5.64,0,PASS,AVERAGE,5.45
STU00232,4,5.43,0,PASS,AVERAGE,5.44
STU00233,1,6.77,0,PASS,AVERAGE,6.77
STU00233,2,7.78,0,PASS,GOOD,7.28
STU00233,3,6.8,0,PASS,AVERAGE,7.12
STU00233,4,7.75,0,PASS,GOOD,7.28
STU00233,5,8.64,0,PASS,EXCELLENT,7.55
STU00233,6,5.94,0,PASS,AVERAGE,7.28
STU00234,1,7.62,0,PASS,GOOD,7.62
STU00234,2,7.84,0,PASS,GOOD,7.73
STU00235,1,8.4,0,PASS,GOOD,8.4
STU00235,2,9.31,0,PASS,EXCELLENT,8.86
STU00235,3,8.7,0,PASS,EXCELLENT,8.8
STU00235,4,9.71,0,PASS,EXCELLENT,9.03
STU00235,5,7.2,0,PASS,GOOD,8.66
STU00236,1,8.41,0,PASS,GOOD,8.41
STU00236,2,7.71,0,PASS,GOOD,8.06
STU00236,3,8.11,0,PASS,GOOD,8.08
STU00236,4,7.94,0,PASS,GOOD,8.04
STU00236,5,7.4,0,PASS,GOOD,7.91
STU00236,6,7.76,0,PASS,GOOD,7.89
STU00237,1,6.6,0,PASS,AVERAGE,6.6
STU00237,2,3.33,2,FAIL,AT_RISK,4.96
STU00237,3,7.03,0,PASS,GOOD,5.65
STU00237,4,5.6,0,PASS,AVERAGE,5.64
STU00237,5,4.09,0,PASS,AT_RISK,5.33
STU00237,6,4.77,0,PASS,AT_RISK,5.24
STU00238,1,4.26,2,FAIL,AT_RISK,4.26
STU00238,2,5.86,0,PASS,AVERAGE,5.06
STU00238,3,6.67,0,PASS,AVERAGE,5.6
STU00238,4,6.13,0,PASS,AVERAGE,5.73
STU00239,1,7.8,0,PASS,GOOD,7.8
STU00239,2,7.19,0,PASS,GOOD,7.5
STU00240,1,7.49,0,PASS,GOOD,7.49
STU00240,2,8.82,0,PASS,EXCELLENT,8.16
STU00240,3,7.89,0,PASS,GOOD,8.07
STU00241,1,7.45,0,PASS,GOOD,7.45
STU00241,2,6.57,0,PASS,AVERAGE,7.01
STU00241,3,5.79,0,PASS,AVERAGE,6.6
STU00241,4,4.6,1,PASS,AT_RISK,6.1
STU00241,5,5.73,0,PASS,AVERAGE,6.03
STU00242,1,7.71,0,PASS,GOOD,7.71
STU00242,2,8.0,0,PASS,GOOD,7.86
STU00242,3,8.64,0,PASS,EXCELLENT,8.12
STU00242,4,7.85,0,PASS,GOOD,8.05
STU00242,5,8.5,0,PASS,GOOD,8.14
STU00242,6,8.28,0,PASS,GOOD,8.16
STU00243,1,8.25,0,PASS,GOOD,8.25
STU00243,2,6.36,0,PASS,AVERAGE,7.3
STU00243,3,5.36,0,PASS,AVERAGE,6.66
STU00243,4,5.51,0,PASS,AVERAGE,6.37
STU00243,5,5.92,0,PASS,AVERAGE,6.28
STU00244,1,6.43,0,PASS,AVERAGE,6.43
STU00244,2,4.21,1,PASS,AT_RISK,5.32
STU00245,1,6.15,0,PASS,AVERAGE,6.15
STU00245,2,6.04,0,PASS,AVERAGE,6.1
STU00245,3,7.38,0,PASS,GOOD,6.52
STU00245,4,5.3,0,PASS,AVERAGE,6.22
STU00245,5,5.75,0,PASS,AVERAGE,6.12
STU00245,6,5.94,0,PASS,AVERAGE,6.09
STU00246,1,4.65,0,PASS,AT_RISK,4.65
STU00246,2,4.51,0,PASS,AT_RISK,4.58
STU00247,1,2.52,1,FAIL,AT_RISK,2.52
STU00247,2,5.16,0,PASS,AVERAGE,3.84
STU00247,3,3.97,1,FAIL,AT_RISK,3.88
STU00248,1,9.04,0,PASS,EXCELLENT,9.04
STU00248,2,9.91,0,PASS,EXCELLENT,9.48
STU00249,1,7.57,0,PASS,GOOD,7.57
STU00249,2,8.5,0,PASS,GOOD,8.04
STU00249,3,8.11,0,PASS,GOOD,8.06
STU00249,4,7.54,0,PASS,GOOD,7.93
STU00250,1,4.12,0,PASS,AT_RISK,4.12
STU00250,2,5.53,0,PASS,AVERAGE,4.82
STU00250,3,4.48,0,PASS,AT_RISK,4.71
STU00251,1,7.54,0,PASS,GOOD,7.54
STU00251,2,4.69,0,PASS,AT_RISK,6.12
STU00252,1,7.41,0,PASS,GOOD,7.41
STU00252,2,6.7,0,PASS,AVERAGE,7.06
STU00252,3,7.66,0,PASS,GOOD,7.26
STU00252,4,8.17,0,PASS,GOOD,7.48
STU00252,5,7.14,0,PASS,GOOD,7.42
STU00253,1,7.46,0,PASS,GOOD,7.46
STU00253,2,8.4,0,PASS,GOOD,7.93
STU00253,3,9.03,0,PASS,EXCELLENT,8.3
STU00253,4,7.69,0,PASS,GOOD,8.14
STU00254,1,5.43,0,PASS,AVERAGE,5.43
STU00254,2,6.83,0,PASS,AVERAGE,6.13
STU00255,1,6.97,0,PASS,AVERAGE,6.97
STU00255,2,6.65,0,PASS,AVERAGE,6.81
STU00255,3,6.96,0,PASS,AVERAGE,6.86
STU00255,4,7.79,0,PASS,GOOD,7.09
STU00255,5,7.34,0,PASS,GOOD,7.14
STU00255,6,6.3,0,PASS,AVERAGE,7.0
STU00256,1,6.07,0,PASS,AVERAGE,6.07
STU00256,2,8.77,0,PASS,EXCELLENT,7.42
STU00256,3,6.59,0,PASS,AVERAGE,7.14
STU00257,1,8.05,0,PASS,GOOD,8.05
STU00257,2,9.2,0,PASS,EXCELLENT,8.62
STU00258,1,4.81,0,PASS,AT_RISK,4.81
STU00258,2,3.95,1,PASS,AT_RISK,4.38
STU00259,1,8.96,0,PASS,EXCELLENT,8.96
STU00259,2,8.55,0,PASS,EXCELLENT,8.76
STU00259,3,8.99,0,PASS,EXCELLENT,8.83
STU00260,1,7.07,0,PASS,GOOD,7.07
STU00260,2,7.66,0,PASS,GOOD,7.36
STU00260,3,7.6,0,PASS,GOOD,7.44
STU00261,1,7.43,0,PASS,GOOD,7.43
STU00261,2,6.89,0,PASS,AVERAGE,7.16
STU00261,3,6.5,0,PASS,AVERAGE,6.94
STU00261,4,5.92,0,PASS,AVERAGE,6.68
STU00261,5,6.15,0,PASS,AVERAGE,6.58
STU00262,1,8.54,0,PASS,EXCELLENT,8.54
STU00262,2,7.31,0,PASS,GOOD,7.92
STU00262,3,7.93,0,PASS,GOOD,7.93
STU00262,4,8.71,0,PASS,EXCELLENT,8.12
STU00262,5,8.33,0,PASS,GOOD,8.16
STU00262,6,8.49,0,PASS,GOOD,8.22
STU00263,1,9.94,0,PASS,EXCELLENT,9.94
STU00263,2,8.92,0,PASS,EXCELLENT,9.43
STU00264,1,7.57,0,PASS,GOOD,7.57
STU00264,2,7.02,0,PASS,GOOD,7.3
STU00264,3,7.19,0,PASS,GOOD,7.26
STU00265,1,9.23,0,PASS,EXCELLENT,9.23
STU00265,2,9.0,0,PASS,EXCELLENT,9.12
STU00265,3,7.6,0,PASS,GOOD,8.61
STU00265,4,8.34,0,PASS,GOOD,8.54
STU00265,5,7.94,0,PASS,GOOD,8.42
STU00266,1,8.37,0,PASS,GOOD,8.37
STU00266,2,7.37,0,PASS,GOOD,7.87
STU00266,3,7.51,0,PASS,GOOD,7.75
STU00267,1,6.26,0,PASS,AVERAGE,6.26
STU00267,2,8.92,0,PASS,EXCELLENT,7.59
STU00267,3,9.41,0,PASS,EXCELLENT,8.2
STU00268,1,9.01,0,PASS,EXCELLENT,9.01
STU00268,2,8.07,0,PASS,GOOD,8.54
STU00269,1,6.02,0,PASS,AVERAGE,6.02
STU00269,2,7.03,0,PASS,GOOD,6.52
STU00269,3,7.38,0,PASS,GOOD,6.81
STU00270,1,7.07,0,PASS,GOOD,7.07
STU00270,2,9.17,0,PASS,EXCELLENT,8.12
STU00270,3,7.47,0,PASS,GOOD,7.9
STU00270,4,8.2,0,PASS,GOOD,7.98
STU00270,5,7.9,0,PASS,GOOD,7.96
STU00270,6,9.12,0,PASS,EXCELLENT,8.15
STU00271,1,6.79,0,PASS,AVERAGE,6.79
STU00271,2,6.92,0,PASS,AVERAGE,6.86
STU00271,3,6.22,0,PASS,AVERAGE,6.64
STU00271,4,6.77,0,PASS,AVERAGE,6.68
STU00272,1,6.91,0,PASS,AVERAGE,6.91
STU00272,2,6.6,0,PASS,AVERAGE,6.76
STU00272,3,7.99,0,PASS,GOOD,7.17
STU00273,1,5.41,0,PASS,AVERAGE,5.41
STU00273,2,1.29,1,FAIL,AT_RISK,3.35
STU00273,3,3.83,1,FAIL,AT_RISK,3.51
STU00274,1,5.57,0,PASS,AVERAGE,5.57
STU00274,2,6.27,0,PASS,AVERAGE,5.92
STU00274,3,5.56,0,PASS,AVERAGE,5.8
STU00275,1,7.1,0,PASS,GOOD,7.1
STU00275,2,7.85,0,PASS,GOOD,7.48
STU00275,3,5.88,0,PASS,AVERAGE,6.94
STU00276,1,8.15,0,PASS,GOOD,8.15
STU00276,2,7.97,0,PASS,GOOD,8.06
STU00276,3,7.72,0,PASS,GOOD,7.95
STU00276,4,7.81,0,PASS,GOOD,7.91
STU00276,5,8.17,0,PASS,GOOD,7.96
STU00277,1,7.63,0,PASS,GOOD,7.63
STU00277,2,7.79,0,PASS,GOOD,7.71
STU00277,3,7.85,0,PASS,GOOD,7.76
STU00277,4,7.32,0,PASS,GOOD,7.65
STU00278,1,4.2,1,FAIL,AT_RISK,4.2
STU00278,2,6.13,0,PASS,AVERAGE,5.16
STU00278,3,3.53,1,PASS,AT_RISK,4.62
STU00278,4,4.37,0,PASS,AT_RISK,4.56
STU00279,1,4.76,0,PASS,AT_RISK,4.76
STU00279,2,6.57,0,PASS,AVERAGE,5.66
STU00279,3,7.15,0,PASS,GOOD,6.16
STU00280,1,7.48,0,PASS,GOOD,7.48
STU00280,2,6.59,0,PASS,AVERAGE,7.04
STU00280,3,6.9,0,PASS,AVERAGE,6.99
STU00280,4,6.64,0,PASS,AVERAGE,6.9
STU00280,5,6.66,0,PASS,AVERAGE,6.85
STU00281,1,8.11,0,PASS,GOOD,8.11
STU00281,2,9.99,0,PASS,EXCELLENT,9.05
STU00282,1,6.95,0,PASS,AVERAGE,6.95
STU00282,2,8.12,0,PASS,GOOD,7.54
STU00282,3,8.47,0,PASS,GOOD,7.85
STU00282,4,7.85,0,PASS,GOOD,7.85
STU00282,5,7.93,0,PASS,GOOD,7.86
STU00282,6,8.55,0,PASS,EXCELLENT,7.98
STU00283,1,4.38,3,FAIL,AT_RISK,4.38
STU00283,2,4.27,0,PASS,AT_RISK,4.32
STU00284,1,7.82,0,PASS,GOOD,7.82
STU00284,2,8.99,0,PASS,EXCELLENT,8.41
STU00284,3,7.87,0,PASS,GOOD,8.23
STU00284,4,8.07,0,PASS,GOOD,8.19
STU00285,1,5.24,1,PASS,AVERAGE,5.24
STU00285,2,6.83,0,PASS,AVERAGE,6.04
STU00286,1,8.46,0,PASS,GOOD,8.46
STU00286,2,7.7,0,PASS,GOOD,8.08
STU00286,3,6.87,0,PASS,AVERAGE,7.68
STU00286,4,8.64,0,PASS,EXCELLENT,7.92
STU00286,5,6.52,0,PASS,AVERAGE,7.64
STU00287,1,8.3,0,PASS,GOOD,8.3
STU00287,2,7.72,0,PASS,GOOD,8.01
STU00288,1,7.49,0,PASS,GOOD,7.49
STU00288,2,6.92,0,PASS,AVERAGE,7.2
STU00289,1,4.46,0,PASS,AT_RISK,4.46
STU00289,2,4.68,0,PASS,AT_RISK,4.57
STU00289,3,4.24,1,FAIL,AT_RISK,4.46
STU00289,4,5.45,0,PASS,AVERAGE,4.71
STU00289,5,3.24,3,FAIL,AT_RISK,4.41
STU00289,6,4.01,0,PASS,AT_RISK,4.35
STU00290,1,9.0,0,PASS,EXCELLENT,9.0
STU00290,2,7.61,0,PASS,GOOD,8.3
STU00291,1,7.3,0,PASS,GOOD,7.3
STU00291,2,8.2,0,PASS,GOOD,7.75
STU00291,3,7.18,0,PASS,GOOD,7.56
STU00292,1,4.39,0,PASS,AT_RISK,4.39
STU00292,2,5.02,0,PASS,AVERAGE,4.7
STU00293,1,6.92,0,PASS,AVERAGE,6.92
STU00293,2,7.86,0,PASS,GOOD,7.39
STU00293,3,8.47,0,PASS,GOOD,7.75
STU00294,1,6.61,0,PASS,AVERAGE,6.61
STU00294,2,8.26,0,PASS,GOOD,7.44
STU00294,3,6.67,0,PASS,AVERAGE,7.18
STU00294,4,8.64,0,PASS,EXCELLENT,7.54
STU00295,1,4.12,1,FAIL,AT_RISK,4.12
STU00295,2,3.92,0,PASS,AT_RISK,4.02
STU00295,3,4.81,0,PASS,AT_RISK,4.28
STU00295,4,4.14,0,PASS,AT_RISK,4.25
STU00295,5,5.35,1,PASS,AVERAGE,4.47
STU00296,1,7.55,0,PASS,GOOD,7.55
STU00296,2,6.0,0,PASS,AVERAGE,6.78
STU00296,3,6.06,0,PASS,AVERAGE,6.54
STU00296,4,6.39,0,PASS,AVERAGE,6.5
STU00296,5,7.1,0,PASS,GOOD,6.62
STU00296,6,5.12,0,PASS,AVERAGE,6.37
STU00297,1,7.04,0,PASS,GOOD,7.04
STU00297,2,6.14,0,PASS,AVERAGE,6.59
STU00298,1,6.52,0,PASS,AVERAGE,6.52
STU00298,2,5.72,0,PASS,AVERAGE,6.12
STU00299,1,9.75,0,PASS,EXCELLENT,9.75
STU00299,2,10.0,0,PASS,EXCELLENT,9.88
STU00299,3,8.22,0,PASS,GOOD,9.32
STU00299,4,7.44,0,PASS,GOOD,8.85
STU00300,1,7.43,0,PASS,GOOD,7.43
STU00300,2,7.3,0,PASS,GOOD,7.36
STU00301,1,8.21,0,PASS,GOOD,8.21
STU00301,2,8.5,0,PASS,EXCELLENT,8.36
STU00301,3,9.46,0,PASS,EXCELLENT,8.72
STU00301,4,9.02,0,PASS,EXCELLENT,8.8
STU00301,5,8.55,0,PASS,EXCELLENT,8.75
STU00301,6,8.41,0,PASS,GOOD,8.69
STU00302,1,7.29,0,PASS,GOOD,7.29
STU00302,2,7.48,0,PASS,GOOD,7.38
STU00302,3,9.26,0,PASS,EXCELLENT,8.01
STU00302,4,7.35,0,PASS,GOOD,7.85
STU00303,1,8.28,0,PASS,GOOD,8.28
STU00303,2,10.0,0,PASS,EXCELLENT,9.14
STU00303,3,8.75,0,PASS,EXCELLENT,9.01
STU00303,4,7.81,0,PASS,GOOD,8.71
STU00303,5,8.21,0,PASS,GOOD,8.61
STU00303,6,8.11,0,PASS,GOOD,8.53
STU00304,1,8.44,0,PASS,GOOD,8.44
STU00304,2,9.78,0,PASS,EXCELLENT,9.11
STU00304,3,7.93,0,PASS,GOOD,8.72
STU00304,4,9.19,0,PASS,EXCELLENT,8.83
STU00304,5,9.29,0,PASS,EXCELLENT,8.93
STU00305,1,7.65,0,PASS,GOOD,7.65
STU00305,2,7.76,0,PASS,GOOD,7.7
STU00305,3,8.52,0,PASS,EXCELLENT,7.98
STU00305,4,8.29,0,PASS,GOOD,8.06
STU00306,1,8.34,0,PASS,GOOD,8.34
STU00306,2,7.55,0,PASS,GOOD,7.94
STU00306,3,8.75,0,PASS,EXCELLENT,8.21
STU00306,4,8.01,0,PASS,GOOD,8.16
STU00306,5,7.53,0,PASS,GOOD,8.04
STU00306,6,7.55,0,PASS,GOOD,7.96
STU00307,1,8.92,0,PASS,EXCELLENT,8.92
STU00307,2,10.0,0,PASS,EXCELLENT,9.46
STU00307,3,10.0,0,PASS,EXCELLENT,9.64
STU00307,4,9.94,0,PASS,EXCELLENT,9.72
STU00307,5,8.5,0,PASS,EXCELLENT,9.47
STU00308,1,6.84,0,PASS,AVERAGE,6.84
STU00308,2,6.63,0,PASS,AVERAGE,6.74
STU00308,3,5.84,0,PASS,AVERAGE,6.44
STU00309,1,7.37,0,PASS,GOOD,7.37
STU00309,2,6.58,0,PASS,AVERAGE,6.98
STU00309,3,6.63,0,PASS,AVERAGE,6.86
STU00309,4,9.02,0,PASS,EXCELLENT,7.4
STU00309,5,6.64,0,PASS,AVERAGE,7.25
STU00309,6,7.01,0,PASS,GOOD,7.21
STU00310,1,3.09,1,FAIL,AT_RISK,3.09
STU00310,2,4.19,0,PASS,AT_RISK,3.64
STU00310,3,2.47,2,FAIL,AT_RISK,3.25
STU00310,4,3.47,1,FAIL,AT_RISK,3.3
STU00311,1,6.48,0,PASS,AVERAGE,6.48
STU00311,2,6.87,0,PASS,AVERAGE,6.68
STU00311,3,7.56,0,PASS,GOOD,6.97
STU00312,1,8.13,0,PASS,GOOD,8.13
STU00312,2,8.28,0,PASS,GOOD,8.2
STU00313,1,7.54,0,PASS,GOOD,7.54
STU00313,2,6.68,0,PASS,AVERAGE,7.11
STU00313,3,5.86,0,PASS,AVERAGE,6.69
STU00313,4,6.86,0,PASS,AVERAGE,6.74
STU00314,1,7.64,0,PASS,GOOD,7.64
STU00314,2,7.39,0,PASS,GOOD,7.52
STU00314,3,7.6,0,PASS,GOOD,7.54
STU00314,4,8.59,0,PASS,EXCELLENT,7.8
STU00314,5,7.31,0,PASS,GOOD,7.71
STU00315,1,8.51,0,PASS,EXCELLENT,8.51
STU00315,2,10.0,0,PASS,EXCELLENT,9.25
STU00315,3,8.07,0,PASS,GOOD,8.86
STU00316,1,8.74,0,PASS,EXCELLENT,8.74
STU00316,2,10.0,0,PASS,EXCELLENT,9.37
STU00316,3,9.28,0,PASS,EXCELLENT,9.34
STU00317,1,8.21,0,PASS,GOOD,8.21
STU00317,2,7.02,0,PASS,GOOD,7.62
STU00317,3,7.77,0,PASS,GOOD,7.67
STU00318,1,6.58,0,PASS,AVERAGE,6.58
STU00318,2,5.83,0,PASS,AVERAGE,6.2
STU00318,3,4.91,0,PASS,AT_RISK,5.77
STU00319,1,7.53,0,PASS,GOOD,7.53
STU00319,2,8.87,0,PASS,EXCELLENT,8.2
STU00320,1,7.44,0,PASS,GOOD,7.44
STU00320,2,8.47,0,PASS,GOOD,7.96
STU00321,1,7.24,0,PASS,GOOD,7.24
STU00321,2,8.16,0,PASS,GOOD,7.7
STU00321,3,8.41,0,PASS,GOOD,7.94
STU00322,1,7.29,0,PASS,GOOD,7.29
STU00322,2,8.31,0,PASS,GOOD,7.8
STU00323,1,8.55,0,PASS,EXCELLENT,8.55
STU00323,2,7.99,0,PASS,GOOD,8.27
STU00323,3,7.16,0,PASS,GOOD,7.9
STU00323,4,6.48,0,PASS,AVERAGE,7.54
STU00323,5,9.15,0,PASS,EXCELLENT,7.87
STU00323,6,7.68,0,PASS,GOOD,7.84
STU00324,1,8.05,0,PASS,GOOD,8.05
STU00324,2,6.05,0,PASS,AVERAGE,7.05
STU00324,3,7.01,0,PASS,GOOD,7.04
STU00324,4,7.91,0,PASS,GOOD,7.26
STU00324,5,5.78,0,PASS,AVERAGE,6.96
STU00325,1,6.75,0,PASS,AVERAGE,6.75
STU00325,2,6.75,0,PASS,AVERAGE,6.75
STU00325,3,5.33,0,PASS,AVERAGE,6.28
STU00326,1,7.06,0,PASS,GOOD,7.06
STU00326,2,7.64,0,PASS,GOOD,7.35
STU00326,3,7.35,0,PASS,GOOD,7.35
STU00327,1,7.49,0,PASS,GOOD,7.49
STU00327,2,6.14,0,PASS,AVERAGE,6.82
STU00327,3,7.26,0,PASS,GOOD,6.96
STU00328,1,7.79,0,PASS,GOOD,7.79
STU00328,2,9.27,0,PASS,EXCELLENT,8.53
STU00328,3,6.7,0,PASS,AVERAGE,7.92
STU00328,4,8.9,0,PASS,EXCELLENT,8.16
STU00328,5,8.04,0,PASS,GOOD,8.14
STU00329,1,7.04,0,PASS,GOOD,7.04
STU00329,2,6.46,0,PASS,AVERAGE,6.75
STU00330,1,9.47,0,PASS,EXCELLENT,9.47
STU00330,2,7.95,0,PASS,GOOD,8.71
STU00330,3,8.01,0,PASS,GOOD,8.48
STU00330,4,9.92,0,PASS,EXCELLENT,8.84
STU00331,1,8.19,0,PASS,GOOD,8.19
STU00331,2,5.01,0,PASS,AVERAGE,6.6
STU00332,1,7.49,0,PASS,GOOD,7.49
STU00332,2,8.26,0,PASS,GOOD,7.88
STU00332,3,6.15,0,PASS,AVERAGE,7.3
STU00332,4,6.39,0,PASS,AVERAGE,7.07
STU00333,1,4.27,0,PASS,AT_RISK,4.27
STU00333,2,5.64,0,PASS,AVERAGE,4.96
STU00333,3,3.16,2,FAIL,AT_RISK,4.36
STU00333,4,4.2,0,PASS,AT_RISK,4.32
STU00334,1,7.9,0,PASS,GOOD,7.9
STU00334,2,5.07,0,PASS,AVERAGE,6.48
STU00334,3,7.48,0,PASS,GOOD,6.82
STU00335,1,7.47,0,PASS,GOOD,7.47
STU00335,2,4.73,0,PASS,AT_RISK,6.1
STU00335,3,7.59,0,PASS,GOOD,6.6
STU00336,1,4.27,1,PASS,AT_RISK,4.27
STU00336,2,4.4,1,PASS,AT_RISK,4.34
STU00337,1,4.02,0,PASS,AT_RISK,4.02
STU00337,2,3.53,3,FAIL,AT_RISK,3.77
STU00337,3,4.63,0,PASS,AT_RISK,4.06
STU00338,1,6.69,0,PASS,AVERAGE,6.69
STU00338,2,2.96,2,FAIL,AT_RISK,4.82
STU00338,3,3.44,2,FAIL,AT_RISK,4.36
STU00338,4,7.15,0,PASS,GOOD,5.06
STU00338,5,4.43,0,PASS,AT_RISK,4.93
STU00338,6,5.18,0,PASS,AVERAGE,4.98
STU00339,1,8.52,0,PASS,EXCELLENT,8.52
STU00339,2,7.16,0,PASS,GOOD,7.84
STU00339,3,8.21,0,PASS,GOOD,7.96
STU00340,1,3.83,0,PASS,AT_RISK,3.83
STU00340,2,3.74,2,FAIL,AT_RISK,3.78
STU00340,3,6.5,0,PASS,AVERAGE,4.69
STU00340,4,5.58,0,PASS,AVERAGE,4.91
STU00340,5,6.49,0,PASS,AVERAGE,5.23
STU00341,1,7.72,0,PASS,GOOD,7.72
STU00341,2,9.4,0,PASS,EXCELLENT,8.56
STU00341,3,7.83,0,PASS,GOOD,8.32
STU00342,1,6.58,0,PASS,AVERAGE,6.58
STU00342,2,5.34,0,PASS,AVERAGE,5.96
STU00342,3,6.1,0,PASS,AVERAGE,6.01
STU00342,4,6.22,0,PASS,AVERAGE,6.06
STU00342,5,5.72,0,PASS,AVERAGE,5.99
STU00342,6,5.06,0,PASS,AVERAGE,5.84
STU00343,1,7.17,0,PASS,GOOD,7.17
STU00343,2,4.76,0,PASS,AT_RISK,5.96
STU00343,3,6.26,0,PASS,AVERAGE,6.06
STU00343,4,6.9,0,PASS,AVERAGE,6.27
STU00344,1,8.13,0,PASS,GOOD,8.13
STU00344,2,6.9,0,PASS,AVERAGE,7.52
STU00344,3,7.9,0,PASS,GOOD,7.64
STU00344,4,6.77,0,PASS,AVERAGE,7.43
STU00344,5,7.46,0,PASS,GOOD,7.43
STU00344,6,7.16,0,PASS,GOOD,7.39
STU00345,1,7.03,0,PASS,GOOD,7.03
STU00345,2,8.23,0,PASS,GOOD,7.63
STU00345,3,7.4,0,PASS,GOOD,7.55
STU00345,4,7.34,0,PASS,GOOD,7.5
STU00346,1,8.18,0,PASS,GOOD,8.18
STU00346,2,6.97,0,PASS,AVERAGE,7.57
STU00346,3,6.58,0,PASS,AVERAGE,7.24
STU00346,4,6.62,0,PASS,AVERAGE,7.09
STU00346,5,6.38,0,PASS,AVERAGE,6.95
STU00346,6,7.14,0,PASS,GOOD,6.98
STU00347,1,5.4,0,PASS,AVERAGE,5.4
STU00347,2,5.84,0,PASS,AVERAGE,5.62
STU00347,3,7.36,0,PASS,GOOD,6.2
STU00348,1,7.66,0,PASS,GOOD,7.66
STU00348,2,5.12,0,PASS,AVERAGE,6.39
STU00349,1,6.34,0,PASS,AVERAGE,6.34
STU00349,2,6.39,0,PASS,AVERAGE,6.36
STU00349,3,7.44,0,PASS,GOOD,6.72
STU00350,1,8.3,0,PASS,GOOD,8.3
STU00350,2,8.31,0,PASS,GOOD,8.3
STU00350,3,7.59,0,PASS,GOOD,8.07
STU00351,1,6.95,0,PASS,AVERAGE,6.95
STU00351,2,4.78,0,PASS,AT_RISK,5.86
STU00352,1,7.9,0,PASS,GOOD,7.9
STU00352,2,9.16,0,PASS,EXCELLENT,8.53
STU00353,1,7.65,0,PASS,GOOD,7.65
STU00353,2,10.0,0,PASS,EXCELLENT,8.82
STU00353,3,9.64,0,PASS,EXCELLENT,9.1
STU00353,4,7.71,0,PASS,GOOD,8.75
STU00353,5,9.99,0,PASS,EXCELLENT,9.0
STU00354,1,8.53,0,PASS,EXCELLENT,8.53
STU00354,2,6.87,0,PASS,AVERAGE,7.7
STU00354,3,6.49,0,PASS,AVERAGE,7.3
STU00354,4,9.03,0,PASS,EXCELLENT,7.73
STU00354,5,8.04,0,PASS,GOOD,7.79
STU00354,6,6.83,0,PASS,AVERAGE,7.63
STU00355,1,9.83,0,PASS,EXCELLENT,9.83
STU00355,2,8.3,0,PASS,GOOD,9.07
STU00355,3,9.04,0,PASS,EXCELLENT,9.06
STU00355,4,9.53,0,PASS,EXCELLENT,9.18
STU00356,1,8.11,0,PASS,GOOD,8.11
STU00356,2,7.34,0,PASS,GOOD,7.72
STU00357,1,5.36,0,PASS,AVERAGE,5.36
STU00357,2,6.58,0,PASS,AVERAGE,5.97
STU00358,1,7.82,0,PASS,GOOD,7.82
STU00358,2,8.07,0,PASS,GOOD,7.94
STU00358,3,9.83,0,PASS,EXCELLENT,8.57
STU00359,1,8.36,0,PASS,GOOD,8.36
STU00359,2,7.68,0,PASS,GOOD,8.02
STU00359,3,7.83,0,PASS,GOOD,7.96
STU00359,4,7.74,0,PASS,GOOD,7.9
STU00360,1,4.67,0,PASS,AT_RISK,4.67
STU00360,2,7.11,0,PASS,GOOD,5.89
STU00360,3,7.97,0,PASS,GOOD,6.58
STU00360,4,5.54,0,PASS,AVERAGE,6.32
STU00361,1,9.43,0,PASS,EXCELLENT,9.43
STU00361,2,10.0,0,PASS,EXCELLENT,9.72
STU00361,3,9.43,0,PASS,EXCELLENT,9.62
STU00361,4,8.9,0,PASS,EXCELLENT,9.44
STU00361,5,8.78,0,PASS,EXCELLENT,9.31
STU00361,6,10.0,0,PASS,EXCELLENT,9.42
STU00362,1,7.35,0,PASS,GOOD,7.35
STU00362,2,6.46,0,PASS,AVERAGE,6.9
STU00362,3,7.17,0,PASS,GOOD,6.99
STU00362,4,7.25,0,PASS,GOOD,7.06
STU00363,1,9.1,0,PASS,EXCELLENT,9.1
STU00363,2,9.7,0,PASS,EXCELLENT,9.4
STU00363,3,8.78,0,PASS,EXCELLENT,9.19
STU00364,1,7.03,0,PASS,GOOD,7.03
STU00364,2,6.31,0,PASS,AVERAGE,6.67
STU00364,3,5.6,0,PASS,AVERAGE,6.31
STU00364,4,6.46,0,PASS,AVERAGE,6.35
STU00365,1,7.47,0,PASS,GOOD,7.47
STU00365,2,8.09,0,PASS,GOOD,7.78
STU00365,3,7.73,0,PASS,GOOD,7.76
STU00365,4,7.89,0,PASS,GOOD,7.8
STU00365,5,8.96,0,PASS,EXCELLENT,8.03
STU00366,1,5.73,0,PASS,AVERAGE,5.73
STU00366,2,5.89,0,PASS,AVERAGE,5.81
STU00366,3,5.8,0,PASS,AVERAGE,5.81
STU00366,4,6.11,0,PASS,AVERAGE,5.88
STU00366,5,8.1,0,PASS,GOOD,6.33
STU00366,6,5.14,0,PASS,AVERAGE,6.13
STU00367,1,7.75,0,PASS,GOOD,7.75
STU00367,2,7.03,0,PASS,GOOD,7.39
STU00367,3,8.01,0,PASS,GOOD,7.6
STU00367,4,8.5,0,PASS,EXCELLENT,7.82
STU00368,1,6.86,0,PASS,AVERAGE,6.86
STU00368,2,6.05,0,PASS,AVERAGE,6.46
STU00369,1,6.88,0,PASS,AVERAGE,6.88
STU00369,2,7.26,0,PASS,GOOD,7.07
STU00369,3,8.63,0,PASS,EXCELLENT,7.59
STU00369,4,7.79,0,PASS,GOOD,7.64
STU00369,5,9.67,0,PASS,EXCELLENT,8.05
STU00370,1,7.76,0,PASS,GOOD,7.76
STU00370,2,9.15,0,PASS,EXCELLENT,8.46
STU00371,1,8.7,0,PASS,EXCELLENT,8.7
STU00371,2,9.42,0,PASS,EXCELLENT,9.06
STU00371,3,8.43,0,PASS,GOOD,8.85
STU00371,4,8.81,0,PASS,EXCELLENT,8.84
STU00371,5,8.21,0,PASS,GOOD,8.71
STU00371,6,8.61,0,PASS,EXCELLENT,8.7
STU00372,1,5.69,0,PASS,AVERAGE,5.69
STU00372,2,4.74,1,PASS,AT_RISK,5.22
STU00372,3,5.97,0,PASS,AVERAGE,5.47
STU00372,4,3.84,0,PASS,AT_RISK,5.06
STU00372,5,4.56,0,PASS,AT_RISK,4.96
STU00372,6,4.56,0,PASS,AT_RISK,4.89
STU00373,1,7.87,0,PASS,GOOD,7.87
STU00373,2,8.82,0,PASS,EXCELLENT,8.35
STU00374,1,8.98,0,PASS,EXCELLENT,8.98
STU00374,2,7.81,0,PASS,GOOD,8.4
STU00374,3,8.46,0,PASS,GOOD,8.42
STU00374,4,9.18,0,PASS,EXCELLENT,8.61
STU00374,5,8.19,0,PASS,GOOD,8.52
STU00374,6,9.36,0,PASS,EXCELLENT,8.66
STU00375,1,9.35,0,PASS,EXCELLENT,9.35
STU00375,2,7.45,0,PASS,GOOD,8.4
STU00376,1,5.16,0,PASS,AVERAGE,5.16
STU00376,2,4.45,0,PASS,AT_RISK,4.8
STU00376,3,2.12,3,FAIL,AT_RISK,3.91
STU00376,4,5.42,0,PASS,AVERAGE,4.29
STU00376,5,5.49,0,PASS,AVERAGE,4.53
STU00377,1,5.77,0,PASS,AVERAGE,5.77
STU00377,2,7.51,0,PASS,GOOD,6.64
STU00377,3,8.31,0,PASS,GOOD,7.2
STU00377,4,6.36,0,PASS,AVERAGE,6.99
STU00377,5,8.55,0,PASS,EXCELLENT,7.3
STU00378,1,7.18,0,PASS,GOOD,7.18
STU00378,2,7.4,0,PASS,GOOD,7.29
STU00378,3,8.13,0,PASS,GOOD,7.57
STU00378,4,8.7,0,PASS,EXCELLENT,7.85
STU00378,5,8.35,0,PASS,GOOD,7.95
STU00378,6,8.77,0,PASS,EXCELLENT,8.09
STU00379,1,6.6,0,PASS,AVERAGE,6.6
STU00379,2,8.45,0,PASS,GOOD,7.52
STU00379,3,8.43,0,PASS,GOOD,7.83
STU00379,4,5.33,0,PASS,AVERAGE,7.2
STU00379,5,9.07,0,PASS,EXCELLENT,7.58
STU00379,6,7.31,0,PASS,GOOD,7.53
STU00380,1,7.56,0,PASS,GOOD,7.56
STU00380,2,5.04,0,PASS,AVERAGE,6.3
STU00380,3,7.84,0,PASS,GOOD,6.81
STU00380,4,2.79,0,PASS,AT_RISK,5.81
STU00381,1,8.12,0,PASS,GOOD,8.12
STU00381,2,8.31,0,PASS,GOOD,8.22
STU00381,3,9.21,0,PASS,EXCELLENT,8.55
STU00381,4,8.47,0,PASS,GOOD,8.53
STU00382,1,8.93,0,PASS,EXCELLENT,8.93
STU00382,2,7.25,0,PASS,GOOD,8.09
STU00383,1,6.72,0,PASS,AVERAGE,6.72
STU00383,2,6.33,0,PASS,AVERAGE,6.52
STU00383,3,6.75,0,PASS,AVERAGE,6.6
STU00383,4,6.99,0,PASS,AVERAGE,6.7
STU00384,1,7.82,0,PASS,GOOD,7.82
STU00384,2,8.87,0,PASS,EXCELLENT,8.34
STU00384,3,8.44,0,PASS,GOOD,8.38
STU00385,1,7.52,0,PASS,GOOD,7.52
STU00385,2,8.49,0,PASS,GOOD,8.0
STU00385,3,8.9,0,PASS,EXCELLENT,8.3
STU00385,4,7.59,0,PASS,GOOD,8.12
STU00386,1,8.16,0,PASS,GOOD,8.16
STU00386,2,7.38,0,PASS,GOOD,7.77
STU00386,3,6.79,0,PASS,AVERAGE,7.44
STU00387,1,7.54,0,PASS,GOOD,7.54
STU00387,2,8.24,0,PASS,GOOD,7.89
STU00387,3,8.1,0,PASS,GOOD,7.96
STU00387,4,8.5,0,PASS,GOOD,8.09
STU00387,5,9.47,0,PASS,EXCELLENT,8.37
STU00387,6,7.48,0,PASS,GOOD,8.22
STU00388,1,8.26,0,PASS,GOOD,8.26
STU00388,2,8.64,0,PASS,EXCELLENT,8.45
STU00388,3,9.37,0,PASS,EXCELLENT,8.76
STU00388,4,7.91,0,PASS,GOOD,8.54
STU00389,1,4.86,0,PASS,AT_RISK,4.86
STU00389,2,6.67,0,PASS,AVERAGE,5.76
STU00389,3,5.89,0,PASS,AVERAGE,5.81
STU00390,1,7.56,0,PASS,GOOD,7.56
STU00390,2,6.23,0,PASS,AVERAGE,6.9
STU00390,3,6.53,0,PASS,AVERAGE,6.77
STU00390,4,7.42,0,PASS,GOOD,6.94
STU00390,5,7.26,0,PASS,GOOD,7.0
STU00391,1,8.46,0,PASS,GOOD,8.46
STU00391,2,9.26,0,PASS,EXCELLENT,8.86
STU00391,3,8.3,0,PASS,GOOD,8.67
STU00391,4,8.19,0,PASS,GOOD,8.55
STU00392,1,7.09,0,PASS,GOOD,7.09
STU00392,2,6.75,0,PASS,AVERAGE,6.92
STU00392,3,7.26,0,PASS,GOOD,7.03
STU00393,1,6.32,0,PASS,AVERAGE,6.32
STU00393,2,7.76,0,PASS,GOOD,7.04
STU00394,1,7.96,0,PASS,GOOD,7.96
STU00394,2,8.9,0,PASS,EXCELLENT,8.43
STU00395,1,7.22,0,PASS,GOOD,7.22
STU00395,2,8.89,0,PASS,EXCELLENT,8.06
STU00395,3,7.77,0,PASS,GOOD,7.96
STU00395,4,7.27,0,PASS,GOOD,7.79
STU00395,5,7.45,0,PASS,GOOD,7.72
STU00396,1,2.09,3,FAIL,AT_RISK,2.09
STU00396,2,6.04,0,PASS,AVERAGE,4.06
STU00397,1,5.93,0,PASS,AVERAGE,5.93
STU00397,2,6.18,0,PASS,AVERAGE,6.06
STU00397,3,7.76,0,PASS,GOOD,6.62
STU00397,4,8.12,0,PASS,GOOD,7.0
STU00397,5,7.28,0,PASS,GOOD,7.05
STU00398,1,9.14,0,PASS,EXCELLENT,9.14
STU00398,2,9.41,0,PASS,EXCELLENT,9.28
STU00398,3,9.06,0,PASS,EXCELLENT,9.2
STU00399,1,8.8,0,PASS,EXCELLENT,8.8
STU00399,2,7.98,0,PASS,GOOD,8.39
STU00399,3,8.3,0,PASS,GOOD,8.36
STU00400,1,9.27,0,PASS,EXCELLENT,9.27
STU00400,2,8.08,0,PASS,GOOD,8.68
STU00400,3,7.59,0,PASS,GOOD,8.31
STU00400,4,8.03,0,PASS,GOOD,8.24
STU00401,1,8.87,0,PASS,EXCELLENT,8.87
STU00401,2,8.82,0,PASS,EXCELLENT,8.84
STU00401,3,8.7,0,PASS,EXCELLENT,8.8
STU00401,4,7.7,0,PASS,GOOD,8.52
STU00401,5,9.89,0,PASS,EXCELLENT,8.8
STU00402,1,7.69,0,PASS,GOOD,7.69
STU00402,2,8.55,0,PASS,EXCELLENT,8.12
STU00402,3,7.74,0,PASS,GOOD,7.99
STU00402,4,6.71,0,PASS,AVERAGE,7.67
STU00402,5,8.08,0,PASS,GOOD,7.75
STU00403,1,2.44,2,FAIL,AT_RISK,2.44
STU00403,2,4.65,0,PASS,AT_RISK,3.54
STU00403,3,4.75,1,PASS,AT_RISK,3.95
STU00403,4,2.67,1,FAIL,AT_RISK,3.63
STU00403,5,5.06,0,PASS,AVERAGE,3.91
STU00404,1,7.66,0,PASS,GOOD,7.66
STU00404,2,7.91,0,PASS,GOOD,7.78
STU00404,3,9.01,0,PASS,EXCELLENT,8.19
STU00404,4,7.11,0,PASS,GOOD,7.92
STU00404,5,8.7,0,PASS,EXCELLENT,8.08
STU00405,1,6.77,0,PASS,AVERAGE,6.77
STU00405,2,7.73,0,PASS,GOOD,7.25
STU00405,3,6.81,0,PASS,AVERAGE,7.1
STU00406,1,6.62,0,PASS,AVERAGE,6.62
STU00406,2,7.23,0,PASS,GOOD,6.93
STU00407,1,3.9,1,PASS,AT_RISK,3.9
STU00407,2,4.21,0,PASS,AT_RISK,4.06
STU00407,3,5.84,0,PASS,AVERAGE,4.65
STU00407,4,5.88,0,PASS,AVERAGE,4.96
STU00407,5,6.38,0,PASS,AVERAGE,5.24
STU00408,1,7.74,0,PASS,GOOD,7.74
STU00408,2,8.38,0,PASS,GOOD,8.06
STU00408,3,7.41,0,PASS,GOOD,7.84
STU00408,4,7.97,0,PASS,GOOD,7.88
STU00408,5,6.98,0,PASS,AVERAGE,7.7
STU00409,1,7.94,0,PASS,GOOD,7.94
STU00409,2,9.95,0,PASS,EXCELLENT,8.94
STU00409,3,8.1,0,PASS,GOOD,8.66
STU00409,4,8.33,0,PASS,GOOD,8.58
STU00409,5,7.31,0,PASS,GOOD,8.33
STU00409,6,8.23,0,PASS,GOOD,8.31
STU00410,1,7.56,0,PASS,GOOD,7.56
STU00410,2,8.88,0,PASS,EXCELLENT,8.22
STU00410,3,7.31,0,PASS,GOOD,7.92
STU00410,4,7.58,0,PASS,GOOD,7.83
STU00411,1,4.85,0,PASS,AT_RISK,4.85
STU00411,2,6.25,0,PASS,AVERAGE,5.55
STU00411,3,5.42,0,PASS,AVERAGE,5.51
STU00411,4,7.19,0,PASS,GOOD,5.93
STU00411,5,6.08,0,PASS,AVERAGE,5.96
STU00412,1,8.36,0,PASS,GOOD,8.36
STU00412,2,8.34,0,PASS,GOOD,8.35
STU00412,3,7.86,0,PASS,GOOD,8.19
STU00412,4,8.49,0,PASS,GOOD,8.26
STU00413,1,6.37,0,PASS,AVERAGE,6.37
STU00413,2,6.99,0,PASS,AVERAGE,6.68
STU00414,1,8.41,0,PASS,GOOD,8.41
STU00414,2,7.98,0,PASS,GOOD,8.2
STU00414,3,6.22,0,PASS,AVERAGE,7.54
STU00414,4,6.83,0,PASS,AVERAGE,7.36
STU00415,1,7.48,0,PASS,GOOD,7.48
STU00415,2,7.85,0,PASS,GOOD,7.66
STU00415,3,8.22,0,PASS,GOOD,7.85
STU00416,1,7.1,0,PASS,GOOD,7.1
STU00416,2,6.37,0,PASS,AVERAGE,6.74
STU00416,3,3.92,0,PASS,AT_RISK,5.8
STU00416,4,5.23,0,PASS,AVERAGE,5.66
STU00416,5,5.56,0,PASS,AVERAGE,5.64
STU00417,1,8.04,0,PASS,GOOD,8.04
STU00417,2,6.97,0,PASS,AVERAGE,7.5
STU00418,1,5.43,0,PASS,AVERAGE,5.43
STU00418,2,4.72,0,PASS,AT_RISK,5.07
STU00418,3,6.05,0,PASS,AVERAGE,5.4
STU00418,4,8.34,0,PASS,GOOD,6.14
STU00418,5,6.03,0,PASS,AVERAGE,6.11
STU00418,6,6.07,0,PASS,AVERAGE,6.11
STU00419,1,4.81,0,PASS,AT_RISK,4.81
STU00419,2,7.13,0,PASS,GOOD,5.97
STU00419,3,6.08,0,PASS,AVERAGE,6.01
STU00420,1,7.89,0,PASS,GOOD,7.89
STU00420,2,6.78,0,PASS,AVERAGE,7.34
STU00421,1,5.96,0,PASS,AVERAGE,5.96
STU00421,2,5.98,0,PASS,AVERAGE,5.97
STU00421,3,5.68,1,PASS,AVERAGE,5.87
STU00421,4,4.4,0,PASS,AT_RISK,5.5
STU00421,5,6.85,0,PASS,AVERAGE,5.77
STU00421,6,5.02,1,PASS,AVERAGE,5.65
STU00422,1,9.07,0,PASS,EXCELLENT,9.07
STU00422,2,7.33,0,PASS,GOOD,8.2
STU00422,3,7.84,0,PASS,GOOD,8.08
STU00422,4,8.43,0,PASS,GOOD,8.17
STU00423,1,6.69,0,PASS,AVERAGE,6.69
STU00423,2,7.58,0,PASS,GOOD,7.14
STU00424,1,8.66,0,PASS,EXCELLENT,8.66
STU00424,2,9.07,0,PASS,EXCELLENT,8.86
STU00424,3,7.97,0,PASS,GOOD,8.57
STU00424,4,8.09,0,PASS,GOOD,8.45
STU00424,5,9.05,0,PASS,EXCELLENT,8.57
STU00425,1,7.14,0,PASS,GOOD,7.14
STU00425,2,8.58,0,PASS,EXCELLENT,7.86
STU00425,3,5.83,0,PASS,AVERAGE,7.18
STU00425,4,7.32,0,PASS,GOOD,7.22
STU00425,5,6.45,0,PASS,AVERAGE,7.06
STU00425,6,6.52,0,PASS,AVERAGE,6.97
STU00426,1,8.76,0,PASS,EXCELLENT,8.76
STU00426,2,7.61,0,PASS,GOOD,8.18
STU00426,3,9.31,0,PASS,EXCELLENT,8.56
STU00427,1,5.26,0,PASS,AVERAGE,5.26
STU00427,2,6.94,0,PASS,AVERAGE,6.1
STU00427,3,7.18,0,PASS,GOOD,6.46
STU00428,1,9.55,0,PASS,EXCELLENT,9.55
STU00428,2,8.0,0,PASS,GOOD,8.78
STU00429,1,8.24,0,PASS,GOOD,8.24
STU00429,2,10.0,0,PASS,EXCELLENT,9.12
STU00429,3,7.97,0,PASS,GOOD,8.74
STU00429,4,7.79,0,PASS,GOOD,8.5
STU00429,5,8.32,0,PASS,GOOD,8.46
STU00430,1,8.39,0,PASS,GOOD,8.39
STU00430,2,8.41,0,PASS,GOOD,8.4
STU00430,3,7.15,0,PASS,GOOD,7.98
STU00431,1,6.01,0,PASS,AVERAGE,6.01
STU00431,2,7.89,0,PASS,GOOD,6.95
STU00431,3,7.98,0,PASS,GOOD,7.29
STU00431,4,7.38,0,PASS,GOOD,7.32
STU00432,1,4.94,0,PASS,AT_RISK,4.94
STU00432,2,3.05,1,FAIL,AT_RISK,4.0
STU00432,3,6.85,0,PASS,AVERAGE,4.95
STU00432,4,4.06,0,PASS,AT_RISK,4.72
STU00433,1,6.57,0,PASS,AVERAGE,6.57
STU00433,2,7.4,0,PASS,GOOD,6.98
STU00433,3,6.23,0,PASS,AVERAGE,6.73
STU00433,4,7.96,0,PASS,GOOD,7.04
STU00434,1,4.28,1,PASS,AT_RISK,4.28
STU00434,2,6.58,0,PASS,AVERAGE,5.43
STU00434,3,6.95,0,PASS,AVERAGE,5.94
STU00435,1,6.81,0,PASS,AVERAGE,6.81
STU00435,2,8.92,0,PASS,EXCELLENT,7.86
STU00435,3,8.32,0,PASS,GOOD,8.02
STU00436,1,7.76,0,PASS,GOOD,7.76
STU00436,2,6.71,0,PASS,AVERAGE,7.24
STU00436,3,8.04,0,PASS,GOOD,7.5
STU00437,1,8.8,0,PASS,EXCELLENT,8.8
STU00437,2,7.15,0,PASS,GOOD,7.98
STU00437,3,8.65,0,PASS,EXCELLENT,8.2
STU00437,4,7.21,0,PASS,GOOD,7.95
STU00437,5,7.26,0,PASS,GOOD,7.81
STU00437,6,8.23,0,PASS,GOOD,7.88
STU00438,1,7.1,0,PASS,GOOD,7.1
STU00438,2,7.4,0,PASS,GOOD,7.25
STU00438,3,7.04,0,PASS,GOOD,7.18
STU00439,1,7.06,0,PASS,GOOD,7.06
STU00439,2,7.27,0,PASS,GOOD,7.16
STU00440,1,8.44,0,PASS,GOOD,8.44
STU00440,2,8.42,0,PASS,GOOD,8.43
STU00440,3,8.5,0,PASS,GOOD,8.45
STU00440,4,7.25,0,PASS,GOOD,8.15
STU00440,5,9.97,0,PASS,EXCELLENT,8.52
STU00440,6,8.69,0,PASS,EXCELLENT,8.54
STU00441,1,8.79,0,PASS,EXCELLENT,8.79
STU00441,2,8.06,0,PASS,GOOD,8.43
STU00442,1,8.32,0,PASS,GOOD,8.32
STU00442,2,7.94,0,PASS,GOOD,8.13
STU00443,1,7.81,0,PASS,GOOD,7.81
STU00443,2,5.82,0,PASS,AVERAGE,6.82
STU00443,3,7.53,0,PASS,GOOD,7.05
STU00443,4,7.3,0,PASS,GOOD,7.12
STU00444,1,8.84,0,PASS,EXCELLENT,8.84
STU00444,2,8.8,0,PASS,EXCELLENT,8.82
STU00444,3,8.77,0,PASS,EXCELLENT,8.8
STU00444,4,9.31,0,PASS,EXCELLENT,8.93
STU00444,5,9.5,0,PASS,EXCELLENT,9.04
STU00445,1,6.49,0,PASS,AVERAGE,6.49
STU00445,2,6.56,0,PASS,AVERAGE,6.52
STU00445,3,5.14,0,PASS,AVERAGE,6.06
STU00446,1,7.46,0,PASS,GOOD,7.46
STU00446,2,6.41,0,PASS,AVERAGE,6.94
STU00446,3,6.73,0,PASS,AVERAGE,6.87
STU00447,1,8.28,0,PASS,GOOD,8.28
STU00447,2,8.67,0,PASS,EXCELLENT,8.48
STU00448,1,5.23,0,PASS,AVERAGE,5.23
STU00448,2,5.64,0,PASS,AVERAGE,5.44
STU00448,3,5.69,0,PASS,AVERAGE,5.52
STU00448,4,4.79,0,PASS,AT_RISK,5.34
STU00448,5,7.76,0,PASS,GOOD,5.82
STU00448,6,7.19,0,PASS,GOOD,6.05
STU00449,1,9.13,0,PASS,EXCELLENT,9.13
STU00449,2,8.04,0,PASS,GOOD,8.59
STU00449,3,6.31,0,PASS,AVERAGE,7.83
STU00449,4,6.52,0,PASS,AVERAGE,7.5
STU00449,5,7.58,0,PASS,GOOD,7.52
STU00450,1,8.76,0,PASS,EXCELLENT,8.76
STU00450,2,6.1,0,PASS,AVERAGE,7.43
STU00450,3,6.4,0,PASS,AVERAGE,7.09
STU00450,4,7.5,0,PASS,GOOD,7.19
STU00451,1,7.47,0,PASS,GOOD,7.47
STU00451,2,7.16,0,PASS,GOOD,7.32
STU00452,1,4.7,0,PASS,AT_RISK,4.7
STU00452,2,6.74,0,PASS,AVERAGE,5.72
STU00452,3,6.42,0,PASS,AVERAGE,5.95
STU00452,4,6.09,0,PASS,AVERAGE,5.99
STU00452,5,6.57,0,PASS,AVERAGE,6.1
STU00453,1,8.19,0,PASS,GOOD,8.19
STU00453,2,7.74,0,PASS,GOOD,7.96
STU00453,3,8.45,0,PASS,GOOD,8.13
STU00454,1,5.35,0,PASS,AVERAGE,5.35
STU00454,2,5.74,0,PASS,AVERAGE,5.54
STU00454,3,5.92,0,PASS,AVERAGE,5.67
STU00454,4,6.23,0,PASS,AVERAGE,5.81
STU00454,5,8.36,0,PASS,GOOD,6.32
STU00455,1,3.97,3,FAIL,AT_RISK,3.97
STU00455,2,3.77,1,FAIL,AT_RISK,3.87
STU00456,1,7.38,0,PASS,GOOD,7.38
STU00456,2,7.74,0,PASS,GOOD,7.56
STU00456,3,4.69,1,PASS,AT_RISK,6.6
STU00457,1,8.02,0,PASS,GOOD,8.02
STU00457,2,7.42,0,PASS,GOOD,7.72
STU00458,1,9.74,0,PASS,EXCELLENT,9.74
STU00458,2,8.19,0,PASS,GOOD,8.96
STU00458,3,8.44,0,PASS,GOOD,8.79
STU00459,1,7.43,0,PASS,GOOD,7.43
STU00459,2,6.55,0,PASS,AVERAGE,6.99
STU00460,1,9.48,0,PASS,EXCELLENT,9.48
STU00460,2,7.0,0,PASS,AVERAGE,8.24
STU00461,1,9.49,0,PASS,EXCELLENT,9.49
STU00461,2,9.06,0,PASS,EXCELLENT,9.28
STU00461,3,10.0,0,PASS,EXCELLENT,9.52
STU00462,1,7.39,0,PASS,GOOD,7.39
STU00462,2,7.8,0,PASS,GOOD,7.6
STU00462,3,9.2,0,PASS,EXCELLENT,8.13
STU00462,4,7.35,0,PASS,GOOD,7.94
STU00462,5,7.48,0,PASS,GOOD,7.84
STU00462,6,7.63,0,PASS,GOOD,7.81
STU00463,1,8.11,0,PASS,GOOD,8.11
STU00463,2,6.78,0,PASS,AVERAGE,7.44
STU00463,3,8.37,0,PASS,GOOD,7.75
STU00463,4,6.55,0,PASS,AVERAGE,7.45
STU00463,5,5.3,1,PASS,AVERAGE,7.02
STU00463,6,6.02,0,PASS,AVERAGE,6.86
STU00464,1,8.43,0,PASS,GOOD,8.43
STU00464,2,9.21,0,PASS,EXCELLENT,8.82
STU00464,3,9.15,0,PASS,EXCELLENT,8.93
STU00465,1,5.09,0,PASS,AVERAGE,5.09
STU00465,2,7.69,0,PASS,GOOD,6.39
STU00465,3,7.66,0,PASS,GOOD,6.81
STU00466,1,6.63,0,PASS,AVERAGE,6.63
STU00466,2,7.35,0,PASS,GOOD,6.99
STU00467,1,9.93,0,PASS,EXCELLENT,9.93
STU00467,2,8.95,0,PASS,EXCELLENT,9.44
STU00467,3,9.56,0,PASS,EXCELLENT,9.48
STU00468,1,6.94,0,PASS,AVERAGE,6.94
STU00468,2,5.05,0,PASS,AVERAGE,6.0
STU00468,3,3.64,1,PASS,AT_RISK,5.21
STU00468,4,6.32,0,PASS,AVERAGE,5.49
STU00469,1,8.11,0,PASS,GOOD,8.11
STU00469,2,8.25,0,PASS,GOOD,8.18
STU00469,3,6.88,0,PASS,AVERAGE,7.75
STU00469,4,8.06,0,PASS,GOOD,7.82
STU00469,5,7.16,0,PASS,GOOD,7.69
STU00470,1,7.93,0,PASS,GOOD,7.93
STU00470,2,8.16,0,PASS,GOOD,8.04
STU00470,3,7.88,0,PASS,GOOD,7.99
STU00470,4,6.58,0,PASS,AVERAGE,7.64
STU00471,1,8.82,0,PASS,EXCELLENT,8.82
STU00471,2,8.34,0,PASS,GOOD,8.58
STU00472,1,5.1,0,PASS,AVERAGE,5.1
STU00472,2,7.4,0,PASS,GOOD,6.25
STU00473,1,5.98,0,PASS,AVERAGE,5.98
STU00473,2,6.35,0,PASS,AVERAGE,6.16
STU00473,3,6.19,0,PASS,AVERAGE,6.17
STU00474,1,8.29,0,PASS,GOOD,8.29
STU00474,2,7.93,0,PASS,GOOD,8.11
STU00474,3,6.75,0,PASS,AVERAGE,7.66
STU00474,4,7.83,0,PASS,GOOD,7.7
STU00475,1,6.56,0,PASS,AVERAGE,6.56
STU00475,2,4.51,0,PASS,AT_RISK,5.54
STU00475,3,4.56,1,PASS,AT_RISK,5.21
STU00475,4,7.48,0,PASS,GOOD,5.78
STU00475,5,6.41,0,PASS,AVERAGE,5.9
STU00475,6,6.21,0,PASS,AVERAGE,5.95
STU00476,1,8.29,0,PASS,GOOD,8.29
STU00476,2,7.59,0,PASS,GOOD,7.94
STU00476,3,6.86,0,PASS,AVERAGE,7.58
STU00476,4,6.36,0,PASS,AVERAGE,7.28
STU00476,5,6.55,0,PASS,AVERAGE,7.13
STU00476,6,6.73,0,PASS,AVERAGE,7.06
STU00477,1,5.28,0,PASS,AVERAGE,5.28
STU00477,2,1.73,1,FAIL,AT_RISK,3.5
STU00477,3,3.21,3,FAIL,AT_RISK,3.41
STU00477,4,3.78,2,FAIL,AT_RISK,3.5
STU00477,5,7.19,0,PASS,GOOD,4.24
STU00477,6,5.7,0,PASS,AVERAGE,4.48
STU00478,1,7.63,0,PASS,GOOD,7.63
STU00478,2,7.5,0,PASS,GOOD,7.56
STU00478,3,7.3,0,PASS,GOOD,7.48
STU00478,4,6.37,0,PASS,AVERAGE,7.2
STU00478,5,8.69,0,PASS,EXCELLENT,7.5
STU00478,6,5.73,0,PASS,AVERAGE,7.2
STU00479,1,9.36,0,PASS,EXCELLENT,9.36
STU00479,2,8.12,0,PASS,GOOD,8.74
STU00479,3,9.04,0,PASS,EXCELLENT,8.84
STU00479,4,8.05,0,PASS,GOOD,8.64
STU00480,1,6.02,0,PASS,AVERAGE,6.02
STU00480,2,5.6,0,PASS,AVERAGE,5.81
STU00480,3,3.7,1,FAIL,AT_RISK,5.11
STU00480,4,5.78,0,PASS,AVERAGE,5.28
STU00481,1,9.83,0,PASS,EXCELLENT,9.83
STU00481,2,7.69,0,PASS,GOOD,8.76
STU00482,1,6.6,0,PASS,AVERAGE,6.6
STU00482,2,7.96,0,PASS,GOOD,7.28
STU00482,3,7.79,0,PASS,GOOD,7.45
STU00483,1,7.47,0,PASS,GOOD,7.47
STU00483,2,7.6,0,PASS,GOOD,7.54
STU00483,3,8.0,0,PASS,GOOD,7.69
STU00484,1,6.84,0,PASS,AVERAGE,6.84
STU00484,2,7.53,0,PASS,GOOD,7.18
STU00484,3,7.13,0,PASS,GOOD,7.17
STU00484,4,7.3,0,PASS,GOOD,7.2
STU00484,5,8.81,0,PASS,EXCELLENT,7.52
STU00484,6,5.73,0,PASS,AVERAGE,7.22
STU00485,1,8.18,0,PASS,GOOD,8.18
STU00485,2,6.82,0,PASS,AVERAGE,7.5
STU00485,3,7.01,0,PASS,GOOD,7.34
STU00485,4,7.37,0,PASS,GOOD,7.34
STU00485,5,7.31,0,PASS,GOOD,7.34
STU00486,1,6.76,0,PASS,AVERAGE,6.76
STU00486,2,9.28,0,PASS,EXCELLENT,8.02
STU00486,3,9.28,0,PASS,EXCELLENT,8.44
STU00487,1,8.36,0,PASS,GOOD,8.36
STU00487,2,9.92,0,PASS,EXCELLENT,9.14
STU00487,3,8.02,0,PASS,GOOD,8.77
STU00488,1,9.18,0,PASS,EXCELLENT,9.18
STU00488,2,8.77,0,PASS,EXCELLENT,8.98
STU00489,1,5.5,0,PASS,AVERAGE,5.5
STU00489,2,7.04,0,PASS,GOOD,6.27
STU00489,3,3.62,2,FAIL,AT_RISK,5.39
STU00489,4,5.18,0,PASS,AVERAGE,5.34
STU00490,1,7.24,0,PASS,GOOD,7.24
STU00490,2,5.13,0,PASS,AVERAGE,6.18
STU00490,3,6.39,0,PASS,AVERAGE,6.25
STU00490,4,7.78,0,PASS,GOOD,6.64
STU00490,5,7.93,0,PASS,GOOD,6.89
STU00490,6,6.55,0,PASS,AVERAGE,6.84
STU00491,1,7.9,0,PASS,GOOD,7.9
STU00491,2,7.58,0,PASS,GOOD,7.74
STU00492,1,6.56,0,PASS,AVERAGE,6.56
STU00492,2,6.98,0,PASS,AVERAGE,6.77
STU00492,3,7.9,0,PASS,GOOD,7.15
STU00493,1,4.69,0,PASS,AT_RISK,4.69
STU00493,2,5.62,0,PASS,AVERAGE,5.16
STU00493,3,6.58,0,PASS,AVERAGE,5.63
STU00493,4,7.9,0,PASS,GOOD,6.2
STU00493,5,8.7,0,PASS,EXCELLENT,6.7
STU00494,1,7.2,0,PASS,GOOD,7.2
STU00494,2,5.77,0,PASS,AVERAGE,6.48
STU00494,3,5.37,0,PASS,AVERAGE,6.11
STU00494,4,5.73,0,PASS,AVERAGE,6.02
STU00494,5,5.26,0,PASS,AVERAGE,5.87
STU00494,6,6.46,0,PASS,AVERAGE,5.96
STU00495,1,4.94,0,PASS,AT_RISK,4.94
STU00495,2,5.79,0,PASS,AVERAGE,5.36
STU00495,3,7.29,0,PASS,GOOD,6.01
STU00495,4,4.72,0,PASS,AT_RISK,5.68
STU00496,1,8.11,0,PASS,GOOD,8.11
STU00496,2,6.83,0,PASS,AVERAGE,7.47
STU00497,1,7.15,0,PASS,GOOD,7.15
STU00497,2,7.37,0,PASS,GOOD,7.26
STU00498,1,7.61,0,PASS,GOOD,7.61
STU00498,2,7.73,0,PASS,GOOD,7.67
STU00499,1,7.26,0,PASS,GOOD,7.26
STU00499,2,8.18,0,PASS,GOOD,7.72
STU00500,1,8.54,0,PASS,EXCELLENT,8.54
STU00500,2,9.39,0,PASS,EXCELLENT,8.96
STU00500,3,7.48,0,PASS,GOOD,8.47
STU00500,4,8.84,0,PASS,EXCELLENT,8.56
STU00501,1,4.9,0,PASS,AT_RISK,4.9
STU00501,2,4.32,0,PASS,AT_RISK,4.61
STU00501,3,2.86,2,FAIL,AT_RISK,4.03
STU00502,1,7.33,0,PASS,GOOD,7.33
STU00502,2,7.88,0,PASS,GOOD,7.6
STU00502,3,6.99,0,PASS,AVERAGE,7.4
STU00502,4,6.11,0,PASS,AVERAGE,7.08
STU00503,1,9.52,0,PASS,EXCELLENT,9.52
STU00503,2,7.78,0,PASS,GOOD,8.65
STU00503,3,7.73,0,PASS,GOOD,8.34
STU00503,4,6.91,0,PASS,AVERAGE,7.98
STU00503,5,8.87,0,PASS,EXCELLENT,8.16
STU00503,6,8.23,0,PASS,GOOD,8.17
STU00504,1,6.29,0,PASS,AVERAGE,6.29
STU00504,2,6.6,0,PASS,AVERAGE,6.44
STU00504,3,7.34,0,PASS,GOOD,6.74
STU00505,1,5.13,0,PASS,AVERAGE,5.13
STU00505,2,6.0,0,PASS,AVERAGE,5.56
STU00505,3,5.08,0,PASS,AVERAGE,5.4
STU00506,1,9.13,0,PASS,EXCELLENT,9.13
STU00506,2,7.85,0,PASS,GOOD,8.49
STU00506,3,6.77,0,PASS,AVERAGE,7.92
STU00506,4,7.26,0,PASS,GOOD,7.75
STU00506,5,6.67,0,PASS,AVERAGE,7.54
STU00506,6,8.39,0,PASS,GOOD,7.68
STU00507,1,8.37,0,PASS,GOOD,8.37
STU00507,2,6.0,0,PASS,AVERAGE,7.18
STU00507,3,8.01,0,PASS,GOOD,7.46
STU00507,4,8.2,0,PASS,GOOD,7.64
STU00507,5,9.21,0,PASS,EXCELLENT,7.96
STU00508,1,6.29,0,PASS,AVERAGE,6.29
STU00508,2,7.08,0,PASS,GOOD,6.68
STU00508,3,7.4,0,PASS,GOOD,6.92
STU00508,4,7.49,0,PASS,GOOD,7.06
STU00508,5,7.45,0,PASS,GOOD,7.14
STU00509,1,9.11,0,PASS,EXCELLENT,9.11
STU00509,2,7.74,0,PASS,GOOD,8.43
STU00509,3,4.48,1,PASS,AT_RISK,7.11
STU00509,4,6.17,0,PASS,AVERAGE,6.88
STU00509,5,7.92,0,PASS,GOOD,7.08
STU00510,1,7.27,0,PASS,GOOD,7.27
STU00510,2,7.25,0,PASS,GOOD,7.26
STU00510,3,6.46,0,PASS,AVERAGE,6.99
STU00510,4,7.13,0,PASS,GOOD,7.03
STU00510,5,7.26,0,PASS,GOOD,7.07
STU00510,6,7.41,0,PASS,GOOD,7.13
STU00511,1,9.28,0,PASS,EXCELLENT,9.28
STU00511,2,9.28,0,PASS,EXCELLENT,9.28
STU00512,1,7.19,0,PASS,GOOD,7.19
STU00512,2,7.54,0,PASS,GOOD,7.36
STU00512,3,6.24,0,PASS,AVERAGE,6.99
STU00512,4,8.23,0,PASS,GOOD,7.3
STU00512,5,6.93,0,PASS,AVERAGE,7.23
STU00512,6,9.19,0,PASS,EXCELLENT,7.55
STU00513,1,7.42,0,PASS,GOOD,7.42
STU00513,2,6.93,0,PASS,AVERAGE,7.18
STU00513,3,8.9,0,PASS,EXCELLENT,7.75
STU00513,4,8.14,0,PASS,GOOD,7.85
STU00513,5,8.23,0,PASS,GOOD,7.92
STU00513,6,8.88,0,PASS,EXCELLENT,8.08
STU00514,1,5.46,0,PASS,AVERAGE,5.46
STU00514,2,6.61,0,PASS,AVERAGE,6.04
STU00515,1,8.19,0,PASS,GOOD,8.19
STU00515,2,8.21,0,PASS,GOOD,8.2
STU00515,3,7.47,0,PASS,GOOD,7.96
STU00515,4,8.39,0,PASS,GOOD,8.07
STU00516,1,7.85,0,PASS,GOOD,7.85
STU00516,2,7.81,0,PASS,GOOD,7.83
STU00516,3,7.24,0,PASS,GOOD,7.63
STU00516,4,8.29,0,PASS,GOOD,7.8
STU00516,5,7.71,0,PASS,GOOD,7.78
STU00516,6,8.11,0,PASS,GOOD,7.84
STU00517,1,7.76,0,PASS,GOOD,7.76
STU00517,2,7.1,0,PASS,GOOD,7.43
STU00518,1,4.72,0,PASS,AT_RISK,4.72
STU00518,2,4.96,0,PASS,AT_RISK,4.84
STU00518,3,5.48,0,PASS,AVERAGE,5.05
STU00518,4,7.39,0,PASS,GOOD,5.64
STU00518,5,6.8,0,PASS,AVERAGE,5.87
STU00519,1,2.37,2,FAIL,AT_RISK,2.37
STU00519,2,3.53,2,FAIL,AT_RISK,2.95
STU00520,1,5.62,0,PASS,AVERAGE,5.62
STU00520,2,5.9,0,PASS,AVERAGE,5.76
STU00520,3,5.87,0,PASS,AVERAGE,5.8
STU00520,4,4.3,1,PASS,AT_RISK,5.42
STU00520,5,3.76,1,FAIL,AT_RISK,5.09
STU00521,1,7.27,0,PASS,GOOD,7.27
STU00521,2,8.19,0,PASS,GOOD,7.73
STU00522,1,7.32,0,PASS,GOOD,7.32
STU00522,2,6.25,0,PASS,AVERAGE,6.78
STU00522,3,6.86,0,PASS,AVERAGE,6.81
STU00523,1,7.6,0,PASS,GOOD,7.6
STU00523,2,8.53,0,PASS,EXCELLENT,8.06
STU00524,1,4.03,0,PASS,AT_RISK,4.03
STU00524,2,6.11,0,PASS,AVERAGE,5.07
STU00525,1,4.35,2,FAIL,AT_RISK,4.35
STU00525,2,5.37,0,PASS,AVERAGE,4.86
STU00525,3,5.11,0,PASS,AVERAGE,4.94
STU00525,4,6.32,0,PASS,AVERAGE,5.29
STU00526,1,7.52,0,PASS,GOOD,7.52
STU00526,2,9.13,0,PASS,EXCELLENT,8.32
STU00526,3,7.35,0,PASS,GOOD,8.0
STU00526,4,8.95,0,PASS,EXCELLENT,8.24
STU00526,5,8.87,0,PASS,EXCELLENT,8.36
STU00527,1,9.05,0,PASS,EXCELLENT,9.05
STU00527,2,9.04,0,PASS,EXCELLENT,9.04
STU00528,1,5.06,0,PASS,AVERAGE,5.06
STU00528,2,4.51,0,PASS,AT_RISK,4.78
STU00528,3,4.45,1,PASS,AT_RISK,4.67
STU00528,4,4.07,2,FAIL,AT_RISK,4.52
STU00529,1,5.61,0,PASS,AVERAGE,5.61
STU00529,2,5.19,1,PASS,AVERAGE,5.4
STU00529,3,4.51,1,PASS,AT_RISK,5.1
STU00530,1,9.12,0,PASS,EXCELLENT,9.12
STU00530,2,6.16,0,PASS,AVERAGE,7.64
STU00530,3,8.18,0,PASS,GOOD,7.82
STU00530,4,7.06,0,PASS,GOOD,7.63
STU00530,5,7.35,0,PASS,GOOD,7.57
STU00531,1,8.25,0,PASS,GOOD,8.25
STU00531,2,7.64,0,PASS,GOOD,7.94
STU00531,3,8.83,0,PASS,EXCELLENT,8.24
STU00531,4,5.17,0,PASS,AVERAGE,7.47
STU00531,5,7.01,0,PASS,GOOD,7.38
STU00532,1,7.48,0,PASS,GOOD,7.48
STU00532,2,8.39,0,PASS,GOOD,7.94
STU00532,3,7.98,0,PASS,GOOD,7.95
STU00532,4,8.29,0,PASS,GOOD,8.04
STU00532,5,9.57,0,PASS,EXCELLENT,8.34
STU00532,6,7.67,0,PASS,GOOD,8.23
STU00533,1,4.72,0,PASS,AT_RISK,4.72
STU00533,2,7.59,0,PASS,GOOD,6.15
STU00533,3,6.66,0,PASS,AVERAGE,6.32
STU00533,4,6.9,0,PASS,AVERAGE,6.47
STU00533,5,6.14,0,PASS,AVERAGE,6.4
STU00534,1,6.35,0,PASS,AVERAGE,6.35
STU00534,2,6.9,0,PASS,AVERAGE,6.62
STU00534,3,6.28,0,PASS,AVERAGE,6.51
STU00534,4,5.33,0,PASS,AVERAGE,6.22
STU00534,5,4.29,0,PASS,AT_RISK,5.83
STU00535,1,7.09,0,PASS,GOOD,7.09
STU00535,2,7.3,0,PASS,GOOD,7.2
STU00536,1,6.8,0,PASS,AVERAGE,6.8
STU00536,2,5.91,0,PASS,AVERAGE,6.36
STU00536,3,7.53,0,PASS,GOOD,6.75
STU00536,4,9.33,0,PASS,EXCELLENT,7.39
STU00537,1,7.21,0,PASS,GOOD,7.21
STU00537,2,6.98,0,PASS,AVERAGE,7.1
STU00537,3,7.61,0,PASS,GOOD,7.27
STU00537,4,5.61,0,PASS,AVERAGE,6.85
STU00537,5,6.65,0,PASS,AVERAGE,6.81
STU00538,1,7.36,0,PASS,GOOD,7.36
STU00538,2,7.7,0,PASS,GOOD,7.53
STU00538,3,8.27,0,PASS,GOOD,7.78
STU00538,4,6.5,0,PASS,AVERAGE,7.46
STU00538,5,6.07,0,PASS,AVERAGE,7.18
STU00539,1,3.89,2,FAIL,AT_RISK,3.89
STU00539,2,4.95,0,PASS,AT_RISK,4.42
STU00539,3,6.14,0,PASS,AVERAGE,4.99
STU00539,4,5.03,0,PASS,AVERAGE,5.0
STU00539,5,6.86,0,PASS,AVERAGE,5.37
STU00540,1,7.97,0,PASS,GOOD,7.97
STU00540,2,8.28,0,PASS,GOOD,8.12
STU00540,3,7.64,0,PASS,GOOD,7.96
STU00540,4,7.77,0,PASS,GOOD,7.91
STU00540,5,7.63,0,PASS,GOOD,7.86
STU00540,6,7.98,0,PASS,GOOD,7.88
STU00541,1,7.25,0,PASS,GOOD,7.25
STU00541,2,6.47,0,PASS,AVERAGE,6.86
STU00541,3,4.65,0,PASS,AT_RISK,6.12
STU00541,4,5.61,0,PASS,AVERAGE,6.0
STU00542,1,4.71,0,PASS,AT_RISK,4.71
STU00542,2,5.71,0,PASS,AVERAGE,5.21
STU00542,3,6.03,0,PASS,AVERAGE,5.48
STU00542,4,5.68,0,PASS,AVERAGE,5.53
STU00543,1,9.5,0,PASS,EXCELLENT,9.5
STU00543,2,9.74,0,PASS,EXCELLENT,9.62
STU00543,3,7.02,0,PASS,GOOD,8.75
STU00543,4,8.77,0,PASS,EXCELLENT,8.76
STU00544,1,7.43,0,PASS,GOOD,7.43
STU00544,2,7.79,0,PASS,GOOD,7.61
STU00544,3,7.56,0,PASS,GOOD,7.59
STU00545,1,7.48,0,PASS,GOOD,7.48
STU00545,2,6.02,0,PASS,AVERAGE,6.75
STU00546,1,7.16,0,PASS,GOOD,7.16
STU00546,2,5.47,0,PASS,AVERAGE,6.32
STU00546,3,6.77,0,PASS,AVERAGE,6.47
STU00547,1,5.24,0,PASS,AVERAGE,5.24
STU00547,2,6.17,0,PASS,AVERAGE,5.7
STU00547,3,4.96,0,PASS,AT_RISK,5.46
STU00548,1,7.57,0,PASS,GOOD,7.57
STU00548,2,7.44,0,PASS,GOOD,7.51
STU00548,3,8.53,0,PASS,EXCELLENT,7.85
STU00548,4,6.73,0,PASS,AVERAGE,7.57
STU00548,5,7.86,0,PASS,GOOD,7.63
STU00548,6,7.54,0,PASS,GOOD,7.61
STU00549,1,5.77,0,PASS,AVERAGE,5.77
STU00549,2,6.14,0,PASS,AVERAGE,5.96
STU00549,3,6.89,0,PASS,AVERAGE,6.27
STU00549,4,7.11,0,PASS,GOOD,6.48
STU00550,1,5.47,0,PASS,AVERAGE,5.47
STU00550,2,6.12,0,PASS,AVERAGE,5.8
STU00550,3,5.63,0,PASS,AVERAGE,5.74
STU00550,4,5.28,0,PASS,AVERAGE,5.62
STU00551,1,8.66,0,PASS,EXCELLENT,8.66
STU00551,2,8.72,0,PASS,EXCELLENT,8.69
STU00551,3,7.5,0,PASS,GOOD,8.29
STU00551,4,8.67,0,PASS,EXCELLENT,8.39
STU00551,5,9.23,0,PASS,EXCELLENT,8.56
STU00552,1,5.26,0,PASS,AVERAGE,5.26
STU00552,2,3.64,2,FAIL,AT_RISK,4.45
STU00552,3,5.68,0,PASS,AVERAGE,4.86
STU00552,4,4.53,1,PASS,AT_RISK,4.78
STU00552,5,3.18,1,FAIL,AT_RISK,4.46
STU00553,1,6.45,0,PASS,AVERAGE,6.45
STU00553,2,7.41,0,PASS,GOOD,6.93
STU00553,3,8.39,0,PASS,GOOD,7.42
STU00553,4,7.97,0,PASS,GOOD,7.56
STU00553,5,6.72,0,PASS,AVERAGE,7.39
STU00554,1,8.84,0,PASS,EXCELLENT,8.84
STU00554,2,5.28,0,PASS,AVERAGE,7.06
STU00554,3,6.39,0,PASS,AVERAGE,6.84
STU00554,4,6.96,0,PASS,AVERAGE,6.87
STU00554,5,5.77,0,PASS,AVERAGE,6.65
STU00554,6,6.57,0,PASS,AVERAGE,6.64
STU00555,1,7.78,0,PASS,GOOD,7.78
STU00555,2,8.39,0,PASS,GOOD,8.09
STU00555,3,6.32,0,PASS,AVERAGE,7.5
STU00555,4,9.52,0,PASS,EXCELLENT,8.0
STU00555,5,8.28,0,PASS,GOOD,8.06
STU00555,6,8.0,0,PASS,GOOD,8.05
STU00556,1,6.97,0,PASS,AVERAGE,6.97
STU00556,2,7.01,0,PASS,GOOD,6.99
STU00556,3,6.99,0,PASS,AVERAGE,6.99
STU00557,1,8.57,0,PASS,EXCELLENT,8.57
STU00557,2,9.85,0,PASS,EXCELLENT,9.21
STU00557,3,8.65,0,PASS,EXCELLENT,9.02
STU00557,4,8.45,0,PASS,GOOD,8.88
STU00557,5,8.24,0,PASS,GOOD,8.75
STU00558,1,8.61,0,PASS,EXCELLENT,8.61
STU00558,2,7.84,0,PASS,GOOD,8.22
STU00558,3,8.99,0,PASS,EXCELLENT,8.48
STU00558,4,6.77,0,PASS,AVERAGE,8.05
STU00559,1,8.52,0,PASS,EXCELLENT,8.52
STU00559,2,8.0,0,PASS,GOOD,8.26
STU00560,1,6.43,0,PASS,AVERAGE,6.43
STU00560,2,7.42,0,PASS,GOOD,6.92
STU00560,3,8.19,0,PASS,GOOD,7.35
STU00560,4,9.33,0,PASS,EXCELLENT,7.84
STU00560,5,7.49,0,PASS,GOOD,7.77
STU00560,6,8.76,0,PASS,EXCELLENT,7.94
STU00561,1,7.17,0,PASS,GOOD,7.17
STU00561,2,7.32,0,PASS,GOOD,7.24
STU00561,3,7.79,0,PASS,GOOD,7.43
STU00562,1,9.35,0,PASS,EXCELLENT,9.35
STU00562,2,7.75,0,PASS,GOOD,8.55
STU00562,3,9.04,0,PASS,EXCELLENT,8.71
STU00563,1,8.73,0,PASS,EXCELLENT,8.73
STU00563,2,9.39,0,PASS,EXCELLENT,9.06
STU00563,3,8.75,0,PASS,EXCELLENT,8.96
STU00563,4,9.2,0,PASS,EXCELLENT,9.02
STU00563,5,6.87,0,PASS,AVERAGE,8.59
STU00563,6,8.15,0,PASS,GOOD,8.52
STU00564,1,7.01,0,PASS,GOOD,7.01
STU00564,2,8.33,0,PASS,GOOD,7.67
STU00564,3,7.73,0,PASS,GOOD,7.69
STU00564,4,6.39,0,PASS,AVERAGE,7.36
STU00564,5,7.55,0,PASS,GOOD,7.4
STU00565,1,3.56,3,FAIL,AT_RISK,3.56
STU00565,2,5.39,0,PASS,AVERAGE,4.47
STU00566,1,9.57,0,PASS,EXCELLENT,9.57
STU00566,2,9.39,0,PASS,EXCELLENT,9.48
STU00566,3,8.13,0,PASS,GOOD,9.03
STU00566,4,8.69,0,PASS,EXCELLENT,8.94
STU00567,1,6.37,0,PASS,AVERAGE,6.37
STU00567,2,8.11,0,PASS,GOOD,7.24
STU00567,3,5.43,0,PASS,AVERAGE,6.64
STU00567,4,7.45,0,PASS,GOOD,6.84
STU00567,5,7.4,0,PASS,GOOD,6.95
STU00568,1,8.64,0,PASS,EXCELLENT,8.64
STU00568,2,8.61,0,PASS,EXCELLENT,8.62
STU00568,3,8.29,0,PASS,GOOD,8.51
STU00568,4,7.77,0,PASS,GOOD,8.33
STU00569,1,7.21,0,PASS,GOOD,7.21
STU00569,2,7.24,0,PASS,GOOD,7.22
STU00570,1,7.08,0,PASS,GOOD,7.08
STU00570,2,7.69,0,PASS,GOOD,7.38
STU00571,1,7.0,0,PASS,AVERAGE,7.0
STU00571,2,4.86,0,PASS,AT_RISK,5.93
STU00571,3,5.31,0,PASS,AVERAGE,5.72
STU00571,4,3.84,2,FAIL,AT_RISK,5.25
STU00571,5,3.98,1,FAIL,AT_RISK,5.0
STU00572,1,7.97,0,PASS,GOOD,7.97
STU00572,2,6.94,0,PASS,AVERAGE,7.46
STU00572,3,7.75,0,PASS,GOOD,7.55
STU00572,4,6.77,0,PASS,AVERAGE,7.36
STU00573,1,4.63,0,PASS,AT_RISK,4.63
STU00573,2,5.05,0,PASS,AVERAGE,4.84
STU00573,3,4.78,0,PASS,AT_RISK,4.82
STU00574,1,7.66,0,PASS,GOOD,7.66
STU00574,2,8.29,0,PASS,GOOD,7.98
STU00574,3,6.49,0,PASS,AVERAGE,7.48
STU00574,4,7.6,0,PASS,GOOD,7.51
STU00574,5,5.83,0,PASS,AVERAGE,7.17
STU00575,1,8.52,0,PASS,EXCELLENT,8.52
STU00575,2,7.72,0,PASS,GOOD,8.12
STU00575,3,7.22,0,PASS,GOOD,7.82
STU00575,4,5.61,0,PASS,AVERAGE,7.27
STU00575,5,8.08,0,PASS,GOOD,7.43
STU00575,6,6.93,0,PASS,AVERAGE,7.35
STU00576,1,8.74,0,PASS,EXCELLENT,8.74
STU00576,2,8.2,0,PASS,GOOD,8.47
STU00576,3,9.26,0,PASS,EXCELLENT,8.73
STU00576,4,8.51,0,PASS,EXCELLENT,8.68
STU00576,5,10.0,0,PASS,EXCELLENT,8.94
STU00577,1,5.32,0,PASS,AVERAGE,5.32
STU00577,2,7.85,0,PASS,GOOD,6.58
STU00578,1,8.1,0,PASS,GOOD,8.1
STU00578,2,6.32,0,PASS,AVERAGE,7.21
STU00578,3,6.77,0,PASS,AVERAGE,7.06
STU00578,4,6.6,0,PASS,AVERAGE,6.95
STU00578,5,7.61,0,PASS,GOOD,7.08
STU00578,6,7.94,0,PASS,GOOD,7.22
STU00579,1,7.75,0,PASS,GOOD,7.75
STU00579,2,6.99,0,PASS,AVERAGE,7.37
STU00580,1,9.09,0,PASS,EXCELLENT,9.09
STU00580,2,7.59,0,PASS,GOOD,8.34
STU00580,3,8.37,0,PASS,GOOD,8.35
STU00581,1,5.39,0,PASS,AVERAGE,5.39
STU00581,2,7.05,0,PASS,GOOD,6.22
STU00581,3,6.51,0,PASS,AVERAGE,6.32
STU00581,4,5.76,0,PASS,AVERAGE,6.18
STU00582,1,4.13,0,PASS,AT_RISK,4.13
STU00582,2,4.41,0,PASS,AT_RISK,4.27
STU00582,3,4.51,0,PASS,AT_RISK,4.35
STU00582,4,5.51,0,PASS,AVERAGE,4.64
STU00582,5,3.65,3,FAIL,AT_RISK,4.44
STU00582,6,6.03,0,PASS,AVERAGE,4.71
STU00583,1,8.53,0,PASS,EXCELLENT,8.53
STU00583,2,7.03,0,PASS,GOOD,7.78
STU00583,3,7.29,0,PASS,GOOD,7.62
STU00583,4,9.47,0,PASS,EXCELLENT,8.08
STU00583,5,8.1,0,PASS,GOOD,8.08
STU00584,1,7.65,0,PASS,GOOD,7.65
STU00584,2,7.85,0,PASS,GOOD,7.75
STU00584,3,7.57,0,PASS,GOOD,7.69
STU00584,4,10.0,0,PASS,EXCELLENT,8.27
STU00584,5,8.22,0,PASS,GOOD,8.26
STU00584,6,9.32,0,PASS,EXCELLENT,8.44
STU00585,1,8.1,0,PASS,GOOD,8.1
STU00585,2,8.24,0,PASS,GOOD,8.17
STU00585,3,10.0,0,PASS,EXCELLENT,8.78
STU00585,4,9.36,0,PASS,EXCELLENT,8.93
STU00585,5,8.45,0,PASS,GOOD,8.83
STU00586,1,8.2,0,PASS,GOOD,8.2
STU00586,2,6.73,0,PASS,AVERAGE,7.46
STU00586,3,7.25,0,PASS,GOOD,7.39
STU00586,4,6.92,0,PASS,AVERAGE,7.28
STU00586,5,7.12,0,PASS,GOOD,7.24
STU00586,6,7.63,0,PASS,GOOD,7.31
STU00587,1,7.22,0,PASS,GOOD,7.22
STU00587,2,6.48,0,PASS,AVERAGE,6.85
STU00587,3,7.48,0,PASS,GOOD,7.06
STU00587,4,7.14,0,PASS,GOOD,7.08
STU00587,5,8.5,0,PASS,GOOD,7.36
STU00587,6,8.34,0,PASS,GOOD,7.53
STU00588,1,7.83,0,PASS,GOOD,7.83
STU00588,2,7.57,0,PASS,GOOD,7.7
STU00589,1,7.69,0,PASS,GOOD,7.69
STU00589,2,8.95,0,PASS,EXCELLENT,8.32
STU00589,3,6.47,0,PASS,AVERAGE,7.7
STU00589,4,8.88,0,PASS,EXCELLENT,8.0
STU00589,5,5.48,0,PASS,AVERAGE,7.49
STU00589,6,7.31,0,PASS,GOOD,7.46
STU00590,1,7.98,0,PASS,GOOD,7.98
STU00590,2,6.4,0,PASS,AVERAGE,7.19
STU00590,3,7.92,0,PASS,GOOD,7.43
STU00590,4,7.77,0,PASS,GOOD,7.52
STU00591,1,4.63,0,PASS,AT_RISK,4.63
STU00591,2,7.18,0,PASS,GOOD,5.9
STU00591,3,5.97,0,PASS,AVERAGE,5.93
STU00592,1,8.05,0,PASS,GOOD,8.05
STU00592,2,6.75,0,PASS,AVERAGE,7.4
STU00592,3,7.35,0,PASS,GOOD,7.38
STU00592,4,8.11,0,PASS,GOOD,7.56
STU00593,1,6.45,0,PASS,AVERAGE,6.45
STU00593,2,8.27,0,PASS,GOOD,7.36
STU00593,3,7.11,0,PASS,GOOD,7.28
STU00594,1,6.5,0,PASS,AVERAGE,6.5
STU00594,2,8.29,0,PASS,GOOD,7.4
STU00594,3,7.26,0,PASS,GOOD,7.35
STU00594,4,8.36,0,PASS,GOOD,7.6
STU00594,5,7.65,0,PASS,GOOD,7.61
STU00595,1,5.12,0,PASS,AVERAGE,5.12
STU00595,2,7.19,0,PASS,GOOD,6.16
STU00595,3,6.19,0,PASS,AVERAGE,6.17
STU00595,4,4.94,0,PASS,AT_RISK,5.86
STU00596,1,6.71,0,PASS,AVERAGE,6.71
STU00596,2,6.54,0,PASS,AVERAGE,6.62
STU00596,3,7.71,0,PASS,GOOD,6.99
STU00596,4,6.46,0,PASS,AVERAGE,6.86
STU00596,5,6.72,0,PASS,AVERAGE,6.83
STU00596,6,7.09,0,PASS,GOOD,6.87
STU00597,1,7.78,0,PASS,GOOD,7.78
STU00597,2,7.52,0,PASS,GOOD,7.65
STU00597,3,8.32,0,PASS,GOOD,7.87
STU00598,1,7.95,0,PASS,GOOD,7.95
STU00598,2,8.11,0,PASS,GOOD,8.03
STU00598,3,9.39,0,PASS,EXCELLENT,8.48
STU00599,1,7.19,0,PASS,GOOD,7.19
STU00599,2,8.05,0,PASS,GOOD,7.62
STU00600,1,7.42,0,PASS,GOOD,7.42
STU00600,2,8.25,0,PASS,GOOD,7.84
STU00601,1,8.59,0,PASS,EXCELLENT,8.59
STU00601,2,7.36,0,PASS,GOOD,7.98
STU00602,1,6.07,0,PASS,AVERAGE,6.07
STU00602,2,3.83,1,PASS,AT_RISK,4.95
STU00602,3,5.8,0,PASS,AVERAGE,5.23
STU00603,1,7.29,0,PASS,GOOD,7.29
STU00603,2,7.43,0,PASS,GOOD,7.36
STU00603,3,6.41,0,PASS,AVERAGE,7.04
STU00603,4,7.42,0,PASS,GOOD,7.14
STU00604,1,9.0,0,PASS,EXCELLENT,9.0
STU00604,2,8.72,0,PASS,EXCELLENT,8.86
STU00604,3,8.85,0,PASS,EXCELLENT,8.86
STU00604,4,7.23,0,PASS,GOOD,8.45
STU00605,1,7.38,0,PASS,GOOD,7.38
STU00605,2,6.43,0,PASS,AVERAGE,6.9
STU00605,3,6.76,0,PASS,AVERAGE,6.86
STU00606,1,6.1,0,PASS,AVERAGE,6.1
STU00606,2,8.06,0,PASS,GOOD,7.08
STU00606,3,6.69,0,PASS,AVERAGE,6.95
STU00607,1,5.65,0,PASS,AVERAGE,5.65
STU00607,2,7.35,0,PASS,GOOD,6.5
STU00607,3,6.08,0,PASS,AVERAGE,6.36
STU00608,1,8.5,0,PASS,GOOD,8.5
STU00608,2,7.85,0,PASS,GOOD,8.18
STU00608,3,7.75,0,PASS,GOOD,8.03
STU00608,4,5.87,0,PASS,AVERAGE,7.49
STU00608,5,7.48,0,PASS,GOOD,7.49
STU00608,6,5.81,0,PASS,AVERAGE,7.21
STU00609,1,5.19,0,PASS,AVERAGE,5.19
STU00609,2,2.06,1,FAIL,AT_RISK,3.62
STU00609,3,6.55,0,PASS,AVERAGE,4.6
STU00609,4,5.82,0,PASS,AVERAGE,4.9
STU00609,5,4.18,0,PASS,AT_RISK,4.76
STU00609,6,3.41,1,FAIL,AT_RISK,4.54
STU00610,1,7.06,0,PASS,GOOD,7.06
STU00610,2,8.41,0,PASS,GOOD,7.74
STU00611,1,6.37,0,PASS,AVERAGE,6.37
STU00611,2,6.85,0,PASS,AVERAGE,6.61
STU00611,3,6.9,0,PASS,AVERAGE,6.71
STU00612,1,6.11,0,PASS,AVERAGE,6.11
STU00612,2,3.08,3,FAIL,AT_RISK,4.6
STU00612,3,3.15,2,FAIL,AT_RISK,4.11
STU00613,1,7.95,0,PASS,GOOD,7.95
STU00613,2,8.75,0,PASS,EXCELLENT,8.35
STU00613,3,6.71,0,PASS,AVERAGE,7.8
STU00613,4,9.28,0,PASS,EXCELLENT,8.17
STU00614,1,6.83,0,PASS,AVERAGE,6.83
STU00614,2,7.98,0,PASS,GOOD,7.4
STU00614,3,7.11,0,PASS,GOOD,7.31
STU00614,4,6.97,0,PASS,AVERAGE,7.22
STU00614,5,7.65,0,PASS,GOOD,7.31
STU00615,1,6.74,0,PASS,AVERAGE,6.74
STU00615,2,7.34,0,PASS,GOOD,7.04
STU00615,3,8.69,0,PASS,EXCELLENT,7.59
STU00615,4,6.77,0,PASS,AVERAGE,7.38
STU00615,5,7.27,0,PASS,GOOD,7.36
STU00616,1,7.52,0,PASS,GOOD,7.52
STU00616,2,7.13,0,PASS,GOOD,7.32
STU00617,1,5.57,0,PASS,AVERAGE,5.57
STU00617,2,6.37,0,PASS,AVERAGE,5.97
STU00618,1,5.28,0,PASS,AVERAGE,5.28
STU00618,2,5.3,0,PASS,AVERAGE,5.29
STU00618,3,4.71,0,PASS,AT_RISK,5.1
STU00618,4,6.22,0,PASS,AVERAGE,5.38
STU00619,1,7.49,0,PASS,GOOD,7.49
STU00619,2,9.47,0,PASS,EXCELLENT,8.48
STU00620,1,6.17,0,PASS,AVERAGE,6.17
STU00620,2,6.78,0,PASS,AVERAGE,6.48
STU00620,3,6.34,0,PASS,AVERAGE,6.43
STU00620,4,6.53,0,PASS,AVERAGE,6.46
STU00621,1,6.06,0,PASS,AVERAGE,6.06
STU00621,2,5.13,0,PASS,AVERAGE,5.6
STU00621,3,5.69,0,PASS,AVERAGE,5.63
STU00622,1,8.48,0,PASS,GOOD,8.48
STU00622,2,7.67,0,PASS,GOOD,8.07
STU00622,3,7.72,0,PASS,GOOD,7.96
STU00622,4,8.33,0,PASS,GOOD,8.05
STU00622,5,8.82,0,PASS,EXCELLENT,8.2
STU00623,1,8.06,0,PASS,GOOD,8.06
STU00623,2,9.02,0,PASS,EXCELLENT,8.54
STU00623,3,7.61,0,PASS,GOOD,8.23
STU00623,4,8.29,0,PASS,GOOD,8.25
STU00624,1,8.69,0,PASS,EXCELLENT,8.69
STU00624,2,8.01,0,PASS,GOOD,8.35
STU00624,3,9.07,0,PASS,EXCELLENT,8.59
STU00625,1,7.86,0,PASS,GOOD,7.86
STU00625,2,7.13,0,PASS,GOOD,7.5
STU00625,3,8.53,0,PASS,EXCELLENT,7.84
STU00625,4,8.16,0,PASS,GOOD,7.92
STU00626,1,6.71,0,PASS,AVERAGE,6.71
STU00626,2,6.53,0,PASS,AVERAGE,6.62
STU00626,3,6.68,0,PASS,AVERAGE,6.64
STU00627,1,7.19,0,PASS,GOOD,7.19
STU00627,2,7.58,0,PASS,GOOD,7.38
STU00627,3,7.09,0,PASS,GOOD,7.29
STU00627,4,6.32,0,PASS,AVERAGE,7.04
STU00627,5,6.81,0,PASS,AVERAGE,7.0
STU00628,1,3.96,0,PASS,AT_RISK,3.96
STU00628,2,3.35,1,FAIL,AT_RISK,3.66
STU00628,3,4.45,0,PASS,AT_RISK,3.92
STU00628,4,4.22,1,PASS,AT_RISK,4.0
STU00628,5,5.71,0,PASS,AVERAGE,4.34
STU00629,1,9.05,0,PASS,EXCELLENT,9.05
STU00629,2,8.74,0,PASS,EXCELLENT,8.9
STU00629,3,7.86,0,PASS,GOOD,8.55
STU00629,4,7.25,0,PASS,GOOD,8.22
STU00629,5,8.76,0,PASS,EXCELLENT,8.33
STU00630,1,6.89,0,PASS,AVERAGE,6.89
STU00630,2,9.98,0,PASS,EXCELLENT,8.44
STU00630,3,7.08,0,PASS,GOOD,7.98
STU00630,4,8.29,0,PASS,GOOD,8.06
STU00630,5,8.63,0,PASS,EXCELLENT,8.17
STU00630,6,8.29,0,PASS,GOOD,8.19
STU00631,1,4.71,0,PASS,AT_RISK,4.71
STU00631,2,8.11,0,PASS,GOOD,6.41
STU00631,3,6.2,0,PASS,AVERAGE,6.34
STU00631,4,5.75,0,PASS,AVERAGE,6.19
STU00632,1,5.14,0,PASS,AVERAGE,5.14
STU00632,2,6.47,0,PASS,AVERAGE,5.8
STU00632,3,6.32,0,PASS,AVERAGE,5.98
STU00632,4,4.86,0,PASS,AT_RISK,5.7
STU00632,5,6.22,0,PASS,AVERAGE,5.8
STU00632,6,6.99,0,PASS,AVERAGE,6.0
STU00633,1,7.61,0,PASS,GOOD,7.61
STU00633,2,8.06,0,PASS,GOOD,7.84
STU00633,3,7.62,0,PASS,GOOD,7.76
STU00634,1,6.52,0,PASS,AVERAGE,6.52
STU00634,2,7.0,0,PASS,AVERAGE,6.76
STU00634,3,7.94,0,PASS,GOOD,7.15
STU00634,4,8.67,0,PASS,EXCELLENT,7.53
STU00634,5,7.1,0,PASS,GOOD,7.45
STU00634,6,8.72,0,PASS,EXCELLENT,7.66
STU00635,1,6.81,0,PASS,AVERAGE,6.81
STU00635,2,8.45,0,PASS,GOOD,7.63
STU00635,3,7.18,0,PASS,GOOD,7.48
STU00635,4,8.2,0,PASS,GOOD,7.66
STU00636,1,5.17,1,PASS,AVERAGE,5.17
STU00636,2,2.19,3,FAIL,AT_RISK,3.68
STU00636,3,7.22,0,PASS,GOOD,4.86
STU00637,1,8.83,0,PASS,EXCELLENT,8.83
STU00637,2,8.99,0,PASS,EXCELLENT,8.91
STU00637,3,7.33,0,PASS,GOOD,8.38
STU00638,1,6.94,0,PASS,AVERAGE,6.94
STU00638,2,7.48,0,PASS,GOOD,7.21
STU00639,1,6.53,0,PASS,AVERAGE,6.53
STU00639,2,6.09,0,PASS,AVERAGE,6.31
STU00639,3,5.77,0,PASS,AVERAGE,6.13
STU00639,4,5.37,0,PASS,AVERAGE,5.94
STU00639,5,4.39,0,PASS,AT_RISK,5.63
STU00640,1,5.64,0,PASS,AVERAGE,5.64
STU00640,2,6.69,0,PASS,AVERAGE,6.16
STU00640,3,4.84,0,PASS,AT_RISK,5.72
STU00640,4,6.51,0,PASS,AVERAGE,5.92
STU00641,1,6.19,0,PASS,AVERAGE,6.19
STU00641,2,7.07,0,PASS,GOOD,6.63
STU00641,3,5.33,0,PASS,AVERAGE,6.2
STU00641,4,6.74,0,PASS,AVERAGE,6.33
STU00642,1,8.78,0,PASS,EXCELLENT,8.78
STU00642,2,7.78,0,PASS,GOOD,8.28
STU00642,3,7.01,0,PASS,GOOD,7.86
STU00642,4,7.32,0,PASS,GOOD,7.72
STU00642,5,7.91,0,PASS,GOOD,7.76
STU00642,6,7.01,0,PASS,GOOD,7.64
STU00643,1,7.19,0,PASS,GOOD,7.19
STU00643,2,4.44,0,PASS,AT_RISK,5.82
STU00643,3,6.22,0,PASS,AVERAGE,5.95
STU00643,4,6.58,0,PASS,AVERAGE,6.11
STU00644,1,7.78,0,PASS,GOOD,7.78
STU00644,2,9.89,0,PASS,EXCELLENT,8.84
STU00645,1,8.07,0,PASS,GOOD,8.07
STU00645,2,5.59,0,PASS,AVERAGE,6.83
STU00645,3,7.78,0,PASS,GOOD,7.15
STU00645,4,7.4,0,PASS,GOOD,7.21
STU00645,5,7.95,0,PASS,GOOD,7.36
STU00646,1,9.32,0,PASS,EXCELLENT,9.32
STU00646,2,8.64,0,PASS,EXCELLENT,8.98
STU00646,3,7.33,0,PASS,GOOD,8.43
STU00647,1,4.9,0,PASS,AT_RISK,4.9
STU00647,2,6.92,0,PASS,AVERAGE,5.91
STU00647,3,5.0,0,PASS,AVERAGE,5.61
STU00647,4,5.58,0,PASS,AVERAGE,5.6
STU00647,5,5.95,0,PASS,AVERAGE,5.67
STU00648,1,7.8,0,PASS,GOOD,7.8
STU00648,2,6.42,0,PASS,AVERAGE,7.11
STU00648,3,8.2,0,PASS,GOOD,7.47
STU00648,4,8.26,0,PASS,GOOD,7.67
STU00648,5,6.89,0,PASS,AVERAGE,7.51
STU00648,6,7.28,0,PASS,GOOD,7.47
STU00649,1,5.49,0,PASS,AVERAGE,5.49
STU00649,2,2.63,3,FAIL,AT_RISK,4.06
STU00649,3,6.22,0,PASS,AVERAGE,4.78
STU00650,1,5.44,0,PASS,AVERAGE,5.44
STU00650,2,6.75,0,PASS,AVERAGE,6.1
STU00651,1,8.08,0,PASS,GOOD,8.08
STU00651,2,6.22,0,PASS,AVERAGE,7.15
STU00652,1,7.2,0,PASS,GOOD,7.2
STU00652,2,6.96,0,PASS,AVERAGE,7.08
STU00652,3,7.38,0,PASS,GOOD,7.18
STU00652,4,7.61,0,PASS,GOOD,7.29
STU00653,1,7.24,0,PASS,GOOD,7.24
STU00653,2,7.66,0,PASS,GOOD,7.45
STU00654,1,9.25,0,PASS,EXCELLENT,9.25
STU00654,2,8.78,0,PASS,EXCELLENT,9.02
STU00654,3,9.28,0,PASS,EXCELLENT,9.1
STU00654,4,8.92,0,PASS,EXCELLENT,9.06
STU00654,5,7.64,0,PASS,GOOD,8.77
STU00654,6,8.01,0,PASS,GOOD,8.65
STU00655,1,5.63,0,PASS,AVERAGE,5.63
STU00655,2,5.48,0,PASS,AVERAGE,5.56
STU00655,3,6.04,0,PASS,AVERAGE,5.72
STU00655,4,5.93,0,PASS,AVERAGE,5.77
STU00656,1,8.89,0,PASS,EXCELLENT,8.89
STU00656,2,9.79,0,PASS,EXCELLENT,9.34
STU00656,3,9.76,0,PASS,EXCELLENT,9.48
STU00656,4,8.55,0,PASS,EXCELLENT,9.25
STU00657,1,8.15,0,PASS,GOOD,8.15
STU00657,2,9.22,0,PASS,EXCELLENT,8.68
STU00657,3,9.21,0,PASS,EXCELLENT,8.86
STU00657,4,8.98,0,PASS,EXCELLENT,8.89
STU00657,5,10.0,0,PASS,EXCELLENT,9.11
STU00658,1,7.53,0,PASS,GOOD,7.53
STU00658,2,8.43,0,PASS,GOOD,7.98
STU00658,3,7.67,0,PASS,GOOD,7.88
STU00658,4,8.43,0,PASS,GOOD,8.02
STU00659,1,5.44,0,PASS,AVERAGE,5.44
STU00659,2,6.78,0,PASS,AVERAGE,6.11
STU00659,3,5.13,0,PASS,AVERAGE,5.78
STU00659,4,6.12,0,PASS,AVERAGE,5.87
STU00660,1,6.06,0,PASS,AVERAGE,6.06
STU00660,2,7.25,0,PASS,GOOD,6.65
STU00660,3,6.31,0,PASS,AVERAGE,6.54
STU00660,4,7.3,0,PASS,GOOD,6.73
STU00661,1,8.16,0,PASS,GOOD,8.16
STU00661,2,8.78,0,PASS,EXCELLENT,8.47
STU00661,3,8.01,0,PASS,GOOD,8.32
STU00661,4,7.52,0,PASS,GOOD,8.12
STU00661,5,8.26,0,PASS,GOOD,8.15
STU00662,1,5.99,0,PASS,AVERAGE,5.99
STU00662,2,7.6,0,PASS,GOOD,6.8
STU00662,3,7.26,0,PASS,GOOD,6.95
STU00662,4,6.24,0,PASS,AVERAGE,6.77
STU00662,5,7.77,0,PASS,GOOD,6.97
STU00662,6,7.66,0,PASS,GOOD,7.09
STU00663,1,6.81,0,PASS,AVERAGE,6.81
STU00663,2,6.52,0,PASS,AVERAGE,6.66
STU00663,3,6.77,0,PASS,AVERAGE,6.7
STU00663,4,9.67,0,PASS,EXCELLENT,7.44
STU00663,5,7.5,0,PASS,GOOD,7.45
STU00664,1,6.73,0,PASS,AVERAGE,6.73
STU00664,2,6.27,0,PASS,AVERAGE,6.5
STU00664,3,6.48,0,PASS,AVERAGE,6.49
STU00664,4,9.15,0,PASS,EXCELLENT,7.16
STU00664,5,6.25,0,PASS,AVERAGE,6.98
STU00664,6,7.95,0,PASS,GOOD,7.14
STU00665,1,7.14,0,PASS,GOOD,7.14
STU00665,2,6.74,0,PASS,AVERAGE,6.94
STU00665,3,6.94,0,PASS,AVERAGE,6.94
STU00665,4,7.6,0,PASS,GOOD,7.1
STU00665,5,5.57,0,PASS,AVERAGE,6.8
STU00666,1,7.55,0,PASS,GOOD,7.55
STU00666,2,6.8,0,PASS,AVERAGE,7.18
STU00666,3,4.27,0,PASS,AT_RISK,6.21
STU00666,4,7.48,0,PASS,GOOD,6.52
STU00667,1,6.42,0,PASS,AVERAGE,6.42
STU00667,2,6.39,0,PASS,AVERAGE,6.4
STU00668,1,6.18,0,PASS,AVERAGE,6.18
STU00668,2,7.08,0,PASS,GOOD,6.63
STU00668,3,8.6,0,PASS,EXCELLENT,7.29
STU00668,4,7.54,0,PASS,GOOD,7.35
STU00668,5,6.06,0,PASS,AVERAGE,7.09
STU00668,6,7.48,0,PASS,GOOD,7.16
STU00669,1,7.8,0,PASS,GOOD,7.8
STU00669,2,7.63,0,PASS,GOOD,7.72
STU00670,1,9.8,0,PASS,EXCELLENT,9.8
STU00670,2,8.34,0,PASS,GOOD,9.07
STU00670,3,8.2,0,PASS,GOOD,8.78
STU00670,4,8.08,0,PASS,GOOD,8.6
STU00670,5,8.99,0,PASS,EXCELLENT,8.68
STU00671,1,5.26,0,PASS,AVERAGE,5.26
STU00671,2,6.42,0,PASS,AVERAGE,5.84
STU00671,3,5.34,0,PASS,AVERAGE,5.67
STU00671,4,6.8,0,PASS,AVERAGE,5.96
STU00671,5,7.95,0,PASS,GOOD,6.35
STU00672,1,7.98,0,PASS,GOOD,7.98
STU00672,2,9.37,0,PASS,EXCELLENT,8.68
STU00672,3,9.2,0,PASS,EXCELLENT,8.85
STU00673,1,5.92,0,PASS,AVERAGE,5.92
STU00673,2,7.79,0,PASS,GOOD,6.86
STU00673,3,6.41,0,PASS,AVERAGE,6.71
STU00673,4,7.55,0,PASS,GOOD,6.92
STU00673,5,7.36,0,PASS,GOOD,7.01
STU00673,6,6.64,0,PASS,AVERAGE,6.94
STU00674,1,10.0,0,PASS,EXCELLENT,10.0
STU00674,2,6.21,0,PASS,AVERAGE,8.1
STU00674,3,7.57,0,PASS,GOOD,7.93
STU00674,4,8.01,0,PASS,GOOD,7.95
STU00675,1,6.3,0,PASS,AVERAGE,6.3
STU00675,2,6.61,0,PASS,AVERAGE,6.46
STU00676,1,8.37,0,PASS,GOOD,8.37
STU00676,2,8.09,0,PASS,GOOD,8.23
STU00676,3,6.32,0,PASS,AVERAGE,7.59
STU00676,4,7.85,0,PASS,GOOD,7.66
STU00676,5,8.33,0,PASS,GOOD,7.79
STU00676,6,7.37,0,PASS,GOOD,7.72
STU00677,1,7.28,0,PASS,GOOD,7.28
STU00677,2,7.81,0,PASS,GOOD,7.54
STU00678,1,8.74,0,PASS,EXCELLENT,8.74
STU00678,2,6.93,0,PASS,AVERAGE,7.84
STU00678,3,8.27,0,PASS,GOOD,7.98
STU00678,4,7.63,0,PASS,GOOD,7.89
STU00678,5,6.13,0,PASS,AVERAGE,7.54
STU00679,1,7.78,0,PASS,GOOD,7.78
STU00679,2,6.69,0,PASS,AVERAGE,7.24
STU00679,3,8.08,0,PASS,GOOD,7.52
STU00679,4,7.35,0,PASS,GOOD,7.48
STU00679,5,8.43,0,PASS,GOOD,7.67
STU00680,1,5.45,0,PASS,AVERAGE,5.45
STU00680,2,4.37,1,PASS,AT_RISK,4.91
STU00680,3,6.42,0,PASS,AVERAGE,5.41
STU00681,1,7.69,0,PASS,GOOD,7.69
STU00681,2,7.83,0,PASS,GOOD,7.76
STU00681,3,8.83,0,PASS,EXCELLENT,8.12
STU00682,1,5.11,0,PASS,AVERAGE,5.11
STU00682,2,6.2,0,PASS,AVERAGE,5.66
STU00682,3,4.69,0,PASS,AT_RISK,5.33
STU00683,1,4.94,1,PASS,AT_RISK,4.94
STU00683,2,5.07,0,PASS,AVERAGE,5.01
STU00683,3,5.28,0,PASS,AVERAGE,5.1
STU00683,4,5.48,0,PASS,AVERAGE,5.19
STU00684,1,5.04,0,PASS,AVERAGE,5.04
STU00684,2,6.0,0,PASS,AVERAGE,5.52
STU00685,1,8.88,0,PASS,EXCELLENT,8.88
STU00685,2,9.21,0,PASS,EXCELLENT,9.05
STU00685,3,6.89,0,PASS,AVERAGE,8.33
STU00685,4,7.98,0,PASS,GOOD,8.24
STU00686,1,7.57,0,PASS,GOOD,7.57
STU00686,2,8.03,0,PASS,GOOD,7.8
STU00686,3,9.07,0,PASS,EXCELLENT,8.22
STU00687,1,8.73,0,PASS,EXCELLENT,8.73
STU00687,2,9.32,0,PASS,EXCELLENT,9.02
STU00687,3,9.44,0,PASS,EXCELLENT,9.16
STU00688,1,6.86,0,PASS,AVERAGE,6.86
STU00688,2,7.23,0,PASS,GOOD,7.04
STU00688,3,6.29,0,PASS,AVERAGE,6.79
STU00688,4,7.9,0,PASS,GOOD,7.07
STU00688,5,4.6,1,PASS,AT_RISK,6.58
STU00688,6,4.78,0,PASS,AT_RISK,6.28
STU00689,1,3.24,1,FAIL,AT_RISK,3.24
STU00689,2,3.33,3,FAIL,AT_RISK,3.28
STU00689,3,4.89,0,PASS,AT_RISK,3.82
STU00690,1,6.61,0,PASS,AVERAGE,6.61
STU00690,2,6.08,0,PASS,AVERAGE,6.35
STU00691,1,9.03,0,PASS,EXCELLENT,9.03
STU00691,2,7.8,0,PASS,GOOD,8.41
STU00691,3,6.62,0,PASS,AVERAGE,7.82
STU00692,1,7.47,0,PASS,GOOD,7.47
STU00692,2,8.67,0,PASS,EXCELLENT,8.07
STU00692,3,7.83,0,PASS,GOOD,7.99
STU00692,4,8.91,0,PASS,EXCELLENT,8.22
STU00692,5,9.5,0,PASS,EXCELLENT,8.48
STU00693,1,8.17,0,PASS,GOOD,8.17
STU00693,2,6.84,0,PASS,AVERAGE,7.5
STU00693,3,4.38,0,PASS,AT_RISK,6.46
STU00693,4,6.11,0,PASS,AVERAGE,6.38
STU00693,5,7.15,0,PASS,GOOD,6.53
STU00693,6,7.77,0,PASS,GOOD,6.74
STU00694,1,5.75,0,PASS,AVERAGE,5.75
STU00694,2,7.33,0,PASS,GOOD,6.54
STU00694,3,6.05,0,PASS,AVERAGE,6.38
STU00695,1,7.02,0,PASS,GOOD,7.02
STU00695,2,6.97,0,PASS,AVERAGE,6.99
STU00696,1,7.63,0,PASS,GOOD,7.63
STU00696,2,7.72,0,PASS,GOOD,7.68
STU00697,1,6.0,0,PASS,AVERAGE,6.0
STU00697,2,6.18,0,PASS,AVERAGE,6.09
STU00697,3,6.91,0,PASS,AVERAGE,6.36
STU00697,4,7.57,0,PASS,GOOD,6.66
STU00697,5,6.88,0,PASS,AVERAGE,6.71
STU00698,1,6.41,0,PASS,AVERAGE,6.41
STU00698,2,5.52,0,PASS,AVERAGE,5.96
STU00698,3,4.96,1,PASS,AT_RISK,5.63
STU00699,1,5.64,0,PASS,AVERAGE,5.64
STU00699,2,6.14,0,PASS,AVERAGE,5.89
STU00699,3,5.34,0,PASS,AVERAGE,5.71
STU00699,4,6.03,0,PASS,AVERAGE,5.79
STU00699,5,7.67,0,PASS,GOOD,6.16
STU00699,6,4.75,0,PASS,AT_RISK,5.93
STU00700,1,6.51,0,PASS,AVERAGE,6.51
STU00700,2,4.87,1,PASS,AT_RISK,5.69
STU00700,3,8.56,0,PASS,EXCELLENT,6.65
STU00700,4,7.8,0,PASS,GOOD,6.94
STU00701,1,8.84,0,PASS,EXCELLENT,8.84
STU00701,2,7.28,0,PASS,GOOD,8.06
STU00701,3,6.5,0,PASS,AVERAGE,7.54
STU00701,4,7.74,0,PASS,GOOD,7.59
STU00702,1,7.59,0,PASS,GOOD,7.59
STU00702,2,8.09,0,PASS,GOOD,7.84
STU00702,3,8.04,0,PASS,GOOD,7.91
STU00702,4,8.22,0,PASS,GOOD,7.98
STU00702,5,9.26,0,PASS,EXCELLENT,8.24
STU00702,6,5.62,0,PASS,AVERAGE,7.8
STU00703,1,7.01,0,PASS,GOOD,7.01
STU00703,2,7.33,0,PASS,GOOD,7.17
STU00703,3,6.59,0,PASS,AVERAGE,6.98
STU00704,1,3.92,1,FAIL,AT_RISK,3.92
STU00704,2,7.45,0,PASS,GOOD,5.68
STU00704,3,6.63,0,PASS,AVERAGE,6.0
STU00704,4,5.43,0,PASS,AVERAGE,5.86
STU00705,1,8.3,0,PASS,GOOD,8.3
STU00705,2,7.26,0,PASS,GOOD,7.78
STU00705,3,7.88,0,PASS,GOOD,7.81
STU00705,4,8.04,0,PASS,GOOD,7.87
STU00706,1,6.85,0,PASS,AVERAGE,6.85
STU00706,2,6.97,0,PASS,AVERAGE,6.91
STU00706,3,8.35,0,PASS,GOOD,7.39
STU00706,4,7.22,0,PASS,GOOD,7.35
STU00706,5,6.31,0,PASS,AVERAGE,7.14
STU00706,6,6.62,0,PASS,AVERAGE,7.05
STU00707,1,6.92,0,PASS,AVERAGE,6.92
STU00707,2,8.62,0,PASS,EXCELLENT,7.77
STU00707,3,8.29,0,PASS,GOOD,7.94
STU00707,4,8.03,0,PASS,GOOD,7.96
STU00707,5,7.42,0,PASS,GOOD,7.86
STU00708,1,7.89,0,PASS,GOOD,7.89
STU00708,2,7.16,0,PASS,GOOD,7.52
STU00708,3,8.45,0,PASS,GOOD,7.83
STU00709,1,8.24,0,PASS,GOOD,8.24
STU00709,2,8.57,0,PASS,EXCELLENT,8.41
STU00709,3,8.62,0,PASS,EXCELLENT,8.48
STU00709,4,7.81,0,PASS,GOOD,8.31
STU00710,1,6.5,0,PASS,AVERAGE,6.5
STU00710,2,7.07,0,PASS,GOOD,6.78
STU00710,3,6.86,0,PASS,AVERAGE,6.81
STU00711,1,7.33,0,PASS,GOOD,7.33
STU00711,2,5.06,0,PASS,AVERAGE,6.2
STU00711,3,6.85,0,PASS,AVERAGE,6.41
STU00712,1,8.72,0,PASS,EXCELLENT,8.72
STU00712,2,7.66,0,PASS,GOOD,8.19
STU00712,3,7.24,0,PASS,GOOD,7.87
STU00712,4,6.82,0,PASS,AVERAGE,7.61
STU00712,5,7.97,0,PASS,GOOD,7.68
STU00713,1,7.77,0,PASS,GOOD,7.77
STU00713,2,7.23,0,PASS,GOOD,7.5
STU00713,3,7.07,0,PASS,GOOD,7.36
STU00713,4,6.74,0,PASS,AVERAGE,7.2
STU00713,5,7.9,0,PASS,GOOD,7.34
STU00714,1,5.38,0,PASS,AVERAGE,5.38
STU00714,2,3.72,0,PASS,AT_RISK,4.55
STU00714,3,5.23,0,PASS,AVERAGE,4.78
STU00714,4,2.84,2,FAIL,AT_RISK,4.29
STU00714,5,3.73,3,FAIL,AT_RISK,4.18
STU00714,6,3.61,3,FAIL,AT_RISK,4.08
STU00715,1,6.48,0,PASS,AVERAGE,6.48
STU00715,2,6.36,0,PASS,AVERAGE,6.42
STU00715,3,8.19,0,PASS,GOOD,7.01
STU00715,4,6.67,0,PASS,AVERAGE,6.93
STU00716,1,5.02,1,PASS,AVERAGE,5.02
STU00716,2,5.75,0,PASS,AVERAGE,5.38
STU00716,3,4.5,0,PASS,AT_RISK,5.09
STU00716,4,3.95,3,FAIL,AT_RISK,4.8
STU00717,1,6.69,0,PASS,AVERAGE,6.69
STU00717,2,8.44,0,PASS,GOOD,7.56
STU00717,3,7.67,0,PASS,GOOD,7.6
STU00717,4,6.61,0,PASS,AVERAGE,7.35
STU00717,5,7.23,0,PASS,GOOD,7.33
STU00718,1,7.38,0,PASS,GOOD,7.38
STU00718,2,6.42,0,PASS,AVERAGE,6.9
STU00718,3,8.04,0,PASS,GOOD,7.28
STU00718,4,6.78,0,PASS,AVERAGE,7.16
STU00718,5,7.43,0,PASS,GOOD,7.21
STU00718,6,7.26,0,PASS,GOOD,7.22
STU00719,1,5.93,0,PASS,AVERAGE,5.93
STU00719,2,6.56,0,PASS,AVERAGE,6.24
STU00719,3,5.57,0,PASS,AVERAGE,6.02
STU00719,4,6.26,0,PASS,AVERAGE,6.08
STU00719,5,7.99,0,PASS,GOOD,6.46
STU00719,6,6.57,0,PASS,AVERAGE,6.48
STU00720,1,6.34,0,PASS,AVERAGE,6.34
STU00720,2,8.64,0,PASS,EXCELLENT,7.49
STU00720,3,6.61,0,PASS,AVERAGE,7.2
STU00721,1,4.97,0,PASS,AT_RISK,4.97
STU00721,2,3.23,3,FAIL,AT_RISK,4.1
STU00721,3,5.04,0,PASS,AVERAGE,4.41
STU00721,4,5.8,0,PASS,AVERAGE,4.76
STU00721,5,5.99,0,PASS,AVERAGE,5.01
STU00721,6,3.22,1,FAIL,AT_RISK,4.71
STU00722,1,8.45,0,PASS,GOOD,8.45
STU00722,2,7.02,0,PASS,GOOD,7.74
STU00722,3,8.64,0,PASS,EXCELLENT,8.04
STU00722,4,10.0,0,PASS,EXCELLENT,8.53
STU00722,5,8.81,0,PASS,EXCELLENT,8.58
STU00722,6,7.79,0,PASS,GOOD,8.45
STU00723,1,8.57,0,PASS,EXCELLENT,8.57
STU00723,2,9.22,0,PASS,EXCELLENT,8.9
STU00724,1,8.64,0,PASS,EXCELLENT,8.64
STU00724,2,9.93,0,PASS,EXCELLENT,9.28
STU00725,1,5.58,0,PASS,AVERAGE,5.58
STU00725,2,7.06,0,PASS,GOOD,6.32
STU00725,3,5.27,0,PASS,AVERAGE,5.97
STU00726,1,6.0,0,PASS,AVERAGE,6.0
STU00726,2,7.38,0,PASS,GOOD,6.69
STU00726,3,6.78,0,PASS,AVERAGE,6.72
STU00726,4,7.52,0,PASS,GOOD,6.92
STU00727,1,8.44,0,PASS,GOOD,8.44
STU00727,2,7.83,0,PASS,GOOD,8.14
STU00727,3,6.88,0,PASS,AVERAGE,7.72
STU00727,4,8.73,0,PASS,EXCELLENT,7.97
STU00727,5,7.63,0,PASS,GOOD,7.9
STU00728,1,8.63,0,PASS,EXCELLENT,8.63
STU00728,2,8.42,0,PASS,GOOD,8.52
STU00728,3,7.41,0,PASS,GOOD,8.15
STU00728,4,6.86,0,PASS,AVERAGE,7.83
STU00728,5,8.43,0,PASS,GOOD,7.95
STU00728,6,8.16,0,PASS,GOOD,7.98
STU00729,1,6.53,0,PASS,AVERAGE,6.53
STU00729,2,3.77,1,FAIL,AT_RISK,5.15
STU00730,1,6.54,0,PASS,AVERAGE,6.54
STU00730,2,7.23,0,PASS,GOOD,6.88
STU00730,3,7.98,0,PASS,GOOD,7.25
STU00730,4,6.3,0,PASS,AVERAGE,7.01
STU00730,5,6.46,0,PASS,AVERAGE,6.9
STU00730,6,7.0,0,PASS,GOOD,6.92
STU00731,1,6.46,0,PASS,AVERAGE,6.46
STU00731,2,8.08,0,PASS,GOOD,7.27
STU00731,3,6.66,0,PASS,AVERAGE,7.07
STU00731,4,6.51,0,PASS,AVERAGE,6.93
STU00731,5,8.32,0,PASS,GOOD,7.21
STU00732,1,7.54,0,PASS,GOOD,7.54
STU00732,2,8.04,0,PASS,GOOD,7.79
STU00732,3,8.62,0,PASS,EXCELLENT,8.07
STU00733,1,7.7,0,PASS,GOOD,7.7
STU00733,2,6.36,0,PASS,AVERAGE,7.03
STU00734,1,6.83,0,PASS,AVERAGE,6.83
STU00734,2,6.69,0,PASS,AVERAGE,6.76
STU00734,3,6.15,0,PASS,AVERAGE,6.56
STU00734,4,6.53,0,PASS,AVERAGE,6.55
STU00734,5,7.46,0,PASS,GOOD,6.73
STU00734,6,5.89,0,PASS,AVERAGE,6.59
STU00735,1,8.01,0,PASS,GOOD,8.01
STU00735,2,8.18,0,PASS,GOOD,8.09
STU00735,3,7.55,0,PASS,GOOD,7.91
STU00736,1,9.52,0,PASS,EXCELLENT,9.52
STU00736,2,9.04,0,PASS,EXCELLENT,9.28
STU00737,1,7.19,0,PASS,GOOD,7.19
STU00737,2,7.45,0,PASS,GOOD,7.32
STU00738,1,6.39,0,PASS,AVERAGE,6.39
STU00738,2,6.7,0,PASS,AVERAGE,6.54
STU00738,3,8.31,0,PASS,GOOD,7.13
STU00738,4,7.09,0,PASS,GOOD,7.12
STU00738,5,6.32,0,PASS,AVERAGE,6.96
STU00738,6,7.63,0,PASS,GOOD,7.07
STU00739,1,9.48,0,PASS,EXCELLENT,9.48
STU00739,2,8.56,0,PASS,EXCELLENT,9.02
STU00739,3,8.29,0,PASS,GOOD,8.78
STU00739,4,6.27,0,PASS,AVERAGE,8.15
STU00739,5,7.98,0,PASS,GOOD,8.12
STU00740,1,9.06,0,PASS,EXCELLENT,9.06
STU00740,2,8.26,0,PASS,GOOD,8.66
STU00740,3,9.0,0,PASS,EXCELLENT,8.77
STU00740,4,8.79,0,PASS,EXCELLENT,8.78
STU00740,5,8.92,0,PASS,EXCELLENT,8.81
STU00740,6,8.43,0,PASS,GOOD,8.74
STU00741,1,3.68,0,PASS,AT_RISK,3.68
STU00741,2,6.65,0,PASS,AVERAGE,5.16
STU00742,1,5.53,0,PASS,AVERAGE,5.53
STU00742,2,6.43,0,PASS,AVERAGE,5.98
STU00742,3,6.98,0,PASS,AVERAGE,6.31
STU00743,1,8.32,0,PASS,GOOD,8.32
STU00743,2,7.63,0,PASS,GOOD,7.98
STU00743,3,7.78,0,PASS,GOOD,7.91
STU00743,4,8.46,0,PASS,GOOD,8.05
STU00743,5,8.2,0,PASS,GOOD,8.08
STU00743,6,9.3,0,PASS,EXCELLENT,8.28
STU00744,1,9.89,0,PASS,EXCELLENT,9.89
STU00744,2,6.49,0,PASS,AVERAGE,8.19
STU00745,1,4.57,0,PASS,AT_RISK,4.57
STU00745,2,6.9,0,PASS,AVERAGE,5.74
STU00745,3,4.62,0,PASS,AT_RISK,5.36
STU00745,4,6.95,0,PASS,AVERAGE,5.76
STU00745,5,5.9,0,PASS,AVERAGE,5.79
STU00746,1,9.68,0,PASS,EXCELLENT,9.68
STU00746,2,9.52,0,PASS,EXCELLENT,9.6
STU00746,3,7.75,0,PASS,GOOD,8.98
STU00746,4,7.6,0,PASS,GOOD,8.64
STU00746,5,8.49,0,PASS,GOOD,8.61
STU00747,1,7.01,0,PASS,GOOD,7.01
STU00747,2,6.1,0,PASS,AVERAGE,6.56
STU00747,3,8.37,0,PASS,GOOD,7.16
STU00747,4,5.61,0,PASS,AVERAGE,6.77
STU00748,1,8.6,0,PASS,EXCELLENT,8.6
STU00748,2,8.43,0,PASS,GOOD,8.52
STU00749,1,8.27,0,PASS,GOOD,8.27
STU00749,2,7.77,0,PASS,GOOD,8.02
STU00750,1,5.07,0,PASS,AVERAGE,5.07
STU00750,2,7.46,0,PASS,GOOD,6.26
STU00750,3,5.0,0,PASS,AT_RISK,5.84
STU00750,4,5.46,0,PASS,AVERAGE,5.75
STU00750,5,5.73,0,PASS,AVERAGE,5.74
STU00750,6,4.74,0,PASS,AT_RISK,5.58
STU00751,1,7.93,0,PASS,GOOD,7.93
STU00751,2,8.7,0,PASS,EXCELLENT,8.32
STU00751,3,7.23,0,PASS,GOOD,7.95
STU00752,1,7.32,0,PASS,GOOD,7.32
STU00752,2,8.46,0,PASS,GOOD,7.89
STU00752,3,6.89,0,PASS,AVERAGE,7.56
STU00752,4,6.83,0,PASS,AVERAGE,7.38
STU00752,5,7.53,0,PASS,GOOD,7.41
STU00752,6,8.22,0,PASS,GOOD,7.54
STU00753,1,6.64,0,PASS,AVERAGE,6.64
STU00753,2,6.61,0,PASS,AVERAGE,6.62
STU00753,3,8.32,0,PASS,GOOD,7.19
STU00753,4,6.31,0,PASS,AVERAGE,6.97
STU00753,5,6.13,0,PASS,AVERAGE,6.8
STU00753,6,8.28,0,PASS,GOOD,7.05
STU00754,1,5.55,0,PASS,AVERAGE,5.55
STU00754,2,8.53,0,PASS,EXCELLENT,7.04
STU00754,3,5.33,0,PASS,AVERAGE,6.47
STU00754,4,4.91,0,PASS,AT_RISK,6.08
STU00754,5,7.84,0,PASS,GOOD,6.43
STU00755,1,6.83,0,PASS,AVERAGE,6.83
STU00755,2,4.99,0,PASS,AT_RISK,5.91
STU00756,1,7.89,0,PASS,GOOD,7.89
STU00756,2,9.21,0,PASS,EXCELLENT,8.55
STU00756,3,7.42,0,PASS,GOOD,8.17
STU00757,1,6.07,0,PASS,AVERAGE,6.07
STU00757,2,3.2,3,FAIL,AT_RISK,4.64
STU00757,3,4.97,0,PASS,AT_RISK,4.75
STU00758,1,8.54,0,PASS,EXCELLENT,8.54
STU00758,2,5.24,0,PASS,AVERAGE,6.89
STU00759,1,7.43,0,PASS,GOOD,7.43
STU00759,2,5.48,1,PASS,AVERAGE,6.46
STU00759,3,5.0,0,PASS,AT_RISK,5.97
STU00760,1,7.93,0,PASS,GOOD,7.93
STU00760,2,9.18,0,PASS,EXCELLENT,8.56
STU00760,3,9.86,0,PASS,EXCELLENT,8.99
STU00760,4,9.83,0,PASS,EXCELLENT,9.2
STU00760,5,8.82,0,PASS,EXCELLENT,9.12
STU00760,6,8.83,0,PASS,EXCELLENT,9.08
STU00761,1,6.65,0,PASS,AVERAGE,6.65
STU00761,2,7.35,0,PASS,GOOD,7.0
STU00762,1,8.58,0,PASS,EXCELLENT,8.58
STU00762,2,6.76,0,PASS,AVERAGE,7.67
STU00762,3,6.0,0,PASS,AVERAGE,7.11
STU00762,4,7.8,0,PASS,GOOD,7.28
STU00762,5,7.49,0,PASS,GOOD,7.33
STU00763,1,7.54,0,PASS,GOOD,7.54
STU00763,2,7.28,0,PASS,GOOD,7.41
STU00763,3,6.03,0,PASS,AVERAGE,6.95
STU00763,4,7.42,0,PASS,GOOD,7.07
STU00763,5,7.61,0,PASS,GOOD,7.18
STU00764,1,8.16,0,PASS,GOOD,8.16
STU00764,2,8.61,0,PASS,EXCELLENT,8.38
STU00764,3,7.77,0,PASS,GOOD,8.18
STU00764,4,7.64,0,PASS,GOOD,8.04
STU00765,1,8.03,0,PASS,GOOD,8.03
STU00765,2,7.73,0,PASS,GOOD,7.88
STU00765,3,7.48,0,PASS,GOOD,7.75
STU00765,4,7.08,0,PASS,GOOD,7.58
STU00766,1,6.89,0,PASS,AVERAGE,6.89
STU00766,2,6.35,0,PASS,AVERAGE,6.62
STU00766,3,7.59,0,PASS,GOOD,6.94
STU00766,4,6.38,0,PASS,AVERAGE,6.8
STU00766,5,6.91,0,PASS,AVERAGE,6.82
STU00766,6,6.71,0,PASS,AVERAGE,6.8
STU00767,1,6.13,0,PASS,AVERAGE,6.13
STU00767,2,4.45,0,PASS,AT_RISK,5.29
STU00767,3,6.78,0,PASS,AVERAGE,5.79
STU00767,4,6.53,0,PASS,AVERAGE,5.97
STU00767,5,5.51,0,PASS,AVERAGE,5.88
STU00768,1,6.07,0,PASS,AVERAGE,6.07
STU00768,2,7.1,0,PASS,GOOD,6.58
STU00768,3,7.17,0,PASS,GOOD,6.78
STU00768,4,5.92,0,PASS,AVERAGE,6.56
STU00768,5,6.67,0,PASS,AVERAGE,6.59
STU00769,1,4.68,0,PASS,AT_RISK,4.68
STU00769,2,6.3,0,PASS,AVERAGE,5.49
STU00769,3,6.46,0,PASS,AVERAGE,5.81
STU00769,4,7.0,0,PASS,AVERAGE,6.11
STU00770,1,8.0,0,PASS,GOOD,8.0
STU00770,2,7.62,0,PASS,GOOD,7.81
STU00771,1,8.1,0,PASS,GOOD,8.1
STU00771,2,5.33,0,PASS,AVERAGE,6.72
STU00771,3,6.68,0,PASS,AVERAGE,6.7
STU00771,4,6.64,0,PASS,AVERAGE,6.69
STU00772,1,5.77,0,PASS,AVERAGE,5.77
STU00772,2,6.49,0,PASS,AVERAGE,6.13
STU00772,3,5.04,0,PASS,AVERAGE,5.77
STU00773,1,9.19,0,PASS,EXCELLENT,9.19
STU00773,2,8.63,0,PASS,EXCELLENT,8.91
STU00773,3,8.94,0,PASS,EXCELLENT,8.92
STU00774,1,8.09,0,PASS,GOOD,8.09
STU00774,2,7.93,0,PASS,GOOD,8.01
STU00774,3,5.93,0,PASS,AVERAGE,7.32
STU00774,4,8.99,0,PASS,EXCELLENT,7.74
STU00774,5,7.52,0,PASS,GOOD,7.69
STU00774,6,8.43,0,PASS,GOOD,7.82
STU00775,1,8.68,0,PASS,EXCELLENT,8.68
STU00775,2,7.65,0,PASS,GOOD,8.16
STU00775,3,8.3,0,PASS,GOOD,8.21
STU00775,4,8.36,0,PASS,GOOD,8.25
STU00776,1,7.42,0,PASS,GOOD,7.42
STU00776,2,8.29,0,PASS,GOOD,7.86
STU00776,3,7.48,0,PASS,GOOD,7.73
STU00776,4,7.54,0,PASS,GOOD,7.68
STU00777,1,6.03,0,PASS,AVERAGE,6.03
STU00777,2,7.48,0,PASS,GOOD,6.76
STU00777,3,6.15,0,PASS,AVERAGE,6.55
STU00777,4,7.41,0,PASS,GOOD,6.77
STU00777,5,8.72,0,PASS,EXCELLENT,7.16
STU00778,1,3.91,2,FAIL,AT_RISK,3.91
STU00778,2,2.99,3,FAIL,AT_RISK,3.45
STU00779,1,7.96,0,PASS,GOOD,7.96
STU00779,2,4.46,0,PASS,AT_RISK,6.21
STU00779,3,5.95,0,PASS,AVERAGE,6.12
STU00779,4,6.33,0,PASS,AVERAGE,6.18
STU00779,5,7.67,0,PASS,GOOD,6.47
STU00779,6,4.05,0,PASS,AT_RISK,6.07
STU00780,1,7.07,0,PASS,GOOD,7.07
STU00780,2,8.74,0,PASS,EXCELLENT,7.9
STU00780,3,8.63,0,PASS,EXCELLENT,8.15
STU00780,4,7.71,0,PASS,GOOD,8.04
STU00781,1,5.75,0,PASS,AVERAGE,5.75
STU00781,2,7.06,0,PASS,GOOD,6.4
STU00781,3,5.92,0,PASS,AVERAGE,6.24
STU00781,4,5.25,0,PASS,AVERAGE,6.0
STU00781,5,5.27,0,PASS,AVERAGE,5.85
STU00781,6,5.94,0,PASS,AVERAGE,5.86
STU00782,1,7.11,0,PASS,GOOD,7.11
STU00782,2,5.67,0,PASS,AVERAGE,6.39
STU00782,3,7.94,0,PASS,GOOD,6.91
STU00782,4,5.08,0,PASS,AVERAGE,6.45
STU00782,5,7.08,0,PASS,GOOD,6.58
STU00782,6,6.1,0,PASS,AVERAGE,6.5
STU00783,1,9.32,0,PASS,EXCELLENT,9.32
STU00783,2,8.0,0,PASS,GOOD,8.66
STU00783,3,8.21,0,PASS,GOOD,8.51
STU00783,4,6.0,0,PASS,AVERAGE,7.88
STU00784,1,4.74,1,PASS,AT_RISK,4.74
STU00784,2,4.09,0,PASS,AT_RISK,4.42
STU00785,1,7.6,0,PASS,GOOD,7.6
STU00785,2,6.57,0,PASS,AVERAGE,7.08
STU00785,3,6.14,0,PASS,AVERAGE,6.77
STU00785,4,7.3,0,PASS,GOOD,6.9
STU00785,5,9.12,0,PASS,EXCELLENT,7.35
STU00786,1,6.99,0,PASS,AVERAGE,6.99
STU00786,2,5.51,0,PASS,AVERAGE,6.25
STU00787,1,7.1,0,PASS,GOOD,7.1
STU00787,2,8.61,0,PASS,EXCELLENT,7.86
STU00788,1,8.0,0,PASS,GOOD,8.0
STU00788,2,8.4,0,PASS,GOOD,8.2
STU00788,3,6.14,0,PASS,AVERAGE,7.51
STU00789,1,3.62,2,FAIL,AT_RISK,3.62
STU00789,2,7.94,0,PASS,GOOD,5.78
STU00789,3,5.33,0,PASS,AVERAGE,5.63
STU00789,4,7.88,0,PASS,GOOD,6.19
STU00789,5,5.24,0,PASS,AVERAGE,6.0
STU00790,1,5.98,0,PASS,AVERAGE,5.98
STU00790,2,5.42,0,PASS,AVERAGE,5.7
STU00790,3,7.61,0,PASS,GOOD,6.34
STU00790,4,6.65,0,PASS,AVERAGE,6.42
STU00791,1,8.63,0,PASS,EXCELLENT,8.63
STU00791,2,7.78,0,PASS,GOOD,8.2
STU00792,1,6.47,0,PASS,AVERAGE,6.47
STU00792,2,5.37,0,PASS,AVERAGE,5.92
STU00792,3,5.52,0,PASS,AVERAGE,5.79
STU00793,1,8.78,0,PASS,EXCELLENT,8.78
STU00793,2,8.49,0,PASS,GOOD,8.64
STU00794,1,6.64,0,PASS,AVERAGE,6.64
STU00794,2,6.22,0,PASS,AVERAGE,6.43
STU00794,3,8.13,0,PASS,GOOD,7.0
STU00794,4,5.4,0,PASS,AVERAGE,6.6
STU00795,1,6.63,0,PASS,AVERAGE,6.63
STU00795,2,5.28,0,PASS,AVERAGE,5.96
STU00796,1,5.36,0,PASS,AVERAGE,5.36
STU00796,2,4.69,1,FAIL,AT_RISK,5.03
STU00796,3,4.39,0,PASS,AT_RISK,4.81
STU00797,1,8.38,0,PASS,GOOD,8.38
STU00797,2,8.18,0,PASS,GOOD,8.28
STU00797,3,6.44,0,PASS,AVERAGE,7.67
STU00798,1,7.38,0,PASS,GOOD,7.38
STU00798,2,8.02,0,PASS,GOOD,7.7
STU00798,3,8.15,0,PASS,GOOD,7.85
STU00798,4,7.86,0,PASS,GOOD,7.85
STU00798,5,8.57,0,PASS,EXCELLENT,8.0
STU00798,6,6.35,0,PASS,AVERAGE,7.72
STU00799,1,6.7,0,PASS,AVERAGE,6.7
STU00799,2,6.85,0,PASS,AVERAGE,6.78
STU00800,1,7.56,0,PASS,GOOD,7.56
STU00800,2,7.94,0,PASS,GOOD,7.75
STU00800,3,6.64,0,PASS,AVERAGE,7.38
STU00800,4,6.47,0,PASS,AVERAGE,7.15
STU00800,5,7.95,0,PASS,GOOD,7.31
STU00800,6,6.93,0,PASS,AVERAGE,7.25
STU00801,1,8.96,0,PASS,EXCELLENT,8.96
STU00801,2,9.54,0,PASS,EXCELLENT,9.25
STU00801,3,9.9,0,PASS,EXCELLENT,9.47
STU00802,1,6.74,0,PASS,AVERAGE,6.74
STU00802,2,7.78,0,PASS,GOOD,7.26
STU00802,3,9.34,0,PASS,EXCELLENT,7.95
STU00802,4,9.62,0,PASS,EXCELLENT,8.37
STU00802,5,8.47,0,PASS,GOOD,8.39
STU00803,1,6.3,0,PASS,AVERAGE,6.3
STU00803,2,6.2,0,PASS,AVERAGE,6.25
STU00803,3,7.94,0,PASS,GOOD,6.81
STU00804,1,7.65,0,PASS,GOOD,7.65
STU00804,2,8.8,0,PASS,EXCELLENT,8.23
STU00804,3,7.9,0,PASS,GOOD,8.12
STU00804,4,7.71,0,PASS,GOOD,8.02
STU00804,5,9.76,0,PASS,EXCELLENT,8.36
STU00805,1,7.64,0,PASS,GOOD,7.64
STU00805,2,7.0,0,PASS,GOOD,7.32
STU00805,3,8.91,0,PASS,EXCELLENT,7.85
STU00805,4,8.7,0,PASS,EXCELLENT,8.06
STU00806,1,8.59,0,PASS,EXCELLENT,8.59
STU00806,2,7.12,0,PASS,GOOD,7.86
STU00806,3,9.21,0,PASS,EXCELLENT,8.31
STU00806,4,7.46,0,PASS,GOOD,8.1
STU00807,1,8.2,0,PASS,GOOD,8.2
STU00807,2,8.14,0,PASS,GOOD,8.17
STU00807,3,8.96,0,PASS,EXCELLENT,8.43
STU00807,4,9.5,0,PASS,EXCELLENT,8.7
STU00807,5,9.13,0,PASS,EXCELLENT,8.79
STU00808,1,4.82,0,PASS,AT_RISK,4.82
STU00808,2,2.26,3,FAIL,AT_RISK,3.54
STU00808,3,6.26,0,PASS,AVERAGE,4.45
STU00808,4,3.49,2,FAIL,AT_RISK,4.21
STU00809,1,6.8,0,PASS,AVERAGE,6.8
STU00809,2,6.74,0,PASS,AVERAGE,6.77
STU00809,3,8.02,0,PASS,GOOD,7.19
STU00810,1,7.29,0,PASS,GOOD,7.29
STU00810,2,8.37,0,PASS,GOOD,7.83
STU00810,3,7.26,0,PASS,GOOD,7.64
STU00810,4,7.13,0,PASS,GOOD,7.51
STU00810,5,7.56,0,PASS,GOOD,7.52
STU00811,1,4.61,1,PASS,AT_RISK,4.61
STU00811,2,5.1,0,PASS,AVERAGE,4.86
STU00811,3,6.39,0,PASS,AVERAGE,5.37
STU00811,4,3.77,2,FAIL,AT_RISK,4.97
STU00811,5,5.87,0,PASS,AVERAGE,5.15
STU00812,1,4.0,0,PASS,AT_RISK,4.0
STU00812,2,5.2,0,PASS,AVERAGE,4.6
STU00812,3,4.93,0,PASS,AT_RISK,4.71
STU00813,1,6.17,0,PASS,AVERAGE,6.17
STU00813,2,4.85,0,PASS,AT_RISK,5.51
STU00813,3,6.69,0,PASS,AVERAGE,5.9
STU00813,4,3.79,2,FAIL,AT_RISK,5.38
STU00813,5,5.72,0,PASS,AVERAGE,5.44
STU00814,1,7.29,0,PASS,GOOD,7.29
STU00814,2,6.12,0,PASS,AVERAGE,6.7
STU00814,3,6.02,0,PASS,AVERAGE,6.48
STU00815,1,8.61,0,PASS,EXCELLENT,8.61
STU00815,2,8.3,0,PASS,GOOD,8.46
STU00816,1,6.49,0,PASS,AVERAGE,6.49
STU00816,2,7.44,0,PASS,GOOD,6.96
STU00816,3,5.05,0,PASS,AVERAGE,6.33
STU00816,4,5.41,0,PASS,AVERAGE,6.1
STU00816,5,7.32,0,PASS,GOOD,6.34
STU00816,6,4.75,0,PASS,AT_RISK,6.08
STU00817,1,9.22,0,PASS,EXCELLENT,9.22
STU00817,2,7.83,0,PASS,GOOD,8.52
STU00818,1,9.62,0,PASS,EXCELLENT,9.62
STU00818,2,7.85,0,PASS,GOOD,8.74
STU00818,3,9.72,0,PASS,EXCELLENT,9.06
STU00818,4,8.16,0,PASS,GOOD,8.84
STU00818,5,8.21,0,PASS,GOOD,8.71
STU00819,1,9.49,0,PASS,EXCELLENT,9.49
STU00819,2,5.79,0,PASS,AVERAGE,7.64
STU00819,3,8.7,0,PASS,EXCELLENT,7.99
STU00820,1,7.41,0,PASS,GOOD,7.41
STU00820,2,8.61,0,PASS,EXCELLENT,8.01
STU00821,1,5.72,0,PASS,AVERAGE,5.72
STU00821,2,6.3,0,PASS,AVERAGE,6.01
STU00821,3,6.75,0,PASS,AVERAGE,6.26
STU00821,4,6.82,0,PASS,AVERAGE,6.4
STU00821,5,7.04,0,PASS,GOOD,6.53
STU00821,6,6.82,0,PASS,AVERAGE,6.58
STU00822,1,6.05,0,PASS,AVERAGE,6.05
STU00822,2,4.23,0,PASS,AT_RISK,5.14
STU00822,3,4.44,0,PASS,AT_RISK,4.91
STU00822,4,8.8,0,PASS,EXCELLENT,5.88
STU00822,5,6.11,0,PASS,AVERAGE,5.93
STU00822,6,7.03,0,PASS,GOOD,6.11
STU00823,1,6.36,0,PASS,AVERAGE,6.36
STU00823,2,5.84,0,PASS,AVERAGE,6.1
STU00823,3,6.76,0,PASS,AVERAGE,6.32
STU00823,4,7.68,0,PASS,GOOD,6.66
STU00824,1,8.34,0,PASS,GOOD,8.34
STU00824,2,8.15,0,PASS,GOOD,8.25
STU00824,3,7.04,0,PASS,GOOD,7.84
STU00824,4,7.41,0,PASS,GOOD,7.74
STU00824,5,9.08,0,PASS,EXCELLENT,8.0
STU00824,6,9.85,0,PASS,EXCELLENT,8.31
STU00825,1,6.21,0,PASS,AVERAGE,6.21
STU00825,2,6.68,0,PASS,AVERAGE,6.44
STU00825,3,4.68,0,PASS,AT_RISK,5.86
STU00825,4,4.7,0,PASS,AT_RISK,5.57
STU00826,1,6.7,0,PASS,AVERAGE,6.7
STU00826,2,6.67,0,PASS,AVERAGE,6.68
STU00826,3,5.69,0,PASS,AVERAGE,6.35
STU00826,4,7.17,0,PASS,GOOD,6.56
STU00826,5,6.32,0,PASS,AVERAGE,6.51
STU00827,1,8.95,0,PASS,EXCELLENT,8.95
STU00827,2,9.76,0,PASS,EXCELLENT,9.36
STU00827,3,7.61,0,PASS,GOOD,8.77
STU00828,1,7.28,0,PASS,GOOD,7.28
STU00828,2,3.38,1,PASS,AT_RISK,5.33
STU00828,3,5.2,0,PASS,AVERAGE,5.29
STU00828,4,6.55,0,PASS,AVERAGE,5.6
STU00828,5,6.12,0,PASS,AVERAGE,5.71
STU00829,1,7.95,0,PASS,GOOD,7.95
STU00829,2,7.56,0,PASS,GOOD,7.76
STU00829,3,7.4,0,PASS,GOOD,7.64
STU00829,4,6.45,0,PASS,AVERAGE,7.34
STU00829,5,6.99,0,PASS,AVERAGE,7.27
STU00830,1,6.49,0,PASS,AVERAGE,6.49
STU00830,2,4.36,0,PASS,AT_RISK,5.43
STU00830,3,5.43,0,PASS,AVERAGE,5.43
STU00831,1,7.91,0,PASS,GOOD,7.91
STU00831,2,8.21,0,PASS,GOOD,8.06
STU00831,3,8.12,0,PASS,GOOD,8.08
STU00831,4,7.27,0,PASS,GOOD,7.88
STU00831,5,8.41,0,PASS,GOOD,7.98
STU00832,1,5.88,0,PASS,AVERAGE,5.88
STU00832,2,6.02,0,PASS,AVERAGE,5.95
STU00832,3,8.34,0,PASS,GOOD,6.75
STU00832,4,6.88,0,PASS,AVERAGE,6.78
STU00833,1,5.71,0,PASS,AVERAGE,5.71
STU00833,2,7.84,0,PASS,GOOD,6.78
STU00833,3,7.16,0,PASS,GOOD,6.9
STU00833,4,5.96,0,PASS,AVERAGE,6.67
STU00833,5,6.28,0,PASS,AVERAGE,6.59
STU00834,1,6.8,0,PASS,AVERAGE,6.8
STU00834,2,6.84,0,PASS,AVERAGE,6.82
STU00834,3,7.51,0,PASS,GOOD,7.05
STU00834,4,6.61,0,PASS,AVERAGE,6.94
STU00834,5,9.09,0,PASS,EXCELLENT,7.37
STU00835,1,7.51,0,PASS,GOOD,7.51
STU00835,2,5.7,0,PASS,AVERAGE,6.6
STU00835,3,7.22,0,PASS,GOOD,6.81
STU00835,4,7.59,0,PASS,GOOD,7.0
STU00835,5,6.26,0,PASS,AVERAGE,6.86
STU00835,6,5.49,0,PASS,AVERAGE,6.63
STU00836,1,7.07,0,PASS,GOOD,7.07
STU00836,2,7.91,0,PASS,GOOD,7.49
STU00836,3,7.88,0,PASS,GOOD,7.62
STU00837,1,6.94,0,PASS,AVERAGE,6.94
STU00837,2,4.53,0,PASS,AT_RISK,5.74
STU00837,3,6.47,0,PASS,AVERAGE,5.98
STU00837,4,7.46,0,PASS,GOOD,6.35
STU00837,5,7.0,0,PASS,AVERAGE,6.48
STU00837,6,6.64,0,PASS,AVERAGE,6.51
STU00838,1,6.92,0,PASS,AVERAGE,6.92
STU00838,2,6.91,0,PASS,AVERAGE,6.92
STU00838,3,6.76,0,PASS,AVERAGE,6.86
STU00838,4,8.45,0,PASS,GOOD,7.26
STU00838,5,6.04,0,PASS,AVERAGE,7.02
STU00838,6,6.61,0,PASS,AVERAGE,6.95
STU00839,1,6.95,0,PASS,AVERAGE,6.95
STU00839,2,5.91,0,PASS,AVERAGE,6.43
STU00839,3,4.51,0,PASS,AT_RISK,5.79
STU00839,4,7.79,0,PASS,GOOD,6.29
STU00839,5,6.68,0,PASS,AVERAGE,6.37
STU00840,1,6.58,0,PASS,AVERAGE,6.58
STU00840,2,5.44,0,PASS,AVERAGE,6.01
STU00840,3,7.05,0,PASS,GOOD,6.36
STU00840,4,7.75,0,PASS,GOOD,6.7
STU00840,5,7.93,0,PASS,GOOD,6.95
STU00841,1,5.99,0,PASS,AVERAGE,5.99
STU00841,2,8.28,0,PASS,GOOD,7.14
STU00841,3,6.94,0,PASS,AVERAGE,7.07
STU00841,4,5.5,0,PASS,AVERAGE,6.68
STU00841,5,6.75,0,PASS,AVERAGE,6.69
STU00842,1,9.76,0,PASS,EXCELLENT,9.76
STU00842,2,8.46,0,PASS,GOOD,9.11
STU00842,3,8.73,0,PASS,EXCELLENT,8.98
STU00843,1,5.02,0,PASS,AVERAGE,5.02
STU00843,2,5.96,0,PASS,AVERAGE,5.49
STU00843,3,5.38,0,PASS,AVERAGE,5.45
STU00843,4,5.62,0,PASS,AVERAGE,5.5
STU00843,5,6.82,0,PASS,AVERAGE,5.76
STU00844,1,7.47,0,PASS,GOOD,7.47
STU00844,2,6.19,0,PASS,AVERAGE,6.83
STU00844,3,6.95,0,PASS,AVERAGE,6.87
STU00844,4,7.05,0,PASS,GOOD,6.92
STU00845,1,8.12,0,PASS,GOOD,8.12
STU00845,2,7.94,0,PASS,GOOD,8.03
STU00845,3,5.94,0,PASS,AVERAGE,7.33
STU00845,4,6.86,0,PASS,AVERAGE,7.22
STU00846,1,7.77,0,PASS,GOOD,7.77
STU00846,2,8.65,0,PASS,EXCELLENT,8.21
STU00846,3,8.95,0,PASS,EXCELLENT,8.46
STU00846,4,6.68,0,PASS,AVERAGE,8.01
STU00847,1,6.72,0,PASS,AVERAGE,6.72
STU00847,2,6.0,0,PASS,AVERAGE,6.36
STU00847,3,4.73,0,PASS,AT_RISK,5.82
STU00847,4,6.56,0,PASS,AVERAGE,6.0
STU00847,5,6.26,0,PASS,AVERAGE,6.05
STU00848,1,7.9,0,PASS,GOOD,7.9
STU00848,2,8.2,0,PASS,GOOD,8.05
STU00849,1,6.65,0,PASS,AVERAGE,6.65
STU00849,2,6.83,0,PASS,AVERAGE,6.74
STU00850,1,5.63,0,PASS,AVERAGE,5.63
STU00850,2,7.42,0,PASS,GOOD,6.52
STU00851,1,7.99,0,PASS,GOOD,7.99
STU00851,2,8.38,0,PASS,GOOD,8.18
STU00851,3,7.86,0,PASS,GOOD,8.08
STU00852,1,6.28,0,PASS,AVERAGE,6.28
STU00852,2,9.28,0,PASS,EXCELLENT,7.78
STU00853,1,6.86,0,PASS,AVERAGE,6.86
STU00853,2,6.37,0,PASS,AVERAGE,6.62
STU00854,1,5.52,0,PASS,AVERAGE,5.52
STU00854,2,5.54,0,PASS,AVERAGE,5.53
STU00854,3,7.58,0,PASS,GOOD,6.21
STU00855,1,7.88,0,PASS,GOOD,7.88
STU00855,2,8.84,0,PASS,EXCELLENT,8.36
STU00855,3,8.53,0,PASS,EXCELLENT,8.42
STU00855,4,8.06,0,PASS,GOOD,8.33
STU00855,5,7.41,0,PASS,GOOD,8.14
STU00856,1,7.95,0,PASS,GOOD,7.95
STU00856,2,7.56,0,PASS,GOOD,7.76
STU00856,3,6.82,0,PASS,AVERAGE,7.44
STU00856,4,6.81,0,PASS,AVERAGE,7.28
STU00856,5,6.25,0,PASS,AVERAGE,7.08
STU00856,6,7.13,0,PASS,GOOD,7.09
STU00857,1,5.78,0,PASS,AVERAGE,5.78
STU00857,2,4.49,1,PASS,AT_RISK,5.14
STU00857,3,5.1,0,PASS,AVERAGE,5.12
STU00857,4,6.08,0,PASS,AVERAGE,5.36
STU00858,1,5.72,0,PASS,AVERAGE,5.72
STU00858,2,4.9,0,PASS,AT_RISK,5.31
STU00858,3,3.85,1,FAIL,AT_RISK,4.82
STU00859,1,6.96,0,PASS,AVERAGE,6.96
STU00859,2,8.03,0,PASS,GOOD,7.49
STU00859,3,6.83,0,PASS,AVERAGE,7.27
STU00859,4,5.51,0,PASS,AVERAGE,6.83
STU00860,1,9.2,0,PASS,EXCELLENT,9.2
STU00860,2,8.54,0,PASS,EXCELLENT,8.87
STU00860,3,7.09,0,PASS,GOOD,8.28
STU00860,4,7.57,0,PASS,GOOD,8.1
STU00860,5,7.47,0,PASS,GOOD,7.97
STU00860,6,7.04,0,PASS,GOOD,7.82
STU00861,1,6.65,0,PASS,AVERAGE,6.65
STU00861,2,4.88,0,PASS,AT_RISK,5.76
STU00861,3,5.91,0,PASS,AVERAGE,5.81
STU00861,4,6.79,0,PASS,AVERAGE,6.06
STU00862,1,4.72,0,PASS,AT_RISK,4.72
STU00862,2,4.5,0,PASS,AT_RISK,4.61
STU00862,3,6.67,0,PASS,AVERAGE,5.3
STU00862,4,6.02,0,PASS,AVERAGE,5.48
STU00862,5,7.76,0,PASS,GOOD,5.93
STU00862,6,6.8,0,PASS,AVERAGE,6.08
STU00863,1,3.89,1,PASS,AT_RISK,3.89
STU00863,2,6.93,0,PASS,AVERAGE,5.41
STU00863,3,5.85,0,PASS,AVERAGE,5.56
STU00863,4,2.4,2,FAIL,AT_RISK,4.77
STU00863,5,5.59,0,PASS,AVERAGE,4.93
STU00864,1,5.16,1,PASS,AVERAGE,5.16
STU00864,2,5.51,0,PASS,AVERAGE,5.34
STU00864,3,6.41,0,PASS,AVERAGE,5.69
STU00864,4,6.69,0,PASS,AVERAGE,5.94
STU00864,5,6.06,0,PASS,AVERAGE,5.97
STU00865,1,5.77,0,PASS,AVERAGE,5.77
STU00865,2,5.1,0,PASS,AVERAGE,5.44
STU00865,3,5.76,0,PASS,AVERAGE,5.54
STU00865,4,4.68,0,PASS,AT_RISK,5.33
STU00865,5,6.69,0,PASS,AVERAGE,5.6
STU00866,1,7.64,0,PASS,GOOD,7.64
STU00866,2,9.2,0,PASS,EXCELLENT,8.42
STU00866,3,7.59,0,PASS,GOOD,8.14
STU00867,1,8.98,0,PASS,EXCELLENT,8.98
STU00867,2,9.33,0,PASS,EXCELLENT,9.16
STU00867,3,9.39,0,PASS,EXCELLENT,9.23
STU00868,1,5.49,0,PASS,AVERAGE,5.49
STU00868,2,9.06,0,PASS,EXCELLENT,7.28
STU00868,3,7.28,0,PASS,GOOD,7.28
STU00868,4,7.81,0,PASS,GOOD,7.41
STU00868,5,9.23,0,PASS,EXCELLENT,7.77
STU00869,1,6.55,0,PASS,AVERAGE,6.55
STU00869,2,5.21,0,PASS,AVERAGE,5.88
STU00869,3,7.18,0,PASS,GOOD,6.31
STU00869,4,6.27,0,PASS,AVERAGE,6.3
STU00870,1,7.12,0,PASS,GOOD,7.12
STU00870,2,6.58,0,PASS,AVERAGE,6.85
STU00870,3,7.02,0,PASS,GOOD,6.91
STU00870,4,6.97,0,PASS,AVERAGE,6.92
STU00870,5,7.88,0,PASS,GOOD,7.11
STU00870,6,8.12,0,PASS,GOOD,7.28
STU00871,1,8.62,0,PASS,EXCELLENT,8.62
STU00871,2,9.52,0,PASS,EXCELLENT,9.07
STU00871,3,9.18,0,PASS,EXCELLENT,9.11
STU00872,1,8.51,0,PASS,EXCELLENT,8.51
STU00872,2,8.68,0,PASS,EXCELLENT,8.59
STU00872,3,9.64,0,PASS,EXCELLENT,8.94
STU00872,4,8.96,0,PASS,EXCELLENT,8.95
STU00872,5,8.87,0,PASS,EXCELLENT,8.93
STU00872,6,7.82,0,PASS,GOOD,8.75
STU00873,1,8.09,0,PASS,GOOD,8.09
STU00873,2,9.17,0,PASS,EXCELLENT,8.63
STU00874,1,6.18,0,PASS,AVERAGE,6.18
STU00874,2,6.86,0,PASS,AVERAGE,6.52
STU00874,3,6.99,0,PASS,AVERAGE,6.68
STU00874,4,3.65,0,PASS,AT_RISK,5.92
STU00874,5,6.28,0,PASS,AVERAGE,5.99
STU00874,6,5.71,0,PASS,AVERAGE,5.94
STU00875,1,5.43,0,PASS,AVERAGE,5.43
STU00875,2,3.4,0,PASS,AT_RISK,4.42
STU00875,3,4.44,3,FAIL,AT_RISK,4.42
STU00875,4,4.32,0,PASS,AT_RISK,4.4
STU00876,1,6.68,0,PASS,AVERAGE,6.68
STU00876,2,7.18,0,PASS,GOOD,6.93
STU00876,3,6.05,0,PASS,AVERAGE,6.64
STU00876,4,6.43,0,PASS,AVERAGE,6.58
STU00876,5,8.04,0,PASS,GOOD,6.88
STU00876,6,7.0,0,PASS,AVERAGE,6.9
STU00877,1,6.63,0,PASS,AVERAGE,6.63
STU00877,2,7.88,0,PASS,GOOD,7.26
STU00877,3,9.39,0,PASS,EXCELLENT,7.97
STU00878,1,7.07,0,PASS,GOOD,7.07
STU00878,2,7.64,0,PASS,GOOD,7.36
STU00878,3,7.58,0,PASS,GOOD,7.43
STU00879,1,9.51,0,PASS,EXCELLENT,9.51
STU00879,2,7.89,0,PASS,GOOD,8.7
STU00879,3,7.69,0,PASS,GOOD,8.36
STU00879,4,8.03,0,PASS,GOOD,8.28
STU00879,5,8.54,0,PASS,EXCELLENT,8.33
STU00880,1,6.1,0,PASS,AVERAGE,6.1
STU00880,2,7.02,0,PASS,GOOD,6.56
STU00880,3,7.45,0,PASS,GOOD,6.86
STU00880,4,6.49,0,PASS,AVERAGE,6.76
STU00881,1,8.12,0,PASS,GOOD,8.12
STU00881,2,6.74,0,PASS,AVERAGE,7.43
STU00882,1,5.21,0,PASS,AVERAGE,5.21
STU00882,2,6.55,0,PASS,AVERAGE,5.88
STU00882,3,4.58,0,PASS,AT_RISK,5.45
STU00882,4,7.49,0,PASS,GOOD,5.96
STU00883,1,7.78,0,PASS,GOOD,7.78
STU00883,2,9.18,0,PASS,EXCELLENT,8.48
STU00883,3,7.71,0,PASS,GOOD,8.22
STU00883,4,9.02,0,PASS,EXCELLENT,8.42
STU00884,1,6.95,0,PASS,AVERAGE,6.95
STU00884,2,8.07,0,PASS,GOOD,7.51
STU00884,3,6.78,0,PASS,AVERAGE,7.27
STU00885,1,8.03,0,PASS,GOOD,8.03
STU00885,2,7.02,0,PASS,GOOD,7.52
STU00885,3,7.01,0,PASS,GOOD,7.35
STU00885,4,7.69,0,PASS,GOOD,7.44
STU00885,5,6.57,0,PASS,AVERAGE,7.26
STU00885,6,6.74,0,PASS,AVERAGE,7.18
STU00886,1,5.78,0,PASS,AVERAGE,5.78
STU00886,2,2.46,1,FAIL,AT_RISK,4.12
STU00886,3,5.2,0,PASS,AVERAGE,4.48
STU00886,4,4.73,0,PASS,AT_RISK,4.54
STU00886,5,5.47,0,PASS,AVERAGE,4.73
STU00886,6,3.83,0,PASS,AT_RISK,4.58
STU00887,1,5.78,0,PASS,AVERAGE,5.78
STU00887,2,7.58,0,PASS,GOOD,6.68
STU00887,3,6.8,0,PASS,AVERAGE,6.72
STU00888,1,5.63,0,PASS,AVERAGE,5.63
STU00888,2,6.63,0,PASS,AVERAGE,6.13
STU00889,1,8.11,0,PASS,GOOD,8.11
STU00889,2,7.33,0,PASS,GOOD,7.72
STU00889,3,7.57,0,PASS,GOOD,7.67
STU00889,4,6.36,0,PASS,AVERAGE,7.34
STU00889,5,6.58,0,PASS,AVERAGE,7.19
STU00889,6,5.71,0,PASS,AVERAGE,6.94
STU00890,1,6.59,0,PASS,AVERAGE,6.59
STU00890,2,8.27,0,PASS,GOOD,7.43
STU00890,3,7.48,0,PASS,GOOD,7.45
STU00890,4,8.57,0,PASS,EXCELLENT,7.73
STU00890,5,8.14,0,PASS,GOOD,7.81
STU00890,6,7.11,0,PASS,GOOD,7.69
STU00891,1,8.41,0,PASS,GOOD,8.41
STU00891,2,8.93,0,PASS,EXCELLENT,8.67
STU00891,3,8.77,0,PASS,EXCELLENT,8.7
STU00892,1,8.78,0,PASS,EXCELLENT,8.78
STU00892,2,7.78,0,PASS,GOOD,8.28
STU00892,3,7.28,0,PASS,GOOD,7.95
STU00892,4,8.23,0,PASS,GOOD,8.02
STU00892,5,8.91,0,PASS,EXCELLENT,8.2
STU00892,6,6.59,0,PASS,AVERAGE,7.93
STU00893,1,7.72,0,PASS,GOOD,7.72
STU00893,2,8.54,0,PASS,EXCELLENT,8.13
STU00894,1,5.76,0,PASS,AVERAGE,5.76
STU00894,2,5.28,0,PASS,AVERAGE,5.52
STU00895,1,4.83,0,PASS,AT_RISK,4.83
STU00895,2,6.11,0,PASS,AVERAGE,5.47
STU00895,3,4.34,2,FAIL,AT_RISK,5.09
STU00896,1,6.55,0,PASS,AVERAGE,6.55
STU00896,2,2.57,1,FAIL,AT_RISK,4.56
STU00897,1,6.74,0,PASS,AVERAGE,6.74
STU00897,2,7.42,0,PASS,GOOD,7.08
STU00897,3,5.31,0,PASS,AVERAGE,6.49
STU00897,4,5.67,0,PASS,AVERAGE,6.28
STU00898,1,8.59,0,PASS,EXCELLENT,8.59
STU00898,2,9.04,0,PASS,EXCELLENT,8.82
STU00898,3,7.32,0,PASS,GOOD,8.32
STU00898,4,6.98,0,PASS,AVERAGE,7.98
STU00898,5,7.57,0,PASS,GOOD,7.9
STU00899,1,6.96,0,PASS,AVERAGE,6.96
STU00899,2,8.54,0,PASS,EXCELLENT,7.75
STU00900,1,7.19,0,PASS,GOOD,7.19
STU00900,2,7.27,0,PASS,GOOD,7.23
STU00901,1,8.4,0,PASS,GOOD,8.4
STU00901,2,6.29,0,PASS,AVERAGE,7.35
STU00902,1,6.43,0,PASS,AVERAGE,6.43
STU00902,2,7.72,0,PASS,GOOD,7.07
STU00902,3,6.32,0,PASS,AVERAGE,6.82
STU00902,4,6.16,0,PASS,AVERAGE,6.66
STU00902,5,7.17,0,PASS,GOOD,6.76
STU00903,1,7.22,0,PASS,GOOD,7.22
STU00903,2,7.35,0,PASS,GOOD,7.28
STU00903,3,8.4,0,PASS,GOOD,7.66
STU00903,4,7.92,0,PASS,GOOD,7.72
STU00904,1,7.82,0,PASS,GOOD,7.82
STU00904,2,9.27,0,PASS,EXCELLENT,8.54
STU00905,1,6.7,0,PASS,AVERAGE,6.7
STU00905,2,7.86,0,PASS,GOOD,7.28
STU00905,3,5.92,0,PASS,AVERAGE,6.83
STU00905,4,7.07,0,PASS,GOOD,6.89
STU00906,1,6.86,0,PASS,AVERAGE,6.86
STU00906,2,5.91,0,PASS,AVERAGE,6.38
STU00907,1,7.92,0,PASS,GOOD,7.92
STU00907,2,8.21,0,PASS,GOOD,8.07
STU00907,3,7.7,0,PASS,GOOD,7.94
STU00907,4,7.95,0,PASS,GOOD,7.94
STU00907,5,7.85,0,PASS,GOOD,7.93
STU00908,1,7.78,0,PASS,GOOD,7.78
STU00908,2,7.31,0,PASS,GOOD,7.54
STU00909,1,5.72,0,PASS,AVERAGE,5.72
STU00909,2,5.4,0,PASS,AVERAGE,5.56
STU00910,1,7.19,0,PASS,GOOD,7.19
STU00910,2,4.24,0,PASS,AT_RISK,5.72
STU00910,3,7.86,0,PASS,GOOD,6.43
STU00911,1,5.71,0,PASS,AVERAGE,5.71
STU00911,2,6.49,0,PASS,AVERAGE,6.1
STU00911,3,7.89,0,PASS,GOOD,6.7
STU00911,4,6.35,0,PASS,AVERAGE,6.61
STU00911,5,5.84,0,PASS,AVERAGE,6.46
STU00912,1,6.56,0,PASS,AVERAGE,6.56
STU00912,2,3.8,3,FAIL,AT_RISK,5.18
STU00912,3,5.85,0,PASS,AVERAGE,5.4
STU00912,4,4.42,0,PASS,AT_RISK,5.16
STU00912,5,5.27,0,PASS,AVERAGE,5.18
STU00912,6,5.2,0,PASS,AVERAGE,5.18
STU00913,1,7.31,0,PASS,GOOD,7.31
STU00913,2,7.75,0,PASS,GOOD,7.53
STU00913,3,7.49,0,PASS,GOOD,7.52
STU00914,1,8.03,0,PASS,GOOD,8.03
STU00914,2,5.82,0,PASS,AVERAGE,6.92
STU00915,1,5.46,0,PASS,AVERAGE,5.46
STU00915,2,7.78,0,PASS,GOOD,6.62
STU00915,3,6.15,0,PASS,AVERAGE,6.46
STU00915,4,6.63,0,PASS,AVERAGE,6.5
STU00915,5,4.47,0,PASS,AT_RISK,6.1
STU00915,6,7.53,0,PASS,GOOD,6.34
STU00916,1,5.36,1,PASS,AVERAGE,5.36
STU00916,2,6.08,0,PASS,AVERAGE,5.72
STU00916,3,3.42,1,FAIL,AT_RISK,4.95
STU00916,4,4.47,0,PASS,AT_RISK,4.83
STU00917,1,8.11,0,PASS,GOOD,8.11
STU00917,2,7.85,0,PASS,GOOD,7.98
STU00917,3,7.7,0,PASS,GOOD,7.89
STU00917,4,8.72,0,PASS,EXCELLENT,8.09
STU00917,5,7.72,0,PASS,GOOD,8.02
STU00917,6,9.05,0,PASS,EXCELLENT,8.19
STU00918,1,8.65,0,PASS,EXCELLENT,8.65
STU00918,2,8.06,0,PASS,GOOD,8.36
STU00918,3,8.9,0,PASS,EXCELLENT,8.54
STU00918,4,7.98,0,PASS,GOOD,8.4
STU00918,5,8.75,0,PASS,EXCELLENT,8.47
STU00919,1,7.79,0,PASS,GOOD,7.79
STU00919,2,7.99,0,PASS,GOOD,7.89
STU00920,1,6.83,0,PASS,AVERAGE,6.83
STU00920,2,7.1,0,PASS,GOOD,6.96
STU00920,3,7.49,0,PASS,GOOD,7.14
STU00921,1,7.94,0,PASS,GOOD,7.94
STU00921,2,4.54,0,PASS,AT_RISK,6.24
STU00921,3,7.74,0,PASS,GOOD,6.74
STU00921,4,6.92,0,PASS,AVERAGE,6.78
STU00922,1,6.85,0,PASS,AVERAGE,6.85
STU00922,2,5.93,0,PASS,AVERAGE,6.39
STU00922,3,7.95,0,PASS,GOOD,6.91
STU00922,4,7.4,0,PASS,GOOD,7.03
STU00923,1,7.84,0,PASS,GOOD,7.84
STU00923,2,8.96,0,PASS,EXCELLENT,8.4
STU00923,3,8.01,0,PASS,GOOD,8.27
STU00923,4,8.79,0,PASS,EXCELLENT,8.4
STU00924,1,5.16,0,PASS,AVERAGE,5.16
STU00924,2,5.91,0,PASS,AVERAGE,5.54
STU00924,3,5.42,0,PASS,AVERAGE,5.5
STU00924,4,5.14,1,PASS,AVERAGE,5.41
STU00924,5,3.96,0,PASS,AT_RISK,5.12
STU00925,1,9.04,0,PASS,EXCELLENT,9.04
STU00925,2,8.41,0,PASS,GOOD,8.72
STU00926,1,6.47,0,PASS,AVERAGE,6.47
STU00926,2,7.08,0,PASS,GOOD,6.78
STU00926,3,8.97,0,PASS,EXCELLENT,7.51
STU00926,4,8.31,0,PASS,GOOD,7.71
STU00926,5,6.88,0,PASS,AVERAGE,7.54
STU00926,6,7.49,0,PASS,GOOD,7.53
STU00927,1,7.34,0,PASS,GOOD,7.34
STU00927,2,6.21,0,PASS,AVERAGE,6.78
STU00927,3,5.7,0,PASS,AVERAGE,6.42
STU00927,4,7.18,0,PASS,GOOD,6.61
STU00927,5,6.83,0,PASS,AVERAGE,6.65
STU00927,6,7.79,0,PASS,GOOD,6.84
STU00928,1,5.04,0,PASS,AVERAGE,5.04
STU00928,2,8.3,0,PASS,GOOD,6.67
STU00928,3,8.03,0,PASS,GOOD,7.12
STU00928,4,5.12,0,PASS,AVERAGE,6.62
STU00928,5,5.05,0,PASS,AVERAGE,6.31
STU00928,6,6.19,0,PASS,AVERAGE,6.29
STU00929,1,5.29,0,PASS,AVERAGE,5.29
STU00929,2,6.69,0,PASS,AVERAGE,5.99
STU00929,3,6.92,0,PASS,AVERAGE,6.3
STU00930,1,8.25,0,PASS,GOOD,8.25
STU00930,2,7.87,0,PASS,GOOD,8.06
STU00930,3,7.28,0,PASS,GOOD,7.8
STU00930,4,7.65,0,PASS,GOOD,7.76
STU00930,5,8.9,0,PASS,EXCELLENT,7.99
STU00931,1,6.36,0,PASS,AVERAGE,6.36
STU00931,2,7.15,0,PASS,GOOD,6.76
STU00931,3,8.74,0,PASS,EXCELLENT,7.42
STU00932,1,3.98,0,PASS,AT_RISK,3.98
STU00932,2,4.54,0,PASS,AT_RISK,4.26
STU00932,3,3.79,1,PASS,AT_RISK,4.1
STU00932,4,4.19,0,PASS,AT_RISK,4.12
STU00933,1,6.55,0,PASS,AVERAGE,6.55
STU00933,2,8.18,0,PASS,GOOD,7.36
STU00934,1,8.01,0,PASS,GOOD,8.01
STU00934,2,7.16,0,PASS,GOOD,7.58
STU00935,1,8.33,0,PASS,GOOD,8.33
STU00935,2,9.17,0,PASS,EXCELLENT,8.75
STU00935,3,6.83,0,PASS,AVERAGE,8.11
STU00935,4,6.75,0,PASS,AVERAGE,7.77
STU00935,5,6.07,0,PASS,AVERAGE,7.43
STU00936,1,9.61,0,PASS,EXCELLENT,9.61
STU00936,2,8.42,0,PASS,GOOD,9.02
STU00936,3,7.45,0,PASS,GOOD,8.49
STU00936,4,7.64,0,PASS,GOOD,8.28
STU00936,5,7.28,0,PASS,GOOD,8.08
STU00936,6,8.46,0,PASS,GOOD,8.14
STU00937,1,5.79,0,PASS,AVERAGE,5.79
STU00937,2,6.85,0,PASS,AVERAGE,6.32
STU00937,3,8.37,0,PASS,GOOD,7.0
STU00938,1,8.4,0,PASS,GOOD,8.4
STU00938,2,8.7,0,PASS,EXCELLENT,8.55
STU00939,1,7.0,0,PASS,GOOD,7.0
STU00939,2,7.43,0,PASS,GOOD,7.22
STU00939,3,5.88,0,PASS,AVERAGE,6.77
STU00939,4,7.74,0,PASS,GOOD,7.01
STU00940,1,9.15,0,PASS,EXCELLENT,9.15
STU00940,2,8.66,0,PASS,EXCELLENT,8.91
STU00940,3,9.45,0,PASS,EXCELLENT,9.09
STU00940,4,8.85,0,PASS,EXCELLENT,9.03
STU00940,5,9.18,0,PASS,EXCELLENT,9.06
STU00941,1,5.43,1,PASS,AVERAGE,5.43
STU00941,2,6.48,0,PASS,AVERAGE,5.96
STU00942,1,8.15,0,PASS,GOOD,8.15
STU00942,2,6.77,0,PASS,AVERAGE,7.46
STU00942,3,8.64,0,PASS,EXCELLENT,7.85
STU00943,1,2.41,3,FAIL,AT_RISK,2.41
STU00943,2,3.71,2,FAIL,AT_RISK,3.06
STU00943,3,5.9,0,PASS,AVERAGE,4.01
STU00943,4,4.28,3,FAIL,AT_RISK,4.08
STU00943,5,4.86,0,PASS,AT_RISK,4.23
STU00944,1,7.16,0,PASS,GOOD,7.16
STU00944,2,6.99,0,PASS,AVERAGE,7.08
STU00944,3,8.11,0,PASS,GOOD,7.42
STU00945,1,7.54,0,PASS,GOOD,7.54
STU00945,2,8.09,0,PASS,GOOD,7.82
STU00945,3,7.06,0,PASS,GOOD,7.56
STU00945,4,8.9,0,PASS,EXCELLENT,7.9
STU00945,5,7.19,0,PASS,GOOD,7.76
STU00946,1,7.95,0,PASS,GOOD,7.95
STU00946,2,6.18,0,PASS,AVERAGE,7.06
STU00946,3,6.66,0,PASS,AVERAGE,6.93
STU00946,4,7.59,0,PASS,GOOD,7.1
STU00947,1,8.73,0,PASS,EXCELLENT,8.73
STU00947,2,7.81,0,PASS,GOOD,8.27
STU00947,3,8.67,0,PASS,EXCELLENT,8.4
STU00947,4,7.65,0,PASS,GOOD,8.22
STU00948,1,8.11,0,PASS,GOOD,8.11
STU00948,2,5.98,0,PASS,AVERAGE,7.04
STU00948,3,7.37,0,PASS,GOOD,7.15
STU00948,4,7.31,0,PASS,GOOD,7.19
STU00949,1,7.28,0,PASS,GOOD,7.28
STU00949,2,8.17,0,PASS,GOOD,7.72
STU00949,3,8.61,0,PASS,EXCELLENT,8.02
STU00949,4,8.17,0,PASS,GOOD,8.06
STU00950,1,7.37,0,PASS,GOOD,7.37
STU00950,2,5.31,0,PASS,AVERAGE,6.34
STU00950,3,3.29,3,FAIL,AT_RISK,5.32
STU00950,4,4.92,0,PASS,AT_RISK,5.22
STU00950,5,5.11,0,PASS,AVERAGE,5.2
STU00950,6,6.66,0,PASS,AVERAGE,5.44
STU00951,1,5.66,0,PASS,AVERAGE,5.66
STU00951,2,6.12,0,PASS,AVERAGE,5.89
STU00951,3,4.82,0,PASS,AT_RISK,5.53
STU00951,4,4.57,0,PASS,AT_RISK,5.29
STU00951,5,6.76,0,PASS,AVERAGE,5.59
STU00951,6,5.68,0,PASS,AVERAGE,5.6
STU00952,1,7.97,0,PASS,GOOD,7.97
STU00952,2,8.58,0,PASS,EXCELLENT,8.28
STU00952,3,8.18,0,PASS,GOOD,8.24
STU00952,4,7.66,0,PASS,GOOD,8.1
STU00952,5,9.6,0,PASS,EXCELLENT,8.4
STU00953,1,8.25,0,PASS,GOOD,8.25
STU00953,2,9.38,0,PASS,EXCELLENT,8.82
STU00953,3,7.8,0,PASS,GOOD,8.48
STU00953,4,8.25,0,PASS,GOOD,8.42
STU00954,1,7.67,0,PASS,GOOD,7.67
STU00954,2,7.35,0,PASS,GOOD,7.51
STU00954,3,8.3,0,PASS,GOOD,7.77
STU00954,4,6.76,0,PASS,AVERAGE,7.52
STU00954,5,7.45,0,PASS,GOOD,7.51
STU00955,1,6.01,0,PASS,AVERAGE,6.01
STU00955,2,6.15,0,PASS,AVERAGE,6.08
STU00955,3,5.02,0,PASS,AVERAGE,5.73
STU00955,4,4.62,0,PASS,AT_RISK,5.45
STU00955,5,6.4,0,PASS,AVERAGE,5.64
STU00956,1,8.46,0,PASS,GOOD,8.46
STU00956,2,6.43,0,PASS,AVERAGE,7.44
STU00957,1,6.68,0,PASS,AVERAGE,6.68
STU00957,2,5.66,0,PASS,AVERAGE,6.17
STU00957,3,6.69,0,PASS,AVERAGE,6.34
STU00958,1,5.36,0,PASS,AVERAGE,5.36
STU00958,2,5.96,0,PASS,AVERAGE,5.66
STU00959,1,7.65,0,PASS,GOOD,7.65
STU00959,2,5.48,0,PASS,AVERAGE,6.56
STU00959,3,5.2,0,PASS,AVERAGE,6.11
STU00959,4,6.45,0,PASS,AVERAGE,6.2
STU00960,1,7.7,0,PASS,GOOD,7.7
STU00960,2,7.55,0,PASS,GOOD,7.62
STU00960,3,7.74,0,PASS,GOOD,7.66
STU00961,1,4.81,0,PASS,AT_RISK,4.81
STU00961,2,3.73,1,PASS,AT_RISK,4.27
STU00961,3,7.17,0,PASS,GOOD,5.24
STU00961,4,5.91,0,PASS,AVERAGE,5.4
STU00961,5,3.91,0,PASS,AT_RISK,5.11
STU00962,1,7.31,0,PASS,GOOD,7.31
STU00962,2,6.09,0,PASS,AVERAGE,6.7
STU00962,3,7.01,0,PASS,GOOD,6.8
STU00962,4,8.38,0,PASS,GOOD,7.2
STU00962,5,6.54,0,PASS,AVERAGE,7.07
STU00963,1,5.58,0,PASS,AVERAGE,5.58
STU00963,2,7.08,0,PASS,GOOD,6.33
STU00963,3,7.05,0,PASS,GOOD,6.57
STU00963,4,8.3,0,PASS,GOOD,7.0
STU00964,1,8.43,0,PASS,GOOD,8.43
STU00964,2,7.54,0,PASS,GOOD,7.98
STU00964,3,9.5,0,PASS,EXCELLENT,8.49
STU00964,4,8.49,0,PASS,GOOD,8.49
STU00964,5,8.55,0,PASS,EXCELLENT,8.5
STU00965,1,3.67,3,FAIL,AT_RISK,3.67
STU00965,2,5.63,0,PASS,AVERAGE,4.65
STU00965,3,2.44,3,FAIL,AT_RISK,3.91
STU00965,4,5.1,0,PASS,AVERAGE,4.21
STU00966,1,6.35,0,PASS,AVERAGE,6.35
STU00966,2,6.91,0,PASS,AVERAGE,6.63
STU00967,1,5.4,0,PASS,AVERAGE,5.4
STU00967,2,6.32,0,PASS,AVERAGE,5.86
STU00967,3,3.79,3,FAIL,AT_RISK,5.17
STU00968,1,9.49,0,PASS,EXCELLENT,9.49
STU00968,2,9.38,0,PASS,EXCELLENT,9.44
STU00968,3,7.47,0,PASS,GOOD,8.78
STU00968,4,8.41,0,PASS,GOOD,8.69
STU00969,1,8.6,0,PASS,EXCELLENT,8.6
STU00969,2,5.86,0,PASS,AVERAGE,7.23
STU00970,1,8.18,0,PASS,GOOD,8.18
STU00970,2,8.08,0,PASS,GOOD,8.13
STU00971,1,8.9,0,PASS,EXCELLENT,8.9
STU00971,2,6.67,0,PASS,AVERAGE,7.78
STU00972,1,7.63,0,PASS,GOOD,7.63
STU00972,2,7.51,0,PASS,GOOD,7.57
STU00972,3,8.55,0,PASS,EXCELLENT,7.9
STU00972,4,8.33,0,PASS,GOOD,8.01
STU00973,1,7.48,0,PASS,GOOD,7.48
STU00973,2,3.86,0,PASS,AT_RISK,5.67
STU00974,1,6.94,0,PASS,AVERAGE,6.94
STU00974,2,8.39,0,PASS,GOOD,7.67
STU00975,1,4.58,1,FAIL,AT_RISK,4.58
STU00975,2,8.13,0,PASS,GOOD,6.36
STU00975,3,5.49,0,PASS,AVERAGE,6.07
STU00975,4,8.05,0,PASS,GOOD,6.56
STU00976,1,7.54,0,PASS,GOOD,7.54
STU00976,2,7.78,0,PASS,GOOD,7.66
STU00976,3,9.37,0,PASS,EXCELLENT,8.23
STU00977,1,9.05,0,PASS,EXCELLENT,9.05
STU00977,2,6.72,0,PASS,AVERAGE,7.88
STU00977,3,5.3,0,PASS,AVERAGE,7.02
STU00978,1,8.23,0,PASS,GOOD,8.23
STU00978,2,7.45,0,PASS,GOOD,7.84
STU00978,3,8.43,0,PASS,GOOD,8.04
STU00978,4,7.28,0,PASS,GOOD,7.85
STU00978,5,8.82,0,PASS,EXCELLENT,8.04
STU00979,1,6.09,0,PASS,AVERAGE,6.09
STU00979,2,6.67,0,PASS,AVERAGE,6.38
STU00979,3,6.41,0,PASS,AVERAGE,6.39
STU00979,4,6.77,0,PASS,AVERAGE,6.48
STU00979,5,8.38,0,PASS,GOOD,6.86
STU00979,6,5.5,0,PASS,AVERAGE,6.64
STU00980,1,7.7,0,PASS,GOOD,7.7
STU00980,2,8.97,0,PASS,EXCELLENT,8.34
STU00980,3,7.53,0,PASS,GOOD,8.07
STU00980,4,8.75,0,PASS,EXCELLENT,8.24
STU00981,1,8.52,0,PASS,EXCELLENT,8.52
STU00981,2,5.64,0,PASS,AVERAGE,7.08
STU00981,3,4.63,0,PASS,AT_RISK,6.26
STU00981,4,7.5,0,PASS,GOOD,6.57
STU00981,5,4.65,0,PASS,AT_RISK,6.19
STU00982,1,6.01,0,PASS,AVERAGE,6.01
STU00982,2,7.26,0,PASS,GOOD,6.64
STU00983,1,6.93,0,PASS,AVERAGE,6.93
STU00983,2,7.6,0,PASS,GOOD,7.26
STU00984,1,8.74,0,PASS,EXCELLENT,8.74
STU00984,2,9.74,0,PASS,EXCELLENT,9.24
STU00984,3,8.27,0,PASS,GOOD,8.92
STU00984,4,8.03,0,PASS,GOOD,8.7
STU00984,5,7.53,0,PASS,GOOD,8.46
STU00985,1,7.78,0,PASS,GOOD,7.78
STU00985,2,8.48,0,PASS,GOOD,8.13
STU00985,3,6.2,0,PASS,AVERAGE,7.49
STU00985,4,7.88,0,PASS,GOOD,7.59
STU00986,1,4.6,0,PASS,AT_RISK,4.6
STU00986,2,4.12,0,PASS,AT_RISK,4.36
STU00986,3,6.77,0,PASS,AVERAGE,5.16
STU00986,4,6.28,0,PASS,AVERAGE,5.44
STU00986,5,6.36,0,PASS,AVERAGE,5.63
STU00986,6,5.63,0,PASS,AVERAGE,5.63
STU00987,1,6.39,0,PASS,AVERAGE,6.39
STU00987,2,7.09,0,PASS,GOOD,6.74
STU00988,1,6.75,0,PASS,AVERAGE,6.75
STU00988,2,5.91,0,PASS,AVERAGE,6.33
STU00988,3,6.42,0,PASS,AVERAGE,6.36
STU00988,4,5.18,0,PASS,AVERAGE,6.06
STU00988,5,5.69,0,PASS,AVERAGE,5.99
STU00988,6,4.36,1,FAIL,AT_RISK,5.72
STU00989,1,7.0,0,PASS,GOOD,7.0
STU00989,2,6.07,0,PASS,AVERAGE,6.54
STU00989,3,7.4,0,PASS,GOOD,6.82
STU00989,4,8.19,0,PASS,GOOD,7.16
STU00989,5,7.65,0,PASS,GOOD,7.26
STU00990,1,7.84,0,PASS,GOOD,7.84
STU00990,2,9.12,0,PASS,EXCELLENT,8.48
STU00990,3,7.59,0,PASS,GOOD,8.18
STU00990,4,9.36,0,PASS,EXCELLENT,8.48
STU00991,1,6.55,0,PASS,AVERAGE,6.55
STU00991,2,5.89,0,PASS,AVERAGE,6.22
STU00991,3,6.71,0,PASS,AVERAGE,6.38
STU00991,4,7.13,0,PASS,GOOD,6.57
STU00992,1,6.78,0,PASS,AVERAGE,6.78
STU00992,2,9.08,0,PASS,EXCELLENT,7.93
STU00992,3,9.63,0,PASS,EXCELLENT,8.5
STU00992,4,7.45,0,PASS,GOOD,8.24
STU00993,1,6.82,0,PASS,AVERAGE,6.82
STU00993,2,7.9,0,PASS,GOOD,7.36
STU00993,3,7.89,0,PASS,GOOD,7.54
STU00993,4,7.54,0,PASS,GOOD,7.54
STU00993,5,6.58,0,PASS,AVERAGE,7.35
STU00993,6,7.92,0,PASS,GOOD,7.44
STU00994,1,7.97,0,PASS,GOOD,7.97
STU00994,2,6.65,0,PASS,AVERAGE,7.31
STU00995,1,7.45,0,PASS,GOOD,7.45
STU00995,2,8.14,0,PASS,GOOD,7.8
STU00995,3,8.14,0,PASS,GOOD,7.91
STU00995,4,9.19,0,PASS,EXCELLENT,8.23
STU00995,5,7.54,0,PASS,GOOD,8.09
STU00996,1,7.32,0,PASS,GOOD,7.32
STU00996,2,8.38,0,PASS,GOOD,7.85
STU00996,3,6.23,0,PASS,AVERAGE,7.31
STU00997,1,2.93,1,FAIL,AT_RISK,2.93
STU00997,2,4.27,1,PASS,AT_RISK,3.6
STU00997,3,5.15,0,PASS,AVERAGE,4.12
STU00998,1,8.22,0,PASS,GOOD,8.22
STU00998,2,8.87,0,PASS,EXCELLENT,8.54
STU00998,3,6.1,0,PASS,AVERAGE,7.73
STU00998,4,9.33,0,PASS,EXCELLENT,8.13
STU00998,5,6.43,0,PASS,AVERAGE,7.79
STU00999,1,8.12,0,PASS,GOOD,8.12
STU00999,2,7.51,0,PASS,GOOD,7.82
STU01000,1,8.31,0,PASS,GOOD,8.31
STU01000,2,7.64,0,PASS,GOOD,7.98
STU01000,3,7.67,0,PASS,GOOD,7.87
STU01000,4,8.21,0,PASS,GOOD,7.96
STU01000,5,8.54,0,PASS,EXCELLENT,8.07
STU01001,1,8.33,0,PASS,GOOD,8.33
STU01001,2,7.4,0,PASS,GOOD,7.86
STU01001,3,8.0,0,PASS,GOOD,7.91
STU01001,4,6.53,0,PASS,AVERAGE,7.56
STU01001,5,8.46,0,PASS,GOOD,7.74
STU01001,6,8.4,0,PASS,GOOD,7.85
STU01002,1,6.45,0,PASS,AVERAGE,6.45
STU01002,2,8.01,0,PASS,GOOD,7.23
STU01002,3,8.22,0,PASS,GOOD,7.56
STU01002,4,7.7,0,PASS,GOOD,7.6
STU01003,1,9.13,0,PASS,EXCELLENT,9.13
STU01003,2,9.01,0,PASS,EXCELLENT,9.07
STU01003,3,6.51,0,PASS,AVERAGE,8.22
STU01004,1,6.29,0,PASS,AVERAGE,6.29
STU01004,2,7.13,0,PASS,GOOD,6.71
STU01005,1,6.86,0,PASS,AVERAGE,6.86
STU01005,2,7.42,0,PASS,GOOD,7.14
STU01005,3,6.94,0,PASS,AVERAGE,7.07
STU01005,4,7.84,0,PASS,GOOD,7.26
STU01005,5,8.46,0,PASS,GOOD,7.5
STU01006,1,6.94,0,PASS,AVERAGE,6.94
STU01006,2,7.51,0,PASS,GOOD,7.22
STU01007,1,6.99,0,PASS,AVERAGE,6.99
STU01007,2,8.12,0,PASS,GOOD,7.56
STU01007,3,8.27,0,PASS,GOOD,7.79
STU01007,4,7.66,0,PASS,GOOD,7.76
STU01007,5,9.23,0,PASS,EXCELLENT,8.05
STU01008,1,8.85,0,PASS,EXCELLENT,8.85
STU01008,2,6.57,0,PASS,AVERAGE,7.71
STU01008,3,9.09,0,PASS,EXCELLENT,8.17
STU01008,4,7.81,0,PASS,GOOD,8.08
STU01008,5,8.29,0,PASS,GOOD,8.12
STU01008,6,8.15,0,PASS,GOOD,8.13
STU01009,1,8.28,0,PASS,GOOD,8.28
STU01009,2,9.29,0,PASS,EXCELLENT,8.78
STU01009,3,8.29,0,PASS,GOOD,8.62
STU01009,4,7.73,0,PASS,GOOD,8.4
STU01009,5,5.83,0,PASS,AVERAGE,7.88
STU01009,6,6.89,0,PASS,AVERAGE,7.72
STU01010,1,8.54,0,PASS,EXCELLENT,8.54
STU01010,2,7.29,0,PASS,GOOD,7.91
STU01011,1,8.68,0,PASS,EXCELLENT,8.68
STU01011,2,7.37,0,PASS,GOOD,8.02
STU01011,3,7.91,0,PASS,GOOD,7.99
STU01011,4,7.76,0,PASS,GOOD,7.93
STU01012,1,8.97,0,PASS,EXCELLENT,8.97
STU01012,2,9.42,0,PASS,EXCELLENT,9.2
STU01013,1,4.39,0,PASS,AT_RISK,4.39
STU01013,2,5.2,0,PASS,AVERAGE,4.8
STU01013,3,6.04,0,PASS,AVERAGE,5.21
STU01014,1,8.75,0,PASS,EXCELLENT,8.75
STU01014,2,8.63,0,PASS,EXCELLENT,8.69
STU01014,3,8.51,0,PASS,EXCELLENT,8.63
STU01014,4,7.88,0,PASS,GOOD,8.44
STU01014,5,6.46,0,PASS,AVERAGE,8.05
STU01014,6,7.0,0,PASS,GOOD,7.87
STU01015,1,7.13,0,PASS,GOOD,7.13
STU01015,2,4.94,0,PASS,AT_RISK,6.04
STU01015,3,8.49,0,PASS,GOOD,6.85
STU01015,4,5.97,0,PASS,AVERAGE,6.63
STU01016,1,5.29,0,PASS,AVERAGE,5.29
STU01016,2,8.96,0,PASS,EXCELLENT,7.12
STU01016,3,7.64,0,PASS,GOOD,7.3
STU01016,4,8.19,0,PASS,GOOD,7.52
STU01017,1,6.99,0,PASS,AVERAGE,6.99
STU01017,2,7.66,0,PASS,GOOD,7.32
STU01017,3,9.06,0,PASS,EXCELLENT,7.9
STU01018,1,9.46,0,PASS,EXCELLENT,9.46
STU01018,2,6.53,0,PASS,AVERAGE,8.0
STU01018,3,8.48,0,PASS,GOOD,8.16
STU01019,1,8.29,0,PASS,GOOD,8.29
STU01019,2,6.16,0,PASS,AVERAGE,7.22
STU01019,3,5.58,0,PASS,AVERAGE,6.68
STU01019,4,6.06,0,PASS,AVERAGE,6.52
STU01020,1,8.71,0,PASS,EXCELLENT,8.71
STU01020,2,7.47,0,PASS,GOOD,8.09
STU01020,3,6.81,0,PASS,AVERAGE,7.66
STU01021,1,8.25,0,PASS,GOOD,8.25
STU01021,2,5.95,0,PASS,AVERAGE,7.1
STU01021,3,7.33,0,PASS,GOOD,7.18
STU01021,4,5.92,0,PASS,AVERAGE,6.86
STU01022,1,6.82,0,PASS,AVERAGE,6.82
STU01022,2,7.79,0,PASS,GOOD,7.3
STU01022,3,7.24,0,PASS,GOOD,7.28
STU01022,4,7.28,0,PASS,GOOD,7.28
STU01022,5,6.52,0,PASS,AVERAGE,7.13
STU01023,1,4.52,2,FAIL,AT_RISK,4.52
STU01023,2,4.92,0,PASS,AT_RISK,4.72
STU01023,3,4.84,1,PASS,AT_RISK,4.76
STU01023,4,4.09,0,PASS,AT_RISK,4.59
STU01024,1,9.44,0,PASS,EXCELLENT,9.44
STU01024,2,8.81,0,PASS,EXCELLENT,9.12
STU01024,3,8.25,0,PASS,GOOD,8.83
STU01024,4,8.56,0,PASS,EXCELLENT,8.76
STU01024,5,9.35,0,PASS,EXCELLENT,8.88
STU01024,6,8.44,0,PASS,GOOD,8.81
STU01025,1,6.55,0,PASS,AVERAGE,6.55
STU01025,2,8.04,0,PASS,GOOD,7.3
STU01025,3,7.29,0,PASS,GOOD,7.29
STU01025,4,7.69,0,PASS,GOOD,7.39
STU01026,1,9.15,0,PASS,EXCELLENT,9.15
STU01026,2,8.8,0,PASS,EXCELLENT,8.98
STU01026,3,8.99,0,PASS,EXCELLENT,8.98
STU01026,4,6.0,0,PASS,AVERAGE,8.24
STU01026,5,8.47,0,PASS,GOOD,8.28
STU01026,6,8.52,0,PASS,EXCELLENT,8.32
STU01027,1,7.41,0,PASS,GOOD,7.41
STU01027,2,7.98,0,PASS,GOOD,7.7
STU01027,3,8.91,0,PASS,EXCELLENT,8.1
STU01027,4,8.69,0,PASS,EXCELLENT,8.25
STU01027,5,7.17,0,PASS,GOOD,8.03
STU01028,1,8.1,0,PASS,GOOD,8.1
STU01028,2,9.46,0,PASS,EXCELLENT,8.78
STU01028,3,7.44,0,PASS,GOOD,8.33
STU01028,4,7.36,0,PASS,GOOD,8.09
STU01029,1,5.43,0,PASS,AVERAGE,5.43
STU01029,2,7.13,0,PASS,GOOD,6.28
STU01030,1,6.92,0,PASS,AVERAGE,6.92
STU01030,2,6.4,0,PASS,AVERAGE,6.66
STU01031,1,7.42,0,PASS,GOOD,7.42
STU01031,2,5.5,0,PASS,AVERAGE,6.46
STU01031,3,6.73,0,PASS,AVERAGE,6.55
STU01031,4,5.65,0,PASS,AVERAGE,6.32
STU01031,5,7.76,0,PASS,GOOD,6.61
STU01031,6,6.67,0,PASS,AVERAGE,6.62
STU01032,1,5.11,0,PASS,AVERAGE,5.11
STU01032,2,4.83,1,PASS,AT_RISK,4.97
STU01032,3,5.86,0,PASS,AVERAGE,5.27
STU01032,4,7.25,0,PASS,GOOD,5.76
STU01032,5,4.3,0,PASS,AT_RISK,5.47
STU01033,1,6.94,0,PASS,AVERAGE,6.94
STU01033,2,7.57,0,PASS,GOOD,7.26
STU01034,1,9.71,0,PASS,EXCELLENT,9.71
STU01034,2,9.09,0,PASS,EXCELLENT,9.4
STU01034,3,8.91,0,PASS,EXCELLENT,9.24
STU01034,4,8.45,0,PASS,GOOD,9.04
STU01035,1,7.47,0,PASS,GOOD,7.47
STU01035,2,6.53,0,PASS,AVERAGE,7.0
STU01035,3,8.21,0,PASS,GOOD,7.4
STU01035,4,7.07,0,PASS,GOOD,7.32
STU01036,1,6.2,0,PASS,AVERAGE,6.2
STU01036,2,6.14,0,PASS,AVERAGE,6.17
STU01036,3,6.25,0,PASS,AVERAGE,6.2
STU01036,4,6.17,0,PASS,AVERAGE,6.19
STU01037,1,7.13,0,PASS,GOOD,7.13
STU01037,2,6.53,0,PASS,AVERAGE,6.83
STU01037,3,6.99,0,PASS,AVERAGE,6.88
STU01037,4,7.81,0,PASS,GOOD,7.12
STU01037,5,7.07,0,PASS,GOOD,7.11
STU01038,1,9.74,0,PASS,EXCELLENT,9.74
STU01038,2,7.77,0,PASS,GOOD,8.75
STU01039,1,5.95,0,PASS,AVERAGE,5.95
STU01039,2,4.74,0,PASS,AT_RISK,5.35
STU01039,3,5.8,0,PASS,AVERAGE,5.5
STU01040,1,7.73,0,PASS,GOOD,7.73
STU01040,2,8.42,0,PASS,GOOD,8.07
STU01041,1,5.28,0,PASS,AVERAGE,5.28
STU01041,2,6.91,0,PASS,AVERAGE,6.1
STU01041,3,7.43,0,PASS,GOOD,6.54
STU01041,4,7.0,0,PASS,AVERAGE,6.66
STU01041,5,5.5,0,PASS,AVERAGE,6.42
STU01041,6,6.11,0,PASS,AVERAGE,6.37
STU01042,1,5.58,0,PASS,AVERAGE,5.58
STU01042,2,6.38,0,PASS,AVERAGE,5.98
STU01042,3,7.26,0,PASS,GOOD,6.41
STU01042,4,7.83,0,PASS,GOOD,6.76
STU01042,5,6.6,0,PASS,AVERAGE,6.73
STU01043,1,6.32,0,PASS,AVERAGE,6.32
STU01043,2,6.64,0,PASS,AVERAGE,6.48
STU01044,1,4.47,0,PASS,AT_RISK,4.47
STU01044,2,5.06,0,PASS,AVERAGE,4.76
STU01044,3,7.57,0,PASS,GOOD,5.7
STU01044,4,6.54,0,PASS,AVERAGE,5.91
STU01045,1,6.57,0,PASS,AVERAGE,6.57
STU01045,2,4.38,0,PASS,AT_RISK,5.48
STU01045,3,8.25,0,PASS,GOOD,6.4
STU01045,4,7.03,0,PASS,GOOD,6.56
STU01045,5,8.1,0,PASS,GOOD,6.87
STU01046,1,8.92,0,PASS,EXCELLENT,8.92
STU01046,2,6.47,0,PASS,AVERAGE,7.7
STU01047,1,3.68,2,FAIL,AT_RISK,3.68
STU01047,2,5.75,0,PASS,AVERAGE,4.72
STU01047,3,5.17,0,PASS,AVERAGE,4.87
STU01047,4,4.88,1,PASS,AT_RISK,4.87
STU01047,5,2.53,1,FAIL,AT_RISK,4.4
STU01048,1,8.15,0,PASS,GOOD,8.15
STU01048,2,8.69,0,PASS,EXCELLENT,8.42
STU01048,3,9.67,0,PASS,EXCELLENT,8.84
STU01048,4,10.0,0,PASS,EXCELLENT,9.13
STU01048,5,8.27,0,PASS,GOOD,8.96
STU01049,1,5.18,0,PASS,AVERAGE,5.18
STU01049,2,6.59,0,PASS,AVERAGE,5.88
STU01050,1,4.77,0,PASS,AT_RISK,4.77
STU01050,2,5.1,0,PASS,AVERAGE,4.93
STU01050,3,4.88,0,PASS,AT_RISK,4.92
STU01051,1,9.99,0,PASS,EXCELLENT,9.99
STU01051,2,8.51,0,PASS,EXCELLENT,9.25
STU01051,3,7.97,0,PASS,GOOD,8.82
STU01051,4,9.74,0,PASS,EXCELLENT,9.05
STU01052,1,9.59,0,PASS,EXCELLENT,9.59
STU01052,2,6.76,0,PASS,AVERAGE,8.18
STU01053,1,7.13,0,PASS,GOOD,7.13
STU01053,2,8.53,0,PASS,EXCELLENT,7.83
STU01053,3,7.38,0,PASS,GOOD,7.68
STU01053,4,6.91,0,PASS,AVERAGE,7.49
STU01054,1,7.19,0,PASS,GOOD,7.19
STU01054,2,7.62,0,PASS,GOOD,7.4
STU01055,1,5.1,0,PASS,AVERAGE,5.1
STU01055,2,6.78,0,PASS,AVERAGE,5.94
STU01055,3,7.32,0,PASS,GOOD,6.4
STU01055,4,6.34,0,PASS,AVERAGE,6.38
STU01056,1,6.37,0,PASS,AVERAGE,6.37
STU01056,2,6.45,0,PASS,AVERAGE,6.41
STU01057,1,8.06,0,PASS,GOOD,8.06
STU01057,2,8.72,0,PASS,EXCELLENT,8.39
STU01057,3,7.99,0,PASS,GOOD,8.26
STU01057,4,9.47,0,PASS,EXCELLENT,8.56
STU01057,5,7.65,0,PASS,GOOD,8.38
STU01057,6,8.45,0,PASS,GOOD,8.39
STU01058,1,6.71,0,PASS,AVERAGE,6.71
STU01058,2,6.41,0,PASS,AVERAGE,6.56
STU01058,3,5.32,0,PASS,AVERAGE,6.15
STU01059,1,7.91,0,PASS,GOOD,7.91
STU01059,2,7.86,0,PASS,GOOD,7.88
STU01059,3,7.28,0,PASS,GOOD,7.68
STU01059,4,7.42,0,PASS,GOOD,7.62
STU01059,5,6.49,0,PASS,AVERAGE,7.39
STU01059,6,7.69,0,PASS,GOOD,7.44
STU01060,1,7.32,0,PASS,GOOD,7.32
STU01060,2,5.6,0,PASS,AVERAGE,6.46
STU01060,3,5.86,0,PASS,AVERAGE,6.26
STU01060,4,6.48,0,PASS,AVERAGE,6.32
STU01061,1,10.0,0,PASS,EXCELLENT,10.0
STU01061,2,7.65,0,PASS,GOOD,8.82
STU01061,3,8.05,0,PASS,GOOD,8.57
STU01062,1,6.6,0,PASS,AVERAGE,6.6
STU01062,2,3.76,0,PASS,AT_RISK,5.18
STU01063,1,10.0,0,PASS,EXCELLENT,10.0
STU01063,2,9.69,0,PASS,EXCELLENT,9.84
STU01064,1,5.28,1,PASS,AVERAGE,5.28
STU01064,2,6.08,0,PASS,AVERAGE,5.68
STU01064,3,8.11,0,PASS,GOOD,6.49
STU01064,4,6.82,0,PASS,AVERAGE,6.57
STU01064,5,8.1,0,PASS,GOOD,6.88
STU01065,1,6.61,0,PASS,AVERAGE,6.61
STU01065,2,5.93,0,PASS,AVERAGE,6.27
STU01065,3,5.17,0,PASS,AVERAGE,5.9
STU01066,1,7.12,0,PASS,GOOD,7.12
STU01066,2,7.25,0,PASS,GOOD,7.18
STU01066,3,4.01,0,PASS,AT_RISK,6.13
STU01066,4,4.23,1,PASS,AT_RISK,5.65
STU01066,5,5.17,0,PASS,AVERAGE,5.56
STU01067,1,6.97,0,PASS,AVERAGE,6.97
STU01067,2,6.34,0,PASS,AVERAGE,6.65
STU01067,3,6.48,0,PASS,AVERAGE,6.6
STU01067,4,6.96,0,PASS,AVERAGE,6.69
STU01067,5,8.04,0,PASS,GOOD,6.96
STU01068,1,7.33,0,PASS,GOOD,7.33
STU01068,2,2.79,3,FAIL,AT_RISK,5.06
STU01068,3,4.13,0,PASS,AT_RISK,4.75
STU01068,4,5.03,0,PASS,AVERAGE,4.82
STU01068,5,5.47,0,PASS,AVERAGE,4.95
STU01069,1,8.86,0,PASS,EXCELLENT,8.86
STU01069,2,8.0,0,PASS,GOOD,8.43
STU01069,3,8.08,0,PASS,GOOD,8.31
STU01070,1,5.41,0,PASS,AVERAGE,5.41
STU01070,2,7.0,0,PASS,GOOD,6.2
STU01070,3,5.08,0,PASS,AVERAGE,5.83
STU01071,1,7.18,0,PASS,GOOD,7.18
STU01071,2,7.32,0,PASS,GOOD,7.25
STU01071,3,9.49,0,PASS,EXCELLENT,8.0
STU01072,1,5.26,0,PASS,AVERAGE,5.26
STU01072,2,4.52,1,PASS,AT_RISK,4.89
STU01073,1,4.11,1,FAIL,AT_RISK,4.11
STU01073,2,4.34,0,PASS,AT_RISK,4.22
STU01074,1,6.93,0,PASS,AVERAGE,6.93
STU01074,2,7.62,0,PASS,GOOD,7.28
STU01074,3,7.3,0,PASS,GOOD,7.28
STU01074,4,7.37,0,PASS,GOOD,7.3
STU01075,1,5.66,0,PASS,AVERAGE,5.66
STU01075,2,6.84,0,PASS,AVERAGE,6.25
STU01075,3,7.34,0,PASS,GOOD,6.61
STU01075,4,5.95,0,PASS,AVERAGE,6.45
STU01075,5,8.36,0,PASS,GOOD,6.83
STU01075,6,7.44,0,PASS,GOOD,6.93
STU01076,1,8.92,0,PASS,EXCELLENT,8.92
STU01076,2,8.78,0,PASS,EXCELLENT,8.85
STU01076,3,8.85,0,PASS,EXCELLENT,8.85
STU01076,4,8.05,0,PASS,GOOD,8.65
STU01076,5,9.41,0,PASS,EXCELLENT,8.8
STU01077,1,3.67,3,FAIL,AT_RISK,3.67
STU01077,2,6.44,0,PASS,AVERAGE,5.06
STU01077,3,7.18,0,PASS,GOOD,5.76
STU01077,4,6.52,0,PASS,AVERAGE,5.95
STU01078,1,5.13,0,PASS,AVERAGE,5.13
STU01078,2,5.58,0,PASS,AVERAGE,5.36
STU01079,1,9.07,0,PASS,EXCELLENT,9.07
STU01079,2,7.7,0,PASS,GOOD,8.38
STU01080,1,6.53,0,PASS,AVERAGE,6.53
STU01080,2,7.74,0,PASS,GOOD,7.14
STU01081,1,7.38,0,PASS,GOOD,7.38
STU01081,2,7.96,0,PASS,GOOD,7.67
STU01081,3,5.37,0,PASS,AVERAGE,6.9
STU01082,1,5.21,0,PASS,AVERAGE,5.21
STU01082,2,6.64,0,PASS,AVERAGE,5.92
STU01082,3,4.31,0,PASS,AT_RISK,5.39
STU01082,4,5.37,0,PASS,AVERAGE,5.38
STU01082,5,4.95,1,PASS,AT_RISK,5.3
STU01082,6,4.56,0,PASS,AT_RISK,5.17
STU01083,1,7.92,0,PASS,GOOD,7.92
STU01083,2,5.72,0,PASS,AVERAGE,6.82
STU01083,3,5.85,0,PASS,AVERAGE,6.5
STU01083,4,6.84,0,PASS,AVERAGE,6.58
STU01083,5,7.62,0,PASS,GOOD,6.79
STU01083,6,7.07,0,PASS,GOOD,6.84
STU01084,1,8.0,0,PASS,GOOD,8.0
STU01084,2,8.25,0,PASS,GOOD,8.12
STU01085,1,7.95,0,PASS,GOOD,7.95
STU01085,2,5.55,0,PASS,AVERAGE,6.75
STU01086,1,5.47,0,PASS,AVERAGE,5.47
STU01086,2,8.71,0,PASS,EXCELLENT,7.09
STU01086,3,5.86,0,PASS,AVERAGE,6.68
STU01086,4,8.32,0,PASS,GOOD,7.09
STU01086,5,7.01,0,PASS,GOOD,7.07
STU01086,6,7.94,0,PASS,GOOD,7.22
STU01087,1,8.53,0,PASS,EXCELLENT,8.53
STU01087,2,6.46,0,PASS,AVERAGE,7.49
STU01087,3,7.29,0,PASS,GOOD,7.43
STU01088,1,3.91,0,PASS,AT_RISK,3.91
STU01088,2,5.88,0,PASS,AVERAGE,4.89
STU01088,3,5.88,0,PASS,AVERAGE,5.22
STU01089,1,7.08,0,PASS,GOOD,7.08
STU01089,2,7.19,0,PASS,GOOD,7.14
STU01089,3,7.87,0,PASS,GOOD,7.38
STU01089,4,8.36,0,PASS,GOOD,7.62
STU01090,1,7.63,0,PASS,GOOD,7.63
STU01090,2,7.27,0,PASS,GOOD,7.45
STU01090,3,4.37,0,PASS,AT_RISK,6.42
STU01090,4,7.45,0,PASS,GOOD,6.68
STU01091,1,9.93,0,PASS,EXCELLENT,9.93
STU01091,2,9.75,0,PASS,EXCELLENT,9.84
STU01091,3,9.06,0,PASS,EXCELLENT,9.58
STU01092,1,6.13,0,PASS,AVERAGE,6.13
STU01092,2,6.51,0,PASS,AVERAGE,6.32
STU01092,3,6.43,0,PASS,AVERAGE,6.36
STU01092,4,7.66,0,PASS,GOOD,6.68
STU01092,5,6.65,0,PASS,AVERAGE,6.68
STU01092,6,6.66,0,PASS,AVERAGE,6.67
STU01093,1,8.9,0,PASS,EXCELLENT,8.9
STU01093,2,8.5,0,PASS,GOOD,8.7
STU01093,3,6.9,0,PASS,AVERAGE,8.1
STU01093,4,7.85,0,PASS,GOOD,8.04
STU01094,1,7.68,0,PASS,GOOD,7.68
STU01094,2,7.66,0,PASS,GOOD,7.67
STU01095,1,7.57,0,PASS,GOOD,7.57
STU01095,2,8.13,0,PASS,GOOD,7.85
STU01095,3,7.56,0,PASS,GOOD,7.75
STU01096,1,7.07,0,PASS,GOOD,7.07
STU01096,2,9.07,0,PASS,EXCELLENT,8.07
STU01097,1,5.11,1,PASS,AVERAGE,5.11
STU01097,2,4.99,0,PASS,AT_RISK,5.05
STU01097,3,4.79,0,PASS,AT_RISK,4.96
STU01098,1,6.33,0,PASS,AVERAGE,6.33
STU01098,2,5.07,0,PASS,AVERAGE,5.7
STU01098,3,6.25,0,PASS,AVERAGE,5.88
STU01098,4,4.14,1,PASS,AT_RISK,5.45
STU01099,1,7.84,0,PASS,GOOD,7.84
STU01099,2,6.22,0,PASS,AVERAGE,7.03
STU01099,3,8.39,0,PASS,GOOD,7.48
STU01099,4,6.19,0,PASS,AVERAGE,7.16
STU01099,5,8.69,0,PASS,EXCELLENT,7.47
STU01100,1,8.56,0,PASS,EXCELLENT,8.56
STU01100,2,8.74,0,PASS,EXCELLENT,8.65
STU01100,3,8.58,0,PASS,EXCELLENT,8.63
STU01100,4,9.53,0,PASS,EXCELLENT,8.85
STU01100,5,8.65,0,PASS,EXCELLENT,8.81
STU01100,6,7.78,0,PASS,GOOD,8.64
STU01101,1,8.21,0,PASS,GOOD,8.21
STU01101,2,8.74,0,PASS,EXCELLENT,8.48
STU01102,1,5.81,0,PASS,AVERAGE,5.81
STU01102,2,5.9,0,PASS,AVERAGE,5.86
STU01103,1,7.26,0,PASS,GOOD,7.26
STU01103,2,7.14,0,PASS,GOOD,7.2
STU01103,3,9.15,0,PASS,EXCELLENT,7.85
STU01103,4,7.66,0,PASS,GOOD,7.8
STU01103,5,6.91,0,PASS,AVERAGE,7.62
STU01103,6,7.15,0,PASS,GOOD,7.55
STU01104,1,5.9,0,PASS,AVERAGE,5.9
STU01104,2,6.73,0,PASS,AVERAGE,6.32
STU01104,3,3.64,2,FAIL,AT_RISK,5.42
STU01105,1,6.16,0,PASS,AVERAGE,6.16
STU01105,2,8.14,0,PASS,GOOD,7.15
STU01105,3,8.18,0,PASS,GOOD,7.49
STU01105,4,7.63,0,PASS,GOOD,7.53
STU01105,5,6.73,0,PASS,AVERAGE,7.37
STU01105,6,6.72,0,PASS,AVERAGE,7.26
STU01106,1,6.0,1,PASS,AVERAGE,6.0
STU01106,2,5.12,1,PASS,AVERAGE,5.56
STU01106,3,4.55,1,PASS,AT_RISK,5.22
STU01106,4,4.65,1,PASS,AT_RISK,5.08
STU01106,5,4.43,1,FAIL,AT_RISK,4.95
STU01107,1,8.66,0,PASS,EXCELLENT,8.66
STU01107,2,7.51,0,PASS,GOOD,8.09
STU01108,1,7.1,0,PASS,GOOD,7.1
STU01108,2,8.09,0,PASS,GOOD,7.6
STU01108,3,7.57,0,PASS,GOOD,7.59
STU01108,4,8.6,0,PASS,EXCELLENT,7.84
STU01108,5,8.49,0,PASS,GOOD,7.97
STU01109,1,6.36,0,PASS,AVERAGE,6.36
STU01109,2,7.48,0,PASS,GOOD,6.92
STU01110,1,6.13,0,PASS,AVERAGE,6.13
STU01110,2,5.48,0,PASS,AVERAGE,5.8
STU01111,1,9.01,0,PASS,EXCELLENT,9.01
STU01111,2,6.48,0,PASS,AVERAGE,7.74
STU01111,3,8.88,0,PASS,EXCELLENT,8.12
STU01111,4,6.75,0,PASS,AVERAGE,7.78
STU01111,5,7.41,0,PASS,GOOD,7.71
STU01112,1,5.28,0,PASS,AVERAGE,5.28
STU01112,2,4.12,0,PASS,AT_RISK,4.7
STU01113,1,8.1,0,PASS,GOOD,8.1
STU01113,2,8.4,0,PASS,GOOD,8.25
STU01113,3,8.24,0,PASS,GOOD,8.25
STU01113,4,8.69,0,PASS,EXCELLENT,8.36
STU01114,1,8.29,0,PASS,GOOD,8.29
STU01114,2,8.91,0,PASS,EXCELLENT,8.6
STU01114,3,7.29,0,PASS,GOOD,8.16
STU01114,4,7.2,0,PASS,GOOD,7.92
STU01114,5,6.84,0,PASS,AVERAGE,7.71
STU01115,1,9.23,0,PASS,EXCELLENT,9.23
STU01115,2,7.19,0,PASS,GOOD,8.21
STU01116,1,8.93,0,PASS,EXCELLENT,8.93
STU01116,2,7.72,0,PASS,GOOD,8.32
STU01116,3,7.23,0,PASS,GOOD,7.96
STU01117,1,8.19,0,PASS,GOOD,8.19
STU01117,2,8.1,0,PASS,GOOD,8.14
STU01117,3,8.61,0,PASS,EXCELLENT,8.3
STU01118,1,4.71,0,PASS,AT_RISK,4.71
STU01118,2,4.19,0,PASS,AT_RISK,4.45
STU01118,3,5.28,0,PASS,AVERAGE,4.73
STU01118,4,6.13,0,PASS,AVERAGE,5.08
STU01119,1,8.74,0,PASS,EXCELLENT,8.74
STU01119,2,7.57,0,PASS,GOOD,8.16
STU01119,3,6.31,0,PASS,AVERAGE,7.54
STU01119,4,6.59,0,PASS,AVERAGE,7.3
STU01120,1,7.62,0,PASS,GOOD,7.62
STU01120,2,6.25,0,PASS,AVERAGE,6.94
STU01120,3,8.14,0,PASS,GOOD,7.34
STU01120,4,7.23,0,PASS,GOOD,7.31
STU01120,5,8.95,0,PASS,EXCELLENT,7.64
STU01120,6,8.07,0,PASS,GOOD,7.71
STU01121,1,10.0,0,PASS,EXCELLENT,10.0
STU01121,2,8.7,0,PASS,EXCELLENT,9.35
STU01121,3,8.99,0,PASS,EXCELLENT,9.23
STU01122,1,7.44,0,PASS,GOOD,7.44
STU01122,2,8.13,0,PASS,GOOD,7.78
STU01122,3,8.5,0,PASS,EXCELLENT,8.02
STU01123,1,8.54,0,PASS,EXCELLENT,8.54
STU01123,2,8.77,0,PASS,EXCELLENT,8.65
STU01123,3,8.5,0,PASS,GOOD,8.6
STU01123,4,8.91,0,PASS,EXCELLENT,8.68
STU01124,1,5.34,0,PASS,AVERAGE,5.34
STU01124,2,6.69,0,PASS,AVERAGE,6.02
STU01124,3,5.49,0,PASS,AVERAGE,5.84
STU01124,4,7.23,0,PASS,GOOD,6.19
STU01124,5,7.09,0,PASS,GOOD,6.37
STU01124,6,7.1,0,PASS,GOOD,6.49
STU01125,1,8.4,0,PASS,GOOD,8.4
STU01125,2,8.21,0,PASS,GOOD,8.3
STU01126,1,8.38,0,PASS,GOOD,8.38
STU01126,2,6.06,0,PASS,AVERAGE,7.22
STU01126,3,7.68,0,PASS,GOOD,7.37
STU01127,1,7.27,0,PASS,GOOD,7.27
STU01127,2,8.06,0,PASS,GOOD,7.66
STU01127,3,8.69,0,PASS,EXCELLENT,8.01
STU01127,4,8.29,0,PASS,GOOD,8.08
STU01127,5,6.88,0,PASS,AVERAGE,7.84
STU01128,1,6.39,0,PASS,AVERAGE,6.39
STU01128,2,5.7,0,PASS,AVERAGE,6.04
STU01129,1,8.94,0,PASS,EXCELLENT,8.94
STU01129,2,7.31,0,PASS,GOOD,8.12
STU01130,1,7.46,0,PASS,GOOD,7.46
STU01130,2,7.17,0,PASS,GOOD,7.32
STU01130,3,7.28,0,PASS,GOOD,7.3
STU01130,4,6.76,0,PASS,AVERAGE,7.17
STU01130,5,7.26,0,PASS,GOOD,7.19
STU01130,6,8.88,0,PASS,EXCELLENT,7.47
STU01131,1,8.93,0,PASS,EXCELLENT,8.93
STU01131,2,8.24,0,PASS,GOOD,8.59
STU01131,3,7.31,0,PASS,GOOD,8.16
STU01131,4,7.78,0,PASS,GOOD,8.06
STU01131,5,7.34,0,PASS,GOOD,7.92
STU01132,1,9.22,0,PASS,EXCELLENT,9.22
STU01132,2,7.25,0,PASS,GOOD,8.24
STU01132,3,6.53,0,PASS,AVERAGE,7.67
STU01132,4,7.6,0,PASS,GOOD,7.65
STU01132,5,7.37,0,PASS,GOOD,7.59
STU01132,6,6.95,0,PASS,AVERAGE,7.49
STU01133,1,5.7,0,PASS,AVERAGE,5.7
STU01133,2,4.1,0,PASS,AT_RISK,4.9
STU01133,3,5.11,0,PASS,AVERAGE,4.97
STU01133,4,3.82,3,FAIL,AT_RISK,4.68
STU01133,5,5.62,0,PASS,AVERAGE,4.87
STU01134,1,7.79,0,PASS,GOOD,7.79
STU01134,2,8.35,0,PASS,GOOD,8.07
STU01134,3,7.73,0,PASS,GOOD,7.96
STU01135,1,7.55,0,PASS,GOOD,7.55
STU01135,2,9.85,0,PASS,EXCELLENT,8.7
STU01135,3,7.43,0,PASS,GOOD,8.28
STU01135,4,8.23,0,PASS,GOOD,8.26
STU01136,1,5.2,0,PASS,AVERAGE,5.2
STU01136,2,4.52,1,PASS,AT_RISK,4.86
STU01136,3,5.9,0,PASS,AVERAGE,5.21
STU01136,4,6.27,0,PASS,AVERAGE,5.47
STU01136,5,6.37,0,PASS,AVERAGE,5.65
STU01136,6,6.44,0,PASS,AVERAGE,5.78
STU01137,1,7.69,0,PASS,GOOD,7.69
STU01137,2,7.65,0,PASS,GOOD,7.67
STU01137,3,9.34,0,PASS,EXCELLENT,8.23
STU01137,4,7.27,0,PASS,GOOD,7.99
STU01137,5,9.11,0,PASS,EXCELLENT,8.21
STU01137,6,9.24,0,PASS,EXCELLENT,8.38
STU01138,1,4.1,1,PASS,AT_RISK,4.1
STU01138,2,6.17,0,PASS,AVERAGE,5.14
STU01138,3,3.36,3,FAIL,AT_RISK,4.54
STU01138,4,4.16,0,PASS,AT_RISK,4.45
STU01138,5,4.4,1,PASS,AT_RISK,4.44
STU01139,1,7.28,0,PASS,GOOD,7.28
STU01139,2,6.78,0,PASS,AVERAGE,7.03
STU01139,3,6.55,0,PASS,AVERAGE,6.87
STU01140,1,8.49,0,PASS,GOOD,8.49
STU01140,2,8.45,0,PASS,GOOD,8.47
STU01140,3,7.48,0,PASS,GOOD,8.14
STU01140,4,8.92,0,PASS,EXCELLENT,8.34
STU01140,5,8.74,0,PASS,EXCELLENT,8.42
STU01140,6,8.26,0,PASS,GOOD,8.39
STU01141,1,6.24,0,PASS,AVERAGE,6.24
STU01141,2,4.05,0,PASS,AT_RISK,5.14
STU01141,3,5.85,0,PASS,AVERAGE,5.38
STU01141,4,4.49,1,PASS,AT_RISK,5.16
STU01142,1,6.08,0,PASS,AVERAGE,6.08
STU01142,2,6.78,0,PASS,AVERAGE,6.43
STU01142,3,8.09,0,PASS,GOOD,6.98
STU01143,1,9.53,0,PASS,EXCELLENT,9.53
STU01143,2,8.8,0,PASS,EXCELLENT,9.16
STU01143,3,8.95,0,PASS,EXCELLENT,9.09
STU01143,4,8.28,0,PASS,GOOD,8.89
STU01143,5,6.73,0,PASS,AVERAGE,8.46
STU01144,1,8.16,0,PASS,GOOD,8.16
STU01144,2,8.42,0,PASS,GOOD,8.29
STU01145,1,8.7,0,PASS,EXCELLENT,8.7
STU01145,2,6.75,0,PASS,AVERAGE,7.72
STU01145,3,7.14,0,PASS,GOOD,7.53
STU01145,4,8.37,0,PASS,GOOD,7.74
STU01145,5,9.42,0,PASS,EXCELLENT,8.08
STU01145,6,7.54,0,PASS,GOOD,7.99
STU01146,1,7.34,0,PASS,GOOD,7.34
STU01146,2,7.11,0,PASS,GOOD,7.22
STU01146,3,7.24,0,PASS,GOOD,7.23
STU01146,4,6.49,0,PASS,AVERAGE,7.04
STU01146,5,7.1,0,PASS,GOOD,7.06
STU01146,6,6.7,0,PASS,AVERAGE,7.0
STU01147,1,7.75,0,PASS,GOOD,7.75
STU01147,2,6.9,0,PASS,AVERAGE,7.32
STU01147,3,7.52,0,PASS,GOOD,7.39
STU01148,1,6.22,0,PASS,AVERAGE,6.22
STU01148,2,4.96,0,PASS,AT_RISK,5.59
STU01148,3,7.23,0,PASS,GOOD,6.14
STU01148,4,7.87,0,PASS,GOOD,6.57
STU01148,5,7.52,0,PASS,GOOD,6.76
STU01148,6,7.77,0,PASS,GOOD,6.93
STU01149,1,7.97,0,PASS,GOOD,7.97
STU01149,2,7.64,0,PASS,GOOD,7.8
STU01149,3,9.57,0,PASS,EXCELLENT,8.39
STU01149,4,8.5,0,PASS,EXCELLENT,8.42
STU01149,5,8.16,0,PASS,GOOD,8.37
STU01150,1,5.5,0,PASS,AVERAGE,5.5
STU01150,2,3.81,1,PASS,AT_RISK,4.66
STU01150,3,6.09,0,PASS,AVERAGE,5.13
STU01150,4,3.74,0,PASS,AT_RISK,4.78
STU01150,5,7.88,0,PASS,GOOD,5.4
STU01151,1,7.77,0,PASS,GOOD,7.77
STU01151,2,8.51,0,PASS,EXCELLENT,8.14
STU01151,3,6.91,0,PASS,AVERAGE,7.73
STU01151,4,4.53,0,PASS,AT_RISK,6.93
STU01151,5,5.02,0,PASS,AVERAGE,6.55
STU01151,6,6.01,0,PASS,AVERAGE,6.46
STU01152,1,8.04,0,PASS,GOOD,8.04
STU01152,2,7.91,0,PASS,GOOD,7.98
STU01152,3,7.7,0,PASS,GOOD,7.88
STU01152,4,5.3,0,PASS,AVERAGE,7.24
STU01152,5,4.97,0,PASS,AT_RISK,6.78
STU01153,1,7.21,0,PASS,GOOD,7.21
STU01153,2,6.59,0,PASS,AVERAGE,6.9
STU01153,3,6.35,0,PASS,AVERAGE,6.72
STU01153,4,5.56,0,PASS,AVERAGE,6.43
STU01154,1,7.36,0,PASS,GOOD,7.36
STU01154,2,5.39,1,PASS,AVERAGE,6.38
STU01154,3,6.05,0,PASS,AVERAGE,6.27
STU01155,1,8.86,0,PASS,EXCELLENT,8.86
STU01155,2,8.27,0,PASS,GOOD,8.56
STU01155,3,9.36,0,PASS,EXCELLENT,8.83
STU01156,1,9.18,0,PASS,EXCELLENT,9.18
STU01156,2,7.87,0,PASS,GOOD,8.52
STU01156,3,8.35,0,PASS,GOOD,8.47
STU01156,4,7.76,0,PASS,GOOD,8.29
STU01156,5,8.34,0,PASS,GOOD,8.3
STU01156,6,7.66,0,PASS,GOOD,8.19
STU01157,1,6.03,0,PASS,AVERAGE,6.03
STU01157,2,6.53,0,PASS,AVERAGE,6.28
STU01157,3,6.58,0,PASS,AVERAGE,6.38
STU01157,4,6.97,0,PASS,AVERAGE,6.53
STU01157,5,6.97,0,PASS,AVERAGE,6.62
STU01158,1,5.88,0,PASS,AVERAGE,5.88
STU01158,2,5.37,0,PASS,AVERAGE,5.62
STU01159,1,9.4,0,PASS,EXCELLENT,9.4
STU01159,2,7.75,0,PASS,GOOD,8.57
STU01159,3,9.45,0,PASS,EXCELLENT,8.87
STU01159,4,7.78,0,PASS,GOOD,8.6
STU01159,5,8.75,0,PASS,EXCELLENT,8.63
STU01159,6,8.07,0,PASS,GOOD,8.53
STU01160,1,8.85,0,PASS,EXCELLENT,8.85
STU01160,2,6.89,0,PASS,AVERAGE,7.87
STU01160,3,7.46,0,PASS,GOOD,7.73
STU01160,4,7.21,0,PASS,GOOD,7.6
STU01160,5,8.04,0,PASS,GOOD,7.69
STU01161,1,3.78,1,PASS,AT_RISK,3.78
STU01161,2,4.5,0,PASS,AT_RISK,4.14
STU01161,3,3.02,3,FAIL,AT_RISK,3.77
STU01161,4,4.24,0,PASS,AT_RISK,3.88
STU01161,5,4.11,0,PASS,AT_RISK,3.93
STU01161,6,4.0,0,PASS,AT_RISK,3.94
STU01162,1,7.09,0,PASS,GOOD,7.09
STU01162,2,7.76,0,PASS,GOOD,7.42
STU01162,3,5.0,1,PASS,AVERAGE,6.62
STU01162,4,5.94,0,PASS,AVERAGE,6.45
STU01162,5,7.71,0,PASS,GOOD,6.7
STU01162,6,6.51,0,PASS,AVERAGE,6.67
STU01163,1,5.25,0,PASS,AVERAGE,5.25
STU01163,2,5.52,0,PASS,AVERAGE,5.38
STU01164,1,8.59,0,PASS,EXCELLENT,8.59
STU01164,2,6.87,0,PASS,AVERAGE,7.73
STU01164,3,10.0,0,PASS,EXCELLENT,8.49
STU01165,1,6.67,0,PASS,AVERAGE,6.67
STU01165,2,5.62,0,PASS,AVERAGE,6.14
STU01165,3,5.94,0,PASS,AVERAGE,6.08
STU01165,4,5.9,0,PASS,AVERAGE,6.03
STU01166,1,7.93,0,PASS,GOOD,7.93
STU01166,2,8.99,0,PASS,EXCELLENT,8.46
STU01167,1,8.38,0,PASS,GOOD,8.38
STU01167,2,7.44,0,PASS,GOOD,7.91
STU01168,1,5.75,0,PASS,AVERAGE,5.75
STU01168,2,4.89,0,PASS,AT_RISK,5.32
STU01168,3,7.13,0,PASS,GOOD,5.92
STU01169,1,4.25,0,PASS,AT_RISK,4.25
STU01169,2,5.59,0,PASS,AVERAGE,4.92
STU01169,3,3.88,0,PASS,AT_RISK,4.57
STU01170,1,8.38,0,PASS,GOOD,8.38
STU01170,2,7.9,0,PASS,GOOD,8.14
STU01170,3,6.7,0,PASS,AVERAGE,7.66
STU01170,4,8.57,0,PASS,EXCELLENT,7.89
STU01170,5,7.62,0,PASS,GOOD,7.83
STU01170,6,8.13,0,PASS,GOOD,7.88
STU01171,1,8.83,0,PASS,EXCELLENT,8.83
STU01171,2,6.02,0,PASS,AVERAGE,7.42
STU01171,3,9.5,0,PASS,EXCELLENT,8.12
STU01171,4,6.37,0,PASS,AVERAGE,7.68
STU01172,1,8.44,0,PASS,GOOD,8.44
STU01172,2,7.47,0,PASS,GOOD,7.96
STU01172,3,7.25,0,PASS,GOOD,7.72
STU01172,4,9.35,0,PASS,EXCELLENT,8.13
STU01172,5,8.51,0,PASS,EXCELLENT,8.2
STU01173,1,6.17,0,PASS,AVERAGE,6.17
STU01173,2,8.38,0,PASS,GOOD,7.28
STU01174,1,4.18,1,PASS,AT_RISK,4.18
STU01174,2,5.24,0,PASS,AVERAGE,4.71
STU01174,3,5.7,0,PASS,AVERAGE,5.04
STU01174,4,6.64,0,PASS,AVERAGE,5.44
STU01175,1,7.66,0,PASS,GOOD,7.66
STU01175,2,6.2,0,PASS,AVERAGE,6.93
STU01175,3,8.44,0,PASS,GOOD,7.43
STU01176,1,6.76,0,PASS,AVERAGE,6.76
STU01176,2,7.22,0,PASS,GOOD,6.99
STU01176,3,7.07,0,PASS,GOOD,7.02
STU01176,4,5.75,0,PASS,AVERAGE,6.7
STU01176,5,7.24,0,PASS,GOOD,6.81
STU01177,1,7.98,0,PASS,GOOD,7.98
STU01177,2,6.84,0,PASS,AVERAGE,7.41
STU01177,3,6.85,0,PASS,AVERAGE,7.22
STU01177,4,7.36,0,PASS,GOOD,7.26
STU01177,5,7.64,0,PASS,GOOD,7.33
STU01178,1,7.09,0,PASS,GOOD,7.09
STU01178,2,5.8,0,PASS,AVERAGE,6.44
STU01179,1,6.71,0,PASS,AVERAGE,6.71
STU01179,2,8.13,0,PASS,GOOD,7.42
STU01179,3,6.62,0,PASS,AVERAGE,7.15
STU01180,1,7.81,0,PASS,GOOD,7.81
STU01180,2,10.0,0,PASS,EXCELLENT,8.9
STU01180,3,8.21,0,PASS,GOOD,8.67
STU01180,4,8.1,0,PASS,GOOD,8.53
STU01181,1,8.98,0,PASS,EXCELLENT,8.98
STU01181,2,8.74,0,PASS,EXCELLENT,8.86
STU01182,1,6.48,0,PASS,AVERAGE,6.48
STU01182,2,6.82,0,PASS,AVERAGE,6.65
STU01182,3,6.87,0,PASS,AVERAGE,6.72
STU01182,4,6.76,0,PASS,AVERAGE,6.73
STU01183,1,7.29,0,PASS,GOOD,7.29
STU01183,2,7.72,0,PASS,GOOD,7.5
STU01183,3,7.09,0,PASS,GOOD,7.37
STU01183,4,7.7,0,PASS,GOOD,7.45
STU01183,5,7.94,0,PASS,GOOD,7.55
STU01183,6,6.14,0,PASS,AVERAGE,7.31
STU01184,1,4.95,0,PASS,AT_RISK,4.95
STU01184,2,5.96,0,PASS,AVERAGE,5.46
STU01184,3,5.35,0,PASS,AVERAGE,5.42
STU01184,4,5.94,0,PASS,AVERAGE,5.55
STU01184,5,4.37,0,PASS,AT_RISK,5.31
STU01184,6,6.83,0,PASS,AVERAGE,5.57
STU01185,1,6.47,0,PASS,AVERAGE,6.47
STU01185,2,7.78,0,PASS,GOOD,7.12
STU01185,3,7.38,0,PASS,GOOD,7.21
STU01185,4,5.11,0,PASS,AVERAGE,6.68
STU01185,5,5.36,0,PASS,AVERAGE,6.42
STU01185,6,7.19,0,PASS,GOOD,6.55
STU01186,1,5.2,0,PASS,AVERAGE,5.2
STU01186,2,5.22,0,PASS,AVERAGE,5.21
STU01186,3,7.61,0,PASS,GOOD,6.01
STU01186,4,6.59,0,PASS,AVERAGE,6.16
STU01186,5,6.61,0,PASS,AVERAGE,6.25
STU01187,1,7.49,0,PASS,GOOD,7.49
STU01187,2,6.28,0,PASS,AVERAGE,6.88
STU01187,3,7.13,0,PASS,GOOD,6.97
STU01187,4,7.56,0,PASS,GOOD,7.12
STU01187,5,7.12,0,PASS,GOOD,7.12
STU01187,6,5.33,0,PASS,AVERAGE,6.82
STU01188,1,5.15,0,PASS,AVERAGE,5.15
STU01188,2,3.67,2,FAIL,AT_RISK,4.41
STU01188,3,4.78,1,PASS,AT_RISK,4.53
STU01188,4,5.31,0,PASS,AVERAGE,4.73
STU01188,5,4.82,0,PASS,AT_RISK,4.75
STU01189,1,6.14,0,PASS,AVERAGE,6.14
STU01189,2,6.38,0,PASS,AVERAGE,6.26
STU01190,1,5.86,0,PASS,AVERAGE,5.86
STU01190,2,7.1,0,PASS,GOOD,6.48
STU01190,3,6.19,0,PASS,AVERAGE,6.38
STU01190,4,7.14,0,PASS,GOOD,6.57
STU01190,5,7.54,0,PASS,GOOD,6.77
STU01191,1,4.41,1,PASS,AT_RISK,4.41
STU01191,2,6.24,0,PASS,AVERAGE,5.32
STU01191,3,5.46,0,PASS,AVERAGE,5.37
STU01191,4,6.8,0,PASS,AVERAGE,5.73
STU01192,1,7.1,0,PASS,GOOD,7.1
STU01192,2,5.48,0,PASS,AVERAGE,6.29
STU01192,3,6.18,0,PASS,AVERAGE,6.25
STU01192,4,7.93,0,PASS,GOOD,6.67
STU01193,1,7.44,0,PASS,GOOD,7.44
STU01193,2,3.48,1,PASS,AT_RISK,5.46
STU01193,3,5.32,0,PASS,AVERAGE,5.41
STU01194,1,7.74,0,PASS,GOOD,7.74
STU01194,2,8.27,0,PASS,GOOD,8.0
STU01195,1,10.0,0,PASS,EXCELLENT,10.0
STU01195,2,8.16,0,PASS,GOOD,9.08
STU01195,3,7.64,0,PASS,GOOD,8.6
STU01195,4,9.05,0,PASS,EXCELLENT,8.71
STU01195,5,9.22,0,PASS,EXCELLENT,8.81
STU01196,1,9.93,0,PASS,EXCELLENT,9.93
STU01196,2,7.99,0,PASS,GOOD,8.96
STU01196,3,7.7,0,PASS,GOOD,8.54
STU01196,4,8.02,0,PASS,GOOD,8.41
STU01196,5,7.81,0,PASS,GOOD,8.29
STU01196,6,8.27,0,PASS,GOOD,8.29
STU01197,1,5.94,0,PASS,AVERAGE,5.94
STU01197,2,6.18,0,PASS,AVERAGE,6.06
STU01197,3,7.34,0,PASS,GOOD,6.49
STU01197,4,6.84,0,PASS,AVERAGE,6.58
STU01197,5,5.4,0,PASS,AVERAGE,6.34
STU01197,6,6.16,0,PASS,AVERAGE,6.31
STU01198,1,3.98,0,PASS,AT_RISK,3.98
STU01198,2,5.12,0,PASS,AVERAGE,4.55
STU01198,3,4.21,0,PASS,AT_RISK,4.44
STU01198,4,3.82,0,PASS,AT_RISK,4.28
STU01199,1,8.91,0,PASS,EXCELLENT,8.91
STU01199,2,8.65,0,PASS,EXCELLENT,8.78
STU01199,3,7.89,0,PASS,GOOD,8.48
STU01200,1,6.31,0,PASS,AVERAGE,6.31
STU01200,2,7.39,0,PASS,GOOD,6.85
STU01200,3,7.63,0,PASS,GOOD,7.11
STU01200,4,8.27,0,PASS,GOOD,7.4
