student_id,course_id,semester,internal_marks,assignment_marks,quiz_marks,lab_marks,final_marks
STU00001,EE304,1,50.0,25.0,15.0,25.0,86.59
STU00001,EE305,2,50.0,17.04,9.64,25.0,55.48
STU00001,EE304,3,50.0,20.46,15.0,25.0,53.82
STU00001,EE302,4,50.0,23.03,15.0,23.11,70.14
STU00001,EE304,5,50.0,25.0,10.87,25.0,62.11
STU00001,EE302,6,50.0,25.0,15.0,25.0,57.56
STU00002,EE301,1,38.96,25.0,15.0,24.43,67.3
STU00002,EE301,2,50.0,6.53,15.0,25.0,51.67
STU00002,EE301,3,45.06,19.2,12.41,25.0,59.2
STU00002,EE304,4,46.78,22.12,7.6,25.0,58.39
STU00002,EE303,5,42.51,23.74,15.0,25.0,57.35
STU00003,EC303,1,46.96,25.0,14.43,17.33,67.82
STU00003,EC301,2,50.0,25.0,9.66,20.95,55.3
STU00004,EE304,1,50.0,22.97,15.0,25.0,48.46
STU00004,EE304,2,50.0,19.8,10.47,25.0,66.79
STU00004,EE305,3,50.0,25.0,15.0,21.31,71.11
STU00004,EE303,4,50.0,25.0,15.0,25.0,54.19
STU00005,EC301,1,50.0,25.0,15.0,25.0,68.36
STU00005,EC303,2,50.0,25.0,12.19,18.29,55.49
STU00005,EC301,3,46.81,25.0,15.0,20.52,65.14
STU00006,CS304,1,49.87,25.0,15.0,25.0,63.9
STU00006,CS305,2,43.12,19.23,13.98,25.0,27.87
STU00007,IT302,1,42.3,25.0,10.97,25.0,54.7
STU00007,IT304,2,42.78,25.0,10.66,23.68,60.21
STU00008,CE301,1,48.28,13.49,15.0,25.0,61.98
STU00008,CE302,2,50.0,15.83,13.09,2.87,37.3
STU00008,CE302,3,45.81,25.0,6.21,25.0,49.72
STU00009,IT302,1,50.0,25.0,15.0,20.68,88.07
STU00009,IT304,2,50.0,24.66,13.92,25.0,66.75
STU00010,ME305,1,50.0,25.0,15.0,25.0,70.65
STU00010,ME304,2,50.0,25.0,15.0,25.0,69.5
STU00010,ME304,3,50.0,25.0,15.0,25.0,54.67
STU00010,ME304,4,50.0,25.0,15.0,25.0,67.48
STU00010,ME302,5,50.0,25.0,15.0,25.0,72.03
STU00010,ME301,6,50.0,25.0,15.0,25.0,57.21
STU00011,EE304,1,50.0,25.0,15.0,25.0,66.47
STU00011,EE302,2,50.0,25.0,15.0,24.1,74.25
STU00011,EE301,3,38.29,25.0,13.43,25.0,67.89
STU00011,EE301,4,45.52,25.0,15.0,25.0,43.23
STU00012,EE301,1,41.93,17.6,15.0,14.35,44.41
STU00012,EE304,2,50.0,23.08,8.71,25.0,47.51
STU00012,EE302,3,50.0,25.0,15.0,14.97,54.36
STU00012,EE305,4,47.97,25.0,12.82,25.0,29.56
STU00012,EE301,5,40.71,11.62,15.0,22.95,34.84
STU00013,EC302,1,36.24,14.96,11.77,14.3,38.93
STU00013,EC304,2,40.0,18.96,15.0,25.0,39.21
STU00013,EC305,3,50.0,18.76,15.0,22.38,82.52
STU00013,EC305,4,34.21,10.55,9.07,14.02,65.82
STU00013,EC305,5,50.0,24.28,7.12,19.37,35.07
STU00014,EE304,1,50.0,25.0,14.16,25.0,58.47
STU00014,EE304,2,50.0,25.0,13.59,25.0,77.45
STU00015,CE304,1,32.5,23.91,15.0,18.15,60.05
STU00015,CE304,2,39.41,20.88,15.0,20.11,62.42
STU00015,CE301,3,50.0,22.15,15.0,19.95,53.43
STU00015,CE305,4,42.76,20.55,15.0,21.05,55.87
STU00016,EC304,1,34.52,8.7,11.32,21.91,68.55
STU00016,EC302,2,50.0,11.45,15.0,23.83,43.45
STU00016,EC304,3,35.94,25.0,8.8,22.23,42.71
STU00017,EC305,1,41.1,25.0,15.0,17.02,60.54
STU00017,EC305,2,29.09,25.0,15.0,22.22,53.47
STU00018,IT305,1,50.0,25.0,15.0,25.0,86.55
STU00018,IT305,2,50.0,19.84,15.0,25.0,65.28
STU00018,IT304,3,50.0,25.0,15.0,25.0,52.37
STU00018,IT304,4,50.0,25.0,15.0,25.0,57.13
STU00018,IT305,5,50.0,25.0,15.0,25.0,63.89
STU00019,CS303,1,40.69,0.22,7.13,12.51,15.86
STU00019,CS301,2,35.97,6.83,6.22,17.67,18.08
STU00019,CS302,3,26.23,22.85,3.44,18.43,39.87
STU00019,CS303,4,24.77,22.08,5.32,6.29,14.07
STU00020,IT304,1,50.0,25.0,15.0,25.0,91.27
STU00020,IT304,2,50.0,25.0,15.0,25.0,75.82
STU00020,IT303,3,50.0,25.0,12.55,25.0,83.7
STU00020,IT303,4,50.0,25.0,15.0,25.0,69.32
STU00021,IT302,1,29.2,25.0,6.65,25.0,48.12
STU00021,IT303,2,50.0,18.32,15.0,14.77,41.78
STU00021,IT301,3,43.68,25.0,14.5,9.57,33.48
STU00022,EE303,1,42.7,22.52,15.0,23.61,46.85
STU00022,EE301,2,25.72,11.04,15.0,18.37,49.52
STU00023,CS304,1,50.0,25.0,15.0,25.0,77.86
STU00023,CS305,2,50.0,17.86,15.0,25.0,63.78
STU00024,EE301,1,50.0,25.0,10.61,19.52,45.6
STU00024,EE305,2,46.19,25.0,8.23,25.0,46.42
STU00024,EE303,3,48.52,24.07,15.0,18.22,42.61
STU00024,EE305,4,38.95,16.22,15.0,18.73,56.58
STU00025,ME305,1,43.94,23.02,15.0,25.0,43.84
STU00025,ME304,2,36.71,22.25,12.33,25.0,76.28
STU00025,ME302,3,46.62,18.17,15.0,25.0,55.81
STU00025,ME304,4,39.86,21.71,15.0,15.78,50.38
STU00026,CE305,1,50.0,25.0,15.0,24.28,60.69
STU00026,CE303,2,50.0,23.0,15.0,25.0,45.74
STU00026,CE302,3,50.0,25.0,15.0,22.8,80.64
STU00027,EC305,1,39.11,14.51,4.67,23.69,48.82
STU00027,EC303,2,36.51,20.16,9.87,20.57,26.0
STU00028,CS303,1,50.0,25.0,15.0,25.0,67.41
STU00028,CS302,2,40.13,25.0,12.5,25.0,51.07
STU00029,ME301,1,37.86,18.37,4.4,15.11,34.17
STU00029,ME303,2,32.66,1.1,8.0,11.3,22.19
STU00029,ME305,3,43.38,21.87,9.53,11.51,42.59
STU00029,ME304,4,42.65,16.78,15.0,11.26,55.04
STU00029,ME303,5,35.49,11.38,9.11,25.0,54.94
STU00029,ME303,6,28.47,3.71,11.23,19.28,28.41
STU00030,EE305,1,50.0,25.0,15.0,25.0,76.65
STU00030,EE302,2,50.0,25.0,15.0,25.0,57.99
STU00030,EE304,3,33.8,25.0,9.13,25.0,52.61
STU00030,EE305,4,50.0,25.0,11.42,25.0,60.12
STU00030,EE305,5,50.0,25.0,15.0,25.0,71.21
STU00031,IT305,1,50.0,25.0,15.0,25.0,61.7
STU00031,IT305,2,50.0,25.0,15.0,21.1,68.11
STU00032,CS304,1,50.0,25.0,15.0,25.0,63.56
STU00032,CS305,2,47.54,25.0,11.62,25.0,55.2
STU00032,CS305,3,50.0,25.0,15.0,25.0,49.52
STU00033,EC302,1,48.56,25.0,9.55,16.42,74.82
STU00033,EC304,2,50.0,25.0,11.59,25.0,67.47
STU00033,EC302,3,50.0,25.0,15.0,25.0,62.82
STU00033,EC303,4,43.33,23.09,6.57,24.47,43.82
STU00033,EC304,5,41.21,25.0,10.12,23.71,62.28
STU00033,EC301,6,35.78,25.0,14.94,25.0,58.37
STU00034,ME303,1,50.0,22.06,12.87,18.56,80.94
STU00034,ME302,2,50.0,22.26,15.0,21.96,85.69
STU00034,ME305,3,50.0,25.0,15.0,25.0,86.48
STU00034,ME304,4,50.0,25.0,13.42,25.0,79.49
STU00034,ME301,5,42.94,25.0,12.34,25.0,41.28
STU00035,EC301,1,50.0,25.0,15.0,25.0,83.18
STU00035,EC303,2,50.0,25.0,15.0,25.0,89.58
STU00035,EC304,3,50.0,25.0,15.0,25.0,78.08
STU00036,ME301,1,41.82,10.9,0.41,20.96,71.31
STU00036,ME302,2,34.64,20.5,12.78,14.62,53.3
STU00036,ME302,3,37.17,25.0,13.55,18.48,51.21
STU00036,ME303,4,34.51,14.36,10.24,18.97,47.75
STU00036,ME305,5,35.96,10.16,14.18,25.0,56.02
STU00037,EE304,1,41.58,23.73,14.32,22.55,55.32
STU00037,EE301,2,32.77,20.96,7.67,11.72,56.58
STU00038,EC305,1,50.0,25.0,15.0,25.0,46.44
STU00038,EC301,2,44.34,24.94,15.0,17.92,38.75
STU00038,EC303,3,50.0,25.0,13.25,25.0,50.85
STU00038,EC304,4,45.52,25.0,12.3,25.0,59.75
STU00039,EC301,1,50.0,25.0,15.0,25.0,88.1
STU00039,EC305,2,50.0,25.0,15.0,25.0,68.43
STU00039,EC304,3,50.0,25.0,15.0,25.0,63.61
STU00040,CE305,1,50.0,25.0,10.59,21.51,53.42
STU00040,CE303,2,50.0,23.78,7.02,24.91,42.21
STU00040,CE305,3,50.0,24.2,15.0,25.0,28.9
STU00041,CS304,1,48.36,19.17,12.17,25.0,75.86
STU00041,CS302,2,49.04,25.0,11.15,25.0,54.37
STU00041,CS302,3,50.0,22.32,15.0,25.0,38.8
STU00042,CE304,1,50.0,25.0,15.0,25.0,99.5
STU00042,CE303,2,50.0,25.0,15.0,25.0,96.46
STU00042,CE304,3,50.0,25.0,15.0,25.0,92.57
STU00042,CE301,4,50.0,25.0,15.0,25.0,100.0
STU00043,CE304,1,47.36,14.62,15.0,22.58,43.25
STU00043,CE302,2,46.14,25.0,10.48,25.0,66.48
STU00043,CE302,3,49.52,25.0,15.0,20.96,75.2
STU00043,CE304,4,50.0,23.81,15.0,25.0,38.53
STU00043,CE303,5,50.0,25.0,7.39,25.0,48.47
STU00043,CE305,6,50.0,25.0,15.0,23.58,47.35
STU00044,EC302,1,50.0,25.0,15.0,25.0,63.83
STU00044,EC305,2,50.0,25.0,15.0,25.0,69.53
STU00045,EE303,1,50.0,21.49,13.92,25.0,60.8
STU00045,EE305,2,49.47,25.0,15.0,25.0,65.26
STU00045,EE304,3,44.9,25.0,15.0,20.34,59.73
STU00045,EE301,4,50.0,25.0,15.0,25.0,66.4
STU00046,CS303,1,50.0,19.08,15.0,25.0,56.63
STU00046,CS302,2,47.7,25.0,15.0,24.69,53.65
STU00046,CS302,3,50.0,25.0,13.52,25.0,57.76
STU00046,CS304,4,50.0,25.0,14.38,25.0,52.35
STU00047,CE301,1,49.19,23.54,15.0,25.0,57.14
STU00047,CE301,2,43.38,15.46,15.0,21.56,23.45
STU00047,CE304,3,50.0,19.24,15.0,20.73,58.39
STU00047,CE303,4,47.87,25.0,12.25,20.19,49.29
STU00047,CE301,5,50.0,25.0,12.85,21.27,50.36
STU00048,IT305,1,50.0,7.82,15.0,22.82,37.47
STU00048,IT303,2,50.0,25.0,15.0,25.0,40.21
STU00048,IT305,3,50.0,25.0,15.0,23.01,61.77
STU00048,IT304,4,47.26,16.9,15.0,17.72,68.56
STU00049,ME302,1,34.64,25.0,14.65,25.0,59.8
STU00049,ME302,2,50.0,25.0,11.91,16.67,35.6
STU00050,CE302,1,50.0,25.0,15.0,25.0,53.51
STU00050,CE303,2,50.0,25.0,14.09,25.0,69.51
STU00050,CE301,3,50.0,25.0,15.0,25.0,68.54
STU00050,CE302,4,40.85,25.0,15.0,25.0,51.87
STU00050,CE305,5,50.0,20.54,15.0,25.0,56.16
STU00051,CS304,1,50.0,11.05,15.0,13.31,64.14
STU00051,CS302,2,43.8,25.0,15.0,25.0,45.0
STU00051,CS302,3,35.47,19.14,13.84,24.97,42.03
STU00051,CS303,4,42.65,22.52,13.53,21.07,48.64
STU00052,IT304,1,50.0,23.31,15.0,14.63,39.94
STU00052,IT302,2,50.0,11.45,11.72,19.33,46.01
STU00053,CS305,1,50.0,13.6,0.0,18.32,57.73
STU00053,CS301,2,50.0,9.51,13.29,22.84,57.55
STU00053,CS305,3,45.66,17.45,13.91,19.86,58.03
STU00053,CS301,4,34.71,25.0,1.34,25.0,57.19
STU00053,CS302,5,45.07,20.66,11.03,19.13,42.18
STU00054,IT301,1,46.66,25.0,15.0,20.44,60.62
STU00054,IT305,2,50.0,25.0,15.0,21.23,60.91
STU00054,IT305,3,50.0,24.89,10.64,24.1,46.79
STU00055,EC301,1,34.85,11.7,13.75,23.05,19.42
STU00055,EC302,2,32.46,3.39,13.63,9.98,39.43
STU00055,EC301,3,50.0,25.0,11.5,14.47,48.4
STU00056,ME304,1,50.0,25.0,14.1,25.0,80.09
STU00056,ME302,2,50.0,25.0,15.0,25.0,74.59
STU00056,ME302,3,50.0,25.0,15.0,25.0,83.35
STU00056,ME303,4,50.0,25.0,15.0,25.0,99.83
STU00056,ME304,5,50.0,25.0,15.0,25.0,92.21
STU00057,EE302,1,42.14,25.0,15.0,24.91,58.82
STU00057,EE303,2,32.23,25.0,15.0,17.7,40.92
STU00057,EE304,3,43.26,25.0,11.14,22.13,51.84
STU00057,EE304,4,23.16,21.77,15.0,25.0,51.12
STU00057,EE301,5,50.0,25.0,15.0,23.23,59.43
STU00058,CS302,1,50.0,25.0,15.0,25.0,83.3
STU00058,CS302,2,50.0,25.0,15.0,25.0,83.14
STU00058,CS305,3,50.0,25.0,15.0,25.0,94.05
STU00058,CS301,4,50.0,25.0,15.0,25.0,82.19
STU00059,EE302,1,50.0,25.0,15.0,25.0,51.32
STU00059,EE304,2,50.0,25.0,15.0,25.0,80.14
STU00059,EE304,3,50.0,25.0,15.0,25.0,66.38
STU00059,EE305,4,50.0,25.0,15.0,25.0,72.22
STU00059,EE301,5,50.0,25.0,15.0,25.0,70.07
STU00060,IT301,1,50.0,19.43,15.0,25.0,82.59
STU00060,IT303,2,50.0,25.0,12.11,25.0,75.07
STU00060,IT304,3,50.0,23.06,15.0,25.0,78.18
STU00060,IT305,4,50.0,25.0,14.58,25.0,88.13
STU00060,IT301,5,50.0,25.0,15.0,25.0,60.79
STU00060,IT305,6,-5.0,25.0,15.0,25.0,79.36
STU00061,IT304,1,50.0,25.0,15.0,25.0,79.44
STU00061,IT302,2,50.0,25.0,15.0,25.0,81.7
STU00061,IT305,3,50.0,25.0,15.0,25.0,84.48
STU00061,IT303,4,50.0,25.0,15.0,25.0,61.32
STU00062,EC304,1,47.76,25.0,15.0,25.0,57.23
STU00062,EC304,2,46.24,10.41,15.0,22.61,46.28
STU00062,EC301,3,38.68,25.0,15.0,23.27,58.35
STU00062,EC305,4,50.0,21.08,15.0,22.27,36.15
STU00062,EC302,5,50.0,25.0,15.0,23.33,40.72
STU00062,EC301,6,50.0,25.0,11.5,24.1,45.54
STU00063,ME302,1,38.41,9.44,7.14,13.56,46.0
STU00063,ME303,2,50.0,25.0,5.25,24.56,53.25
STU00064,IT303,1,40.49,22.88,13.12,21.37,26.36
STU00064,IT305,2,42.67,23.03,11.1,25.0,38.26
STU00064,IT305,3,34.72,18.1,15.0,16.4,22.99
STU00064,IT304,4,40.42,21.08,10.24,14.32,33.99
STU00064,IT303,5,50.0,14.96,12.61,22.02,47.94
STU00065,EC305,1,50.0,25.0,15.0,25.0,85.02
STU00065,EC301,2,50.0,25.0,12.79,25.0,64.87
STU00065,EC302,3,50.0,25.0,15.0,20.95,71.98
STU00066,CE302,1,50.0,25.0,15.0,25.0,83.08
STU00066,CE304,2,50.0,22.7,12.68,25.0,78.03
STU00066,CE302,3,44.34,25.0,15.0,25.0,100.0
STU00067,CE301,1,50.0,22.1,15.0,24.46,73.37
STU00067,CE301,2,48.83,25.0,14.46,22.47,64.1
STU00067,CE303,3,50.0,25.0,10.08,18.74,89.16
STU00067,CE304,4,50.0,25.0,12.94,25.0,55.6
STU00067,CE301,5,50.0,25.0,15.0,21.33,63.11
STU00068,ME303,1,50.0,25.0,15.0,25.0,88.37
STU00068,ME302,2,50.0,25.0,15.0,25.0,74.38
STU00069,CE302,1,50.0,25.0,15.0,25.0,68.65
STU00069,CE305,2,50.0,25.0,15.0,25.0,83.33
STU00069,CE305,3,50.0,25.0,15.0,25.0,81.06
STU00070,EE305,1,46.98,22.79,14.4,25.0,60.43
STU00070,EE304,2,40.85,15.47,9.58,14.87,38.16
STU00070,EE302,3,50.0,24.98,15.0,17.46,57.83
STU00070,EE301,4,34.76,25.0,8.1,24.19,31.17
STU00070,EE301,5,48.05,23.23,10.15,15.36,24.02
STU00070,EE301,6,40.1,19.1,15.0,23.42,51.37
STU00071,ME305,1,40.32,19.4,13.87,25.0,58.18
STU00071,ME303,2,50.0,25.0,13.45,25.0,46.94
STU00071,ME301,3,45.18,10.54,14.04,7.74,52.7
STU00071,ME304,4,31.15,25.0,15.0,20.36,57.34
STU00072,ME303,1,50.0,25.0,15.0,25.0,77.87
STU00072,ME303,2,50.0,15.49,15.0,25.0,59.95
STU00072,ME305,3,50.0,25.0,15.0,25.0,64.66
STU00072,ME303,4,50.0,25.0,15.0,25.0,79.22
STU00072,ME302,5,50.0,25.0,15.0,25.0,70.87
STU00073,IT303,1,37.97,18.72,8.86,13.4,41.59
STU00073,IT301,2,42.08,15.24,15.0,10.46,42.75
STU00073,IT301,3,41.5,8.75,12.3,16.18,58.05
STU00073,IT303,4,50.0,25.0,15.0,23.39,51.79
STU00074,IT304,1,50.0,25.0,10.62,23.93,36.1
STU00074,IT301,2,33.75,25.0,15.0,25.0,38.59
STU00074,IT302,3,26.57,14.1,6.75,14.58,34.03
STU00075,IT303,1,50.0,25.0,15.0,25.0,69.99
STU00075,IT301,2,50.0,25.0,15.0,25.0,68.71
STU00075,IT304,3,50.0,25.0,15.0,25.0,49.5
STU00075,IT303,4,50.0,25.0,15.0,25.0,78.06
STU00075,IT303,5,49.97,25.0,15.0,25.0,75.82
STU00076,IT305,1,49.75,25.0,15.0,25.0,70.88
STU00076,IT304,2,50.0,25.0,15.0,25.0,75.52
STU00076,IT304,3,50.0,25.0,15.0,25.0,61.12
STU00076,IT303,4,50.0,18.49,15.0,25.0,60.98
STU00077,IT304,1,50.0,14.93,15.0,25.0,64.13
STU00077,IT305,2,50.0,18.59,11.68,22.69,52.18
STU00078,IT304,1,44.26,7.53,12.2,12.7,70.32
STU00078,IT301,2,43.62,22.76,15.0,25.0,49.94
STU00078,IT304,3,50.0,25.0,15.0,21.35,43.93
STU00078,IT302,4,40.43,7.56,8.25,18.43,69.13
STU00078,IT305,5,37.59,20.26,15.0,13.19,29.71
STU00079,ME304,1,50.0,18.32,10.88,25.0,25.48
STU00079,ME301,2,20.73,16.95,15.0,15.67,48.62
STU00079,ME303,3,48.62,22.66,10.0,22.91,56.49
STU00079,ME302,4,30.78,16.6,11.49,16.86,68.74
STU00080,CE305,1,40.73,21.21,10.47,12.78,52.45
STU00080,CE303,2,50.0,23.28,15.0,17.47,70.4
STU00080,CE305,3,44.99,8.09,7.53,20.75,52.31
STU00081,EE305,1,34.81,20.77,6.38,25.0,52.13
STU00081,EE305,2,50.0,25.0,7.05,20.0,24.11
STU00082,CS301,1,37.78,25.0,15.0,23.17,45.0
STU00082,CS305,2,45.44,23.36,15.0,12.88,69.89
STU00082,CS303,3,50.0,24.62,15.0,25.0,41.82
STU00082,CS305,4,43.24,25.0,15.0,20.09,45.53
STU00082,CS305,5,45.29,17.06,6.44,16.91,55.39
STU00083,EC304,1,40.07,12.97,13.19,25.0,54.91
STU00083,EC302,2,41.44,19.96,7.8,22.22,67.77
STU00084,CE301,1,50.0,13.84,15.0,25.0,71.33
STU00084,CE303,2,27.52,25.0,3.91,19.98,54.62
STU00085,CE304,1,38.14,25.0,15.0,25.0,64.3
STU00085,CE305,2,30.18,18.87,9.85,25.0,37.5
STU00085,CE303,3,37.47,25.0,15.0,22.31,45.09
STU00085,CE302,4,50.0,13.76,14.45,25.0,50.25
STU00085,CE301,5,49.06,17.41,14.67,11.4,57.34
STU00085,CE301,6,37.16,17.56,15.0,25.0,47.24
STU00086,CS301,1,50.0,25.0,15.0,25.0,74.52
STU00086,CS304,2,50.0,25.0,15.0,25.0,85.36
STU00086,CS301,3,50.0,25.0,15.0,25.0,55.15
STU00086,CS304,4,50.0,25.0,15.0,25.0,73.74
STU00086,CS304,5,50.0,25.0,15.0,25.0,90.39
STU00086,CS303,6,50.0,25.0,15.0,25.0,74.15
STU00087,CS303,1,41.89,25.0,15.0,16.59,76.55
STU00087,CS302,2,50.0,25.0,15.0,24.41,45.15
STU00087,CS301,3,50.0,24.9,12.92,23.82,62.61
STU00087,CS301,4,50.0,19.0,9.75,15.74,35.94
STU00087,CS302,5,50.0,25.0,15.0,18.69,74.88
STU00088,EE304,1,30.98,25.0,15.0,20.04,54.03
STU00088,EE302,2,38.79,7.73,7.25,18.32,40.8
STU00088,EE305,3,33.89,22.21,14.11,19.94,40.52
STU00089,IT303,1,39.54,19.99,15.0,17.82,44.08
STU00089,IT302,2,40.15,22.27,15.0,25.0,29.37
STU00090,ME301,1,50.0,25.0,15.0,25.0,81.49
STU00090,ME302,2,50.0,25.0,15.0,25.0,57.13
STU00090,ME304,3,50.0,25.0,15.0,14.3,95.46
STU00090,ME304,4,50.0,25.0,15.0,25.0,54.79
STU00090,ME304,5,50.0,25.0,13.82,25.0,55.41
STU00091,EE303,1,45.21,23.78,9.48,21.14,72.21
STU00091,EE301,2,50.0,20.48,15.0,25.0,63.63
STU00091,EE301,3,48.87,24.59,12.03,15.99,57.72
STU00092,EC304,1,26.47,24.14,15.0,16.33,51.98
STU00092,EC305,2,50.0,17.03,6.79,19.91,71.71
STU00092,EC301,3,31.05,25.0,15.0,25.0,37.14
STU00092,EC304,4,32.51,25.0,14.23,25.0,64.49
STU00092,EC305,5,50.0,8.22,12.5,24.94,48.37
STU00093,EC301,1,38.1,15.1,9.99,21.18,35.44
STU00093,EC304,2,18.04,16.75,4.68,10.91,22.97
STU00093,EC305,3,30.12,5.68,5.36,9.23,47.63
STU00094,CS304,1,45.96,11.01,15.0,19.84,36.87
STU00094,CS301,2,28.52,12.36,15.0,9.72,34.62
STU00094,CS305,3,42.25,10.92,9.27,24.99,50.33
STU00094,CS304,4,27.11,11.98,14.51,8.56,32.01
STU00095,CS302,1,50.0,25.0,15.0,25.0,56.64
STU00095,CS302,2,50.0,25.0,15.0,25.0,67.5
STU00096,IT304,1,40.65,25.0,15.0,25.0,57.29
STU00096,IT305,2,50.0,25.0,15.0,25.0,76.5
STU00096,IT305,3,50.0,25.0,15.0,23.0,61.31
STU00096,IT305,4,50.0,25.0,15.0,25.0,76.1
STU00097,CE303,1,50.0,23.06,15.0,25.0,43.71
STU00097,CE304,2,50.0,24.89,7.59,16.72,58.08
STU00097,CE304,3,47.6,23.87,15.0,25.0,35.05
STU00098,CS302,1,38.84,25.0,13.77,17.73,68.06
STU00098,CS301,2,47.55,24.84,15.0,25.0,68.34
STU00098,CS302,3,46.42,25.0,15.0,25.0,60.94
STU00098,CS302,4,50.0,25.0,15.0,24.97,76.2
STU00098,CS305,5,50.0,25.0,15.0,25.0,57.2
STU00098,CS301,6,50.0,25.0,15.0,23.59,52.25
STU00099,EE303,1,50.0,25.0,15.0,25.0,63.91
STU00099,EE302,2,44.94,17.52,11.14,25.0,53.1
STU00099,EE301,3,48.49,25.0,12.95,25.0,48.64
STU00099,EE303,4,50.0,25.0,15.0,25.0,55.77
STU00099,EE302,5,50.0,25.0,15.0,20.18,52.17
STU00100,CE301,1,38.27,25.0,6.54,25.0,59.56
STU00100,CE303,2,49.1,25.0,7.86,20.14,47.8
STU00100,CE301,3,37.55,22.28,12.32,20.1,40.88
STU00100,CE301,4,46.08,14.65,6.01,17.89,63.92
STU00100,CE304,5,46.24,9.42,8.95,21.94,56.06
STU00100,CE303,6,49.9,16.73,3.86,19.97,61.64
STU00101,EC305,1,50.0,16.25,15.0,20.91,66.68
STU00101,EC302,2,50.0,16.93,6.21,22.3,49.72
STU00102,ME304,1,-5.0,25.0,14.58,25.0,65.76
STU00102,ME301,2,50.0,25.0,15.0,25.0,44.22
STU00103,ME305,1,45.25,25.0,15.0,25.0,51.04
STU00103,ME305,2,43.74,20.2,14.22,23.04,67.8
STU00103,ME305,3,43.49,25.0,15.0,13.14,78.58
STU00103,ME302,4,50.0,25.0,15.0,25.0,61.22
STU00103,ME302,5,50.0,9.91,15.0,21.19,77.48
STU00103,ME302,6,30.38,24.68,4.3,22.56,74.12
STU00104,ME305,1,50.0,11.37,15.0,25.0,74.94
STU00104,ME301,2,50.0,25.0,15.0,25.0,66.29
STU00104,ME303,3,50.0,24.84,15.0,25.0,76.97
STU00104,ME302,4,50.0,25.0,15.0,25.0,59.08
STU00104,ME302,5,50.0,25.0,15.0,25.0,72.06
STU00105,CS301,1,50.0,25.0,15.0,20.76,58.29
STU00105,CS304,2,46.06,24.26,7.36,25.0,56.15
STU00105,CS303,3,41.09,8.13,11.37,20.35,56.89
STU00105,CS301,4,50.0,22.74,15.0,19.85,36.1
STU00105,CS303,5,49.72,18.05,12.65,22.61,31.28
STU00106,EC302,1,50.0,25.0,15.0,25.0,55.24
STU00106,EC305,2,41.1,25.0,12.23,25.0,62.92
STU00106,EC302,3,50.0,23.91,15.0,25.0,64.59
STU00106,EC304,4,50.0,25.0,15.0,25.0,84.23
STU00107,EE304,1,50.0,25.0,15.0,25.0,67.36
STU00107,EE301,2,50.0,25.0,15.0,25.0,63.1
STU00107,EE302,3,50.0,24.86,10.19,25.0,60.51
STU00107,EE305,4,50.0,25.0,15.0,25.0,56.17
STU00107,EE301,5,50.0,25.0,15.0,25.0,81.73
STU00108,EC304,1,36.13,17.2,3.85,9.58,22.79
STU00108,EC304,2,20.85,13.7,6.61,20.28,12.12
STU00108,EC304,3,14.75,0.0,13.52,15.46,48.57
STU00108,EC302,4,31.06,4.5,15.0,11.83,40.48
STU00109,IT303,1,47.29,25.0,15.0,25.0,71.26
STU00109,IT304,2,50.0,25.0,15.0,25.0,73.77
STU00109,IT303,3,50.0,25.0,15.0,25.0,70.24
STU00109,IT301,4,50.0,25.0,12.37,25.0,46.7
STU00109,IT305,5,50.0,21.35,15.0,25.0,61.61
STU00109,IT304,6,50.0,25.0,11.74,25.0,85.44
STU00110,CS305,1,27.12,12.88,15.0,11.86,24.61
STU00110,CS303,2,23.7,23.17,13.74,17.25,55.86
STU00110,CS302,3,38.44,25.0,6.44,15.13,56.22
STU00111,ME301,1,50.0,25.0,15.0,25.0,45.81
STU00111,ME304,2,50.0,25.0,14.48,25.0,65.18
STU00112,CS305,1,40.92,25.0,15.0,25.0,58.31
STU00112,CS302,2,50.0,23.81,15.0,24.84,62.59
STU00112,CS305,3,50.0,25.0,15.0,13.76,86.7
STU00112,CS305,4,50.0,23.74,14.77,23.87,45.01
STU00112,CS302,5,50.0,25.0,10.01,22.59,50.63
STU00112,CS301,6,50.0,25.0,15.0,25.0,57.58
STU00113,EE303,1,45.74,25.0,14.49,10.27,44.61
STU00113,EE305,2,35.83,14.04,14.93,16.9,50.05
STU00113,EE301,3,38.96,25.0,15.0,20.33,44.73
STU00114,IT305,1,50.0,23.43,15.0,25.0,83.69
STU00114,IT301,2,50.0,21.48,11.08,20.27,73.68
STU00114,IT301,3,48.75,25.0,15.0,25.0,70.38
STU00114,IT303,4,50.0,25.0,15.0,21.21,78.38
STU00115,ME303,1,50.0,21.64,15.0,25.0,61.83
STU00115,ME305,2,44.13,25.0,4.57,18.53,45.58
STU00115,ME303,3,50.0,25.0,15.0,25.0,42.85
STU00115,ME303,4,47.62,25.0,15.0,20.3,51.24
STU00115,ME304,5,38.89,25.0,15.0,22.38,59.11
STU00116,CE303,1,45.79,22.73,15.0,18.02,77.25
STU00116,CE303,2,48.0,25.0,13.4,25.0,63.98
STU00117,EC302,1,35.96,24.99,6.89,25.0,34.58
STU00117,EC304,2,50.0,20.5,9.26,18.6,55.04
STU00118,ME301,1,-5.0,25.0,15.0,25.0,93.06
STU00118,ME302,2,50.0,25.0,15.0,25.0,57.59
STU00119,EC304,1,50.0,25.0,15.0,25.0,45.37
STU00119,EC303,2,50.0,12.18,15.0,23.24,59.15
STU00119,EC305,3,48.55,25.0,11.35,25.0,62.75
STU00120,EE305,1,50.0,25.0,15.0,25.0,31.8
STU00120,EE304,2,50.0,25.0,15.0,25.0,86.17
STU00120,EE304,3,50.0,25.0,15.0,25.0,92.63
STU00120,EE302,4,50.0,25.0,15.0,25.0,64.88
STU00121,CE302,1,50.0,20.18,15.0,21.79,69.58
STU00121,CE304,2,50.0,22.67,11.36,25.0,51.71
STU00121,CE305,3,50.0,25.0,15.0,25.0,67.39
STU00121,CE302,4,50.0,25.0,15.0,25.0,78.15
STU00121,CE304,5,50.0,25.0,15.0,25.0,89.93
STU00121,CE302,6,50.0,25.0,15.0,8.55,63.8
STU00122,IT305,1,50.0,25.0,15.0,19.0,53.18
STU00122,IT301,2,50.0,25.0,12.82,24.58,39.74
STU00123,EE305,1,44.37,25.0,7.27,25.0,46.66
STU00123,EE301,2,40.23,25.0,8.84,23.07,67.0
STU00123,EE301,3,28.3,25.0,14.63,25.0,41.5
STU00123,EE303,4,50.0,22.45,15.0,20.69,29.56
STU00124,EE303,1,46.96,25.0,7.76,16.87,73.69
STU00124,EE301,2,43.98,24.0,15.0,25.0,59.79
STU00124,EE302,3,50.0,25.0,13.13,25.0,61.47
STU00124,EE301,4,50.0,25.0,15.0,25.0,52.22
STU00125,EC302,1,26.72,10.16,15.0,11.55,24.7
STU00125,EC304,2,11.33,11.76,6.47,18.34,2.88
STU00125,EC301,3,38.77,22.11,9.93,14.62,28.66
STU00125,EC301,4,32.65,15.21,10.02,12.34,71.3
STU00126,CS304,1,48.3,17.44,15.0,25.0,65.84
STU00126,CS305,2,50.0,23.8,15.0,17.27,34.72
STU00126,CS303,3,34.33,25.0,15.0,19.86,37.14
STU00126,CS304,4,34.03,24.08,9.21,19.1,65.25
STU00126,CS302,5,41.03,25.0,15.0,25.0,53.01
STU00127,CS304,1,38.96,24.29,15.0,12.14,74.61
STU00127,CS303,2,50.0,15.49,15.0,24.06,57.19
STU00127,CS305,3,47.11,25.0,15.0,25.0,65.68
STU00127,CS304,4,50.0,25.0,13.58,19.11,54.72
STU00127,CS304,5,47.93,25.0,15.0,24.8,44.1
STU00128,EE301,1,33.03,18.12,15.0,25.0,57.14
STU00128,EE303,2,50.0,11.81,15.0,25.0,65.7
STU00128,EE302,3,45.38,23.54,13.64,15.73,54.94
STU00128,EE305,4,-5.0,25.0,15.0,25.0,56.05
STU00128,EE305,5,50.0,25.0,12.23,25.0,39.71
STU00128,EE305,6,50.0,17.85,15.0,25.0,65.36
STU00129,IT305,1,50.0,22.87,15.0,25.0,87.09
STU00129,IT305,2,50.0,25.0,15.0,25.0,62.55
STU00129,IT304,3,50.0,25.0,15.0,25.0,86.07
STU00130,CS305,1,50.0,25.0,9.81,25.0,66.33
STU00130,CS301,2,50.0,25.0,12.24,25.0,93.02
STU00131,CE302,1,16.95,25.0,8.27,12.66,43.42
STU00131,CE301,2,31.71,15.28,10.84,15.95,20.39
STU00131,CE304,3,29.12,4.91,8.17,17.85,52.83
STU00132,EC301,1,50.0,25.0,11.8,23.71,56.18
STU00132,EC304,2,50.0,14.28,15.0,25.0,65.09
STU00132,EC304,3,47.05,25.0,15.0,24.61,53.81
STU00132,EC305,4,45.95,19.27,15.0,25.0,91.37
STU00132,EC304,5,50.0,25.0,15.0,22.33,54.54
STU00133,IT301,1,50.0,25.0,7.66,12.5,50.98
STU00133,IT305,2,50.0,9.93,12.33,24.9,41.47
STU00134,ME302,1,37.74,25.0,10.8,15.72,57.33
STU00134,ME303,2,49.04,25.0,9.95,14.64,46.97
STU00134,ME302,3,46.14,22.84,9.94,17.72,31.83
STU00134,ME304,4,31.94,17.8,14.56,24.4,57.72
STU00135,EC305,1,38.81,25.0,15.0,25.0,55.88
STU00135,EC302,2,45.99,14.78,15.0,25.0,45.51
STU00136,EC303,1,36.47,10.17,15.0,25.0,38.56
STU00136,EC301,2,38.18,12.21,15.0,25.0,78.96
STU00137,ME304,1,28.75,18.42,7.52,21.82,52.03
STU00137,ME303,2,30.29,24.24,15.0,20.61,21.75
STU00137,ME301,3,42.0,19.82,9.68,15.99,50.0
STU00138,CS302,1,29.95,17.47,15.0,14.55,45.33
STU00138,CS304,2,43.63,20.94,5.64,25.0,45.59
STU00138,CS301,3,23.04,15.61,10.35,20.92,57.39
STU00139,CE303,1,42.2,25.0,6.99,22.47,53.47
STU00139,CE305,2,50.0,25.0,15.0,25.0,50.95
STU00140,EC304,1,50.0,25.0,11.1,25.0,40.33
STU00140,EC304,2,42.34,18.56,15.0,25.0,67.18
STU00141,CE303,1,33.47,25.0,15.0,20.96,62.49
STU00141,CE302,2,42.58,21.87,5.44,25.0,49.15
STU00142,ME305,1,50.0,19.61,15.0,16.38,70.62
STU00142,ME304,2,50.0,20.6,15.0,23.27,33.11
STU00142,ME305,3,50.0,24.32,15.0,25.0,56.58
STU00142,ME302,4,48.03,25.0,12.28,25.0,71.03
STU00143,EE302,1,49.29,19.69,6.0,25.0,51.05
STU00143,EE305,2,50.0,25.0,9.6,19.58,34.77
STU00143,EE305,3,24.78,21.09,14.21,22.74,43.29
STU00143,EE301,4,40.96,25.0,11.83,21.12,41.42
STU00143,EE304,5,21.03,25.0,13.42,23.81,38.67
STU00143,EE302,6,46.36,12.31,12.1,17.33,20.87
STU00144,EE304,1,44.28,10.99,0.0,16.99,39.08
STU00144,EE305,2,23.03,21.88,14.14,10.91,22.74
STU00145,CE303,1,50.0,23.16,12.94,22.41,66.77
STU00145,CE305,2,36.64,20.59,7.68,25.0,71.53
STU00145,CE301,3,50.0,25.0,11.38,25.0,39.59
STU00145,CE305,4,46.82,25.0,13.69,25.0,38.72
STU00145,CE303,5,50.0,25.0,15.0,17.08,51.23
STU00146,CS301,1,32.17,5.78,9.21,25.0,46.09
STU00146,CS305,2,5.78,23.52,15.0,11.9,30.77
STU00146,CS304,3,27.94,16.01,11.43,14.09,32.57
STU00146,CS305,4,27.03,21.51,9.32,19.17,55.01
STU00146,CS303,5,27.5,17.95,8.36,13.29,12.46
STU00147,EC303,1,44.31,25.0,11.78,25.0,59.16
STU00147,EC303,2,48.55,25.0,15.0,22.45,23.35
STU00147,EC302,3,50.0,25.0,14.6,25.0,55.77
STU00147,EC305,4,50.0,21.1,15.0,20.27,57.43
STU00147,EC301,5,36.03,25.0,15.0,25.0,49.65
STU00148,IT305,1,50.0,25.0,15.0,25.0,78.48
STU00148,IT301,2,50.0,25.0,12.3,25.0,65.34
STU00149,CS304,1,50.0,25.0,15.0,23.54,56.24
STU00149,CS304,2,50.0,19.91,15.0,25.0,65.09
STU00149,CS301,3,-5.0,25.0,12.46,23.54,54.98
STU00150,CE301,1,47.85,25.0,13.29,20.29,49.37
STU00150,CE304,2,38.53,23.88,6.91,13.12,57.14
STU00150,CE304,3,36.37,25.0,7.46,22.56,40.23
STU00150,CE301,4,50.0,16.86,7.22,24.38,48.91
STU00150,CE304,5,45.99,25.0,10.06,25.0,37.11
STU00151,EE304,1,46.16,25.0,11.92,24.57,45.43
STU00151,EE302,2,44.72,22.0,11.19,20.38,83.89
STU00151,EE303,3,38.35,25.0,15.0,21.84,19.06
STU00152,ME301,1,50.0,16.68,15.0,25.0,77.06
STU00152,ME302,2,50.0,25.0,11.86,25.0,75.36
STU00152,ME304,3,50.0,25.0,15.0,22.3,92.28
STU00153,EE303,1,38.26,12.07,15.0,9.92,24.25
STU00153,EE305,2,19.34,3.3,0.0,12.78,31.69
STU00154,CS302,1,26.82,11.51,6.18,12.19,31.16
STU00154,CS301,2,23.39,4.78,11.57,11.2,39.65
STU00155,CE305,1,25.3,10.13,0.0,13.86,32.75
STU00155,CE302,2,17.79,23.54,9.77,22.52,34.64
STU00155,CE305,3,30.35,0.0,15.0,10.56,41.55
STU00155,CE301,4,39.11,2.85,12.81,9.37,50.51
STU00155,CE301,5,37.99,17.13,15.0,18.39,23.88
STU00155,CE303,6,42.98,4.9,15.0,25.0,19.63
STU00156,CE303,1,50.0,16.89,9.66,25.0,63.77
STU00156,CE301,2,50.0,25.0,15.0,23.68,88.73
STU00156,CE305,3,50.0,25.0,14.17,25.0,63.47
STU00156,CE301,4,50.0,25.0,15.0,22.57,82.94
STU00156,CE301,5,50.0,25.0,15.0,25.0,67.14
STU00156,CE304,6,46.16,25.0,11.28,21.87,55.89
STU00157,IT301,1,50.0,18.27,14.18,25.0,56.01
STU00157,IT304,2,46.93,25.0,15.0,25.0,83.52
STU00157,IT305,3,30.56,20.02,6.31,21.58,59.64
STU00157,IT302,4,50.0,25.0,15.0,25.0,80.04
STU00158,ME304,1,50.0,25.0,15.0,25.0,86.3
STU00158,ME303,2,50.0,25.0,15.0,25.0,100.0
STU00158,ME304,3,50.0,25.0,12.99,25.0,81.48
STU00158,ME303,4,50.0,25.0,15.0,25.0,77.66
STU00159,EC301,1,-5.0,25.0,15.0,22.09,61.56
STU00159,EC304,2,49.34,25.0,10.72,25.0,49.95
STU00159,EC302,3,50.0,18.46,15.0,22.08,58.21
STU00159,EC302,4,50.0,25.0,12.58,25.0,79.06
STU00159,EC303,5,50.0,23.48,15.0,25.0,51.07
STU00159,EC301,6,50.0,25.0,15.0,25.0,67.79
STU00160,CE304,1,42.89,20.01,10.9,25.0,61.87
STU00160,CE305,2,50.0,16.66,7.59,25.0,49.15
STU00160,CE303,3,50.0,22.75,8.65,25.0,53.33
STU00160,CE301,4,48.09,13.32,15.0,25.0,47.51
STU00160,CE302,5,41.16,20.7,15.0,9.15,54.7
STU00161,EC303,1,50.0,25.0,7.91,25.0,46.02
STU00161,EC301,2,41.45,13.74,9.25,13.02,50.96
STU00162,CE304,1,50.0,25.0,14.89,19.0,65.96
STU00162,CE301,2,32.72,25.0,15.0,23.77,61.86
STU00163,CS304,1,50.0,25.0,15.0,25.0,49.17
STU00163,CS301,2,50.0,15.84,15.0,23.2,57.46
STU00164,EE304,1,50.0,25.0,15.0,25.0,63.03
STU00164,EE303,2,50.0,25.0,14.5,18.44,57.79
STU00165,ME301,1,32.2,25.0,15.0,18.89,43.29
STU00165,ME305,2,33.2,12.85,10.74,17.27,43.53
STU00166,ME304,1,50.0,25.0,15.0,25.0,79.76
STU00166,ME301,2,50.0,25.0,15.0,25.0,65.12
STU00166,ME302,3,50.0,25.0,15.0,25.0,48.92
STU00166,ME304,4,50.0,25.0,15.0,23.79,63.85
STU00167,IT304,1,40.23,20.33,15.0,19.15,40.15
STU00167,IT303,2,32.92,14.88,15.0,25.0,50.24
STU00167,IT304,3,43.37,22.39,13.93,24.25,69.82
STU00167,IT305,4,50.0,25.0,15.0,16.75,50.21
STU00167,IT301,5,50.0,25.0,5.52,25.0,37.31
STU00168,EC305,1,28.56,23.04,8.37,18.54,52.12
STU00168,EC305,2,43.1,23.81,11.95,9.91,50.05
STU00169,CE302,1,46.87,22.8,15.0,25.0,56.84
STU00169,CE303,2,50.0,10.22,9.72,20.51,65.07
STU00169,CE304,3,40.0,25.0,10.21,25.0,72.86
STU00169,CE302,4,50.0,25.0,11.64,24.84,45.37
STU00169,CE302,5,50.0,19.66,15.0,25.0,48.95
STU00169,CE301,6,50.0,25.0,15.0,14.27,41.49
STU00170,ME305,1,36.71,21.28,14.82,25.0,91.05
STU00170,ME305,2,46.8,25.0,15.0,21.32,65.64
STU00170,ME303,3,44.07,25.0,9.64,25.0,57.97
STU00170,ME302,4,50.0,22.15,14.96,25.0,52.62
STU00171,EC305,1,40.93,25.0,15.0,23.82,45.09
STU00171,EC303,2,50.0,25.0,9.85,25.0,37.75
STU00171,EC301,3,28.49,20.88,13.69,19.91,30.21
STU00171,EC301,4,47.82,16.89,11.87,13.71,47.86
STU00172,EC305,1,50.0,25.0,15.0,25.0,71.47
STU00172,EC304,2,50.0,25.0,15.0,25.0,61.69
STU00172,EC302,3,50.0,25.0,15.0,25.0,70.67
STU00172,EC302,4,50.0,20.32,15.0,25.0,66.49
STU00172,EC303,5,50.0,25.0,11.41,25.0,76.04
STU00172,EC304,6,50.0,25.0,15.0,25.0,100.0
STU00173,CE303,1,49.84,13.52,15.0,25.0,54.83
STU00173,CE305,2,48.89,25.0,15.0,19.99,57.16
STU00173,CE304,3,46.92,25.0,15.0,22.25,75.2
STU00173,CE302,4,50.0,25.0,10.37,25.0,60.59
STU00173,CE304,5,49.25,21.4,10.45,25.0,66.55
STU00173,CE304,6,50.0,25.0,15.0,22.48,54.09
STU00174,ME302,1,50.0,21.99,10.73,15.06,48.54
STU00174,ME304,2,41.48,25.0,15.0,18.82,47.0
STU00175,CS304,1,41.6,22.89,15.0,20.92,63.23
STU00175,CS304,2,50.0,22.09,15.0,25.0,57.18
STU00175,CS304,3,38.05,21.1,8.37,25.0,70.54
STU00176,EE303,1,50.0,25.0,12.05,18.39,58.95
STU00176,EE301,2,50.0,25.0,15.0,25.0,54.47
STU00177,CS305,1,50.0,25.0,15.0,24.73,61.13
STU00177,CS302,2,50.0,21.5,15.0,25.0,30.95
STU00178,EE302,1,50.0,25.0,15.0,25.0,54.11
STU00178,EE301,2,50.0,25.0,13.2,25.0,50.01
STU00178,EE302,3,50.0,19.14,10.94,11.68,77.37
STU00178,EE303,4,39.82,25.0,8.3,20.76,32.01
STU00178,EE302,5,46.67,25.0,15.0,20.58,63.98
STU00179,IT303,1,50.0,17.82,8.09,23.73,55.92
STU00179,IT302,2,40.43,19.12,15.0,17.97,80.58
STU00179,IT301,3,36.07,17.79,14.01,12.72,51.55
STU00180,EC301,1,50.0,25.0,15.0,25.0,76.61
STU00180,EC302,2,50.0,19.46,15.0,20.83,53.46
STU00180,EC301,3,50.0,23.81,15.0,25.0,54.47
STU00180,EC302,4,50.0,20.2,15.0,24.67,57.78
STU00181,EE302,1,50.0,25.0,15.0,25.0,59.11
STU00181,EE303,2,50.0,25.0,15.0,25.0,60.02
STU00181,EE305,3,50.0,25.0,9.57,24.96,73.33
STU00181,EE301,4,50.0,25.0,15.0,25.0,90.44
STU00181,EE302,5,50.0,25.0,10.76,25.0,51.02
STU00182,ME302,1,50.0,23.41,9.47,25.0,89.22
STU00182,ME303,2,50.0,25.0,15.0,25.0,150.0
STU00182,ME305,3,50.0,25.0,15.0,25.0,79.57
STU00183,CS301,1,33.73,18.63,6.49,25.0,49.76
STU00183,CS305,2,39.34,20.43,15.0,19.35,49.96
STU00183,CS302,3,50.0,25.0,15.0,25.0,66.18
STU00184,EC301,1,50.0,25.0,12.53,25.0,62.9
STU00184,EC302,2,50.0,25.0,11.17,21.06,66.1
STU00184,EC302,3,50.0,17.0,12.14,14.29,52.84
STU00185,ME305,1,50.0,25.0,10.66,21.45,74.64
STU00185,ME302,2,50.0,25.0,15.0,25.0,81.46
STU00185,ME305,3,50.0,25.0,15.0,15.88,77.5
STU00185,ME304,4,50.0,25.0,15.0,25.0,67.15
STU00185,ME302,5,50.0,15.16,15.0,25.0,57.31
STU00186,CE305,1,36.2,12.25,4.0,17.07,39.33
STU00186,CE304,2,35.43,1.82,12.8,12.51,42.82
STU00186,CE303,3,-5.0,12.5,14.47,15.77,30.76
STU00186,CE305,4,42.4,19.74,15.0,17.94,38.65
STU00187,IT302,1,39.89,25.0,0.0,24.7,50.02
STU00187,IT304,2,50.0,17.16,15.0,25.0,39.08
STU00187,IT304,3,36.95,19.5,14.75,21.98,56.18
STU00188,CE304,1,47.15,20.01,12.81,22.39,59.24
STU00188,CE305,2,40.28,25.0,12.24,25.0,40.83
STU00188,CE303,3,28.57,24.51,14.21,22.91,63.89
STU00188,CE305,4,33.49,24.38,14.36,25.0,41.87
STU00189,EE301,1,50.0,14.46,3.81,14.66,38.17
STU00189,EE304,2,44.16,1.18,9.24,25.0,37.86
STU00189,EE302,3,24.85,25.0,11.49,21.46,30.47
STU00190,IT305,1,40.61,16.33,10.17,25.0,42.01
STU00190,IT304,2,37.97,25.0,15.0,25.0,71.4
STU00190,IT304,3,44.71,25.0,15.0,21.42,41.68
STU00190,IT304,4,46.73,25.0,12.25,25.0,41.12
STU00190,IT304,5,50.0,25.0,13.19,25.0,36.88
STU00191,EE304,1,23.84,7.89,9.45,12.22,22.85
STU00191,EE302,2,25.36,17.11,11.12,0.0,45.01
STU00191,EE302,3,31.49,1.11,3.25,23.97,21.61
STU00191,EE301,4,25.38,16.45,11.22,18.98,46.89
STU00192,CS303,1,50.0,25.0,15.0,25.0,49.54
STU00192,CS303,2,50.0,25.0,13.92,25.0,54.94
STU00193,CE301,1,50.0,25.0,14.3,19.89,32.99
STU00193,CE303,2,50.0,25.0,15.0,18.46,31.86
STU00194,IT302,1,47.23,17.99,11.89,18.17,37.51
STU00194,IT302,2,32.3,12.52,10.41,17.37,42.75
STU00194,IT303,3,12.95,24.46,9.55,17.03,49.14
STU00194,IT303,4,44.47,12.11,12.34,3.49,46.91
STU00194,IT305,5,13.61,20.21,4.28,14.62,29.78
STU00194,IT305,6,34.33,12.45,2.99,15.95,14.07
STU00195,IT303,1,43.6,24.87,7.6,25.0,77.35
STU00195,IT303,2,50.0,21.89,15.0,23.75,50.67
STU00196,CE305,1,47.15,15.84,5.35,16.52,44.41
STU00196,CE304,2,37.01,17.21,15.0,25.0,41.12
STU00196,CE304,3,42.07,25.0,10.33,18.8,48.34
STU00196,CE302,4,44.46,21.91,15.0,18.57,35.5
STU00196,CE304,5,50.0,0.74,11.2,25.0,46.26
STU00197,IT305,1,46.78,23.5,15.0,25.0,62.59
STU00197,IT304,2,32.58,25.0,15.0,17.48,62.1
STU00197,IT301,3,40.62,12.65,15.0,25.0,61.04
STU00197,IT302,4,47.36,24.82,15.0,25.0,69.53
STU00197,IT304,5,50.0,25.0,15.0,25.0,41.68
STU00197,IT304,6,46.18,25.0,8.53,20.22,71.66
STU00198,CE301,1,36.87,13.46,12.79,17.22,64.61
STU00198,CE302,2,29.26,25.0,15.0,20.89,63.17
STU00198,CE303,3,43.65,15.14,15.0,16.53,45.58
STU00198,CE304,4,44.41,20.16,10.09,23.97,36.61
STU00198,CE303,5,41.68,22.71,0.0,16.22,42.1
STU00198,CE304,6,45.67,15.45,10.11,16.24,38.02
STU00199,CS305,1,47.63,13.01,15.0,23.21,64.41
STU00199,CS303,2,19.35,19.61,9.18,19.03,53.53
STU00199,CS305,3,47.9,16.29,11.07,21.88,55.19
STU00199,CS302,4,50.0,19.98,8.03,22.96,52.91
STU00199,CS303,5,44.72,4.88,13.06,17.25,32.13
STU00200,CS302,1,38.68,21.46,15.0,25.0,61.85
STU00200,CS301,2,40.55,25.0,12.98,25.0,68.49
STU00200,CS302,3,35.91,18.36,15.0,18.39,47.43
STU00200,CS301,4,33.93,21.23,15.0,25.0,59.04
STU00200,CS305,5,50.0,24.12,13.84,25.0,33.85
STU00201,ME301,1,50.0,25.0,15.0,25.0,100.0
STU00201,ME301,2,50.0,25.0,15.0,25.0,97.32
STU00201,ME301,3,50.0,25.0,15.0,25.0,68.82
STU00201,ME301,4,50.0,25.0,15.0,25.0,100.0
STU00202,EC301,1,50.0,25.0,15.0,25.0,46.93
STU00202,EC303,2,50.0,25.0,15.0,25.0,51.5
STU00202,EC302,3,49.19,25.0,15.0,18.58,55.31
STU00203,EC301,1,45.35,19.51,15.0,25.0,71.66
STU00203,EC301,2,47.85,24.46,11.14,18.02,46.61
STU00203,EC305,3,50.0,25.0,13.74,22.07,54.29
STU00203,EC302,4,48.75,17.62,15.0,22.93,48.68
STU00203,EC304,5,50.0,25.0,9.58,23.82,44.19
STU00203,EC302,6,37.79,17.41,8.01,18.08,17.79
STU00204,EC305,1,39.3,25.0,15.0,17.3,62.55
STU00204,EC304,2,45.27,20.08,15.0,20.74,58.64
STU00204,EC304,3,50.0,25.0,6.26,25.0,50.63
STU00205,EE302,1,42.65,14.49,2.5,12.42,16.23
STU00205,EE304,2,31.44,13.39,13.07,20.04,38.1
STU00205,EE302,3,28.2,12.14,5.76,18.14,49.81
STU00206,CE302,1,50.0,25.0,11.18,25.0,85.05
STU00206,CE303,2,50.0,25.0,15.0,19.17,72.35
STU00206,CE301,3,50.0,25.0,15.0,22.51,80.63
STU00206,CE304,4,50.0,25.0,15.0,25.0,88.54
STU00206,CE304,5,50.0,25.0,15.0,25.0,76.63
STU00206,CE305,6,50.0,25.0,10.02,25.0,62.84
STU00207,CE304,1,50.0,25.0,15.0,25.0,79.84
STU00207,CE304,2,50.0,25.0,15.0,24.05,58.1
STU00207,CE301,3,50.0,25.0,14.81,25.0,58.81
STU00207,CE304,4,50.0,25.0,4.32,23.68,38.43
STU00207,CE303,5,39.53,25.0,14.17,25.0,77.11
STU00207,CE305,6,50.0,25.0,15.0,25.0,42.87
STU00208,EE302,1,41.1,12.61,6.22,17.63,38.95
STU00208,EE305,2,31.42,20.91,12.86,11.15,56.77
STU00208,EE304,3,37.08,25.0,15.0,16.46,35.29
STU00208,EE302,4,50.0,15.29,15.0,17.0,54.16
STU00208,EE304,5,35.65,12.82,15.0,19.55,38.95
STU00209,CS302,1,38.64,25.0,15.0,18.85,53.01
STU00209,CS305,2,50.0,16.58,9.28,22.49,56.23
STU00209,CS301,3,50.0,21.84,15.0,25.0,62.89
STU00210,IT304,1,50.0,25.0,15.0,16.37,55.31
STU00210,IT303,2,44.49,15.42,13.0,25.0,56.48
STU00210,IT301,3,46.2,22.02,7.73,25.0,52.15
STU00210,IT304,4,50.0,25.0,15.0,14.94,92.69
STU00210,IT302,5,50.0,25.0,11.41,22.73,70.23
STU00211,IT305,1,29.46,15.72,9.11,6.78,39.44
STU00211,IT304,2,28.84,15.38,9.38,20.73,40.47
STU00211,IT301,3,24.61,9.13,6.85,12.06,40.1
STU00212,CE303,1,49.93,25.0,15.0,25.0,40.69
STU00212,CE302,2,50.0,25.0,15.0,25.0,91.49
STU00212,CE301,3,50.0,25.0,15.0,25.0,53.42
STU00212,CE303,4,50.0,24.43,10.87,25.0,60.46
STU00212,CE302,5,49.51,25.0,15.0,25.0,68.01
STU00213,CE304,1,29.75,23.48,15.0,18.44,46.2
STU00213,CE301,2,39.57,25.0,15.0,25.0,44.84
STU00213,CE305,3,40.65,25.0,15.0,18.7,47.61
STU00213,CE304,4,50.0,25.0,15.0,25.0,52.96
STU00213,CE304,5,50.0,25.0,7.79,25.0,47.52
STU00214,ME302,1,49.41,19.93,15.0,16.29,41.29
STU00214,ME305,2,50.0,20.12,11.53,21.58,45.7
STU00214,ME302,3,45.98,14.45,5.98,22.13,45.15
STU00215,CS305,1,26.09,16.95,11.76,22.44,14.66
STU00215,CS302,2,28.96,8.5,6.02,11.18,40.61
STU00216,IT303,1,50.0,25.0,15.0,23.62,46.64
STU00216,IT304,2,43.51,25.0,15.0,25.0,61.31
STU00217,CE302,1,50.0,25.0,15.0,25.0,96.11
STU00217,CE305,2,50.0,25.0,15.0,25.0,84.73
STU00217,CE304,3,50.0,25.0,15.0,25.0,64.53
STU00218,ME301,1,50.0,25.0,15.0,24.65,52.32
STU00218,ME303,2,50.0,22.87,15.0,24.42,71.64
STU00218,ME301,3,50.0,22.67,15.0,25.0,47.01
STU00218,ME301,4,50.0,15.95,15.0,22.92,55.25
STU00218,ME302,5,50.0,22.98,6.13,25.0,49.49
STU00218,ME303,6,50.0,25.0,15.0,24.29,55.62
STU00219,EC301,1,50.0,25.0,15.0,25.0,100.0
STU00219,EC304,2,50.0,25.0,15.0,25.0,73.15
STU00219,EC301,3,50.0,25.0,15.0,25.0,68.53
STU00220,CS301,1,50.0,25.0,15.0,25.0,71.59
STU00220,CS301,2,50.0,25.0,13.5,20.49,56.14
STU00220,CS302,3,48.94,25.0,15.0,25.0,77.33
STU00221,IT305,1,45.81,25.0,15.0,25.0,58.72
STU00221,IT303,2,50.0,25.0,15.0,25.0,53.51
STU00221,IT305,3,50.0,25.0,3.82,25.0,72.51
STU00221,IT305,4,50.0,25.0,14.87,25.0,57.94
STU00221,IT305,5,37.4,25.0,14.26,25.0,80.11
STU00222,ME301,1,38.86,18.15,10.3,16.2,54.4
STU00222,ME302,2,41.41,23.11,15.0,10.29,62.85
STU00222,ME303,3,36.14,18.74,6.4,9.84,50.54
STU00222,ME302,4,48.36,25.0,12.35,16.78,53.36
STU00222,ME304,5,47.96,11.03,5.45,25.0,28.2
STU00223,CS304,1,50.0,20.16,9.36,25.0,78.42
STU00223,CS304,2,50.0,25.0,15.0,25.0,76.28
STU00224,CE303,1,50.0,25.0,15.0,25.0,87.22
STU00224,CE301,2,50.0,25.0,15.0,25.0,58.38
STU00225,EE304,1,47.44,25.0,15.0,25.0,70.05
STU00225,EE305,2,-5.0,18.96,15.0,21.68,83.03
STU00225,EE301,3,50.0,25.0,15.0,23.52,62.58
STU00226,EC301,1,50.0,25.0,14.49,25.0,70.78
STU00226,EC304,2,50.0,25.0,15.0,25.0,66.91
STU00226,EC303,3,50.0,25.0,11.08,25.0,86.72
STU00226,EC303,4,50.0,17.13,15.0,25.0,74.97
STU00227,CE303,1,44.09,25.0,15.0,13.54,33.11
STU00227,CE305,2,43.09,25.0,10.91,25.0,37.9
STU00228,EC305,1,50.0,25.0,15.0,25.0,57.34
STU00228,EC305,2,50.0,17.29,15.0,25.0,68.01
STU00228,EC302,3,50.0,25.0,13.49,25.0,78.94
STU00228,EC305,4,50.0,25.0,15.0,25.0,79.55
STU00228,EC303,5,50.0,25.0,15.0,25.0,63.53
STU00229,IT302,1,50.0,25.0,15.0,25.0,76.35
STU00229,IT301,2,50.0,25.0,15.0,25.0,73.1
STU00229,IT303,3,50.0,25.0,10.0,18.53,66.07
STU00229,IT303,4,50.0,25.0,15.0,20.6,73.53
STU00229,IT302,5,50.0,25.0,9.49,25.0,73.43
STU00230,CS301,1,45.06,25.0,12.59,25.0,58.93
STU00230,CS305,2,50.0,17.65,9.14,17.46,78.33
STU00230,CS303,3,50.0,17.36,15.0,21.66,44.59
STU00231,ME303,1,43.88,24.92,13.0,25.0,72.14
STU00231,ME305,2,36.09,22.07,8.17,25.0,34.77
STU00231,ME303,3,46.08,16.03,15.0,22.65,39.12
STU00231,ME302,4,44.58,25.0,8.82,22.06,48.59
STU00232,EC302,1,29.93,15.45,15.0,10.45,34.44
STU00232,EC305,2,32.8,22.1,2.73,15.25,42.28
STU00232,EC302,3,46.81,23.15,5.89,19.27,38.11
STU00232,EC305,4,42.29,15.85,15.0,13.36,31.36
STU00233,CS303,1,49.89,25.0,15.0,25.0,47.41
STU00233,CS304,2,48.67,16.94,14.01,25.0,59.29
STU00233,CS301,3,48.14,18.19,6.52,20.62,53.29
STU00233,CS301,4,50.0,25.0,12.84,25.0,59.17
STU00233,CS301,5,49.8,25.0,15.0,25.0,64.92
STU00233,CS302,6,47.35,14.64,15.0,24.67,53.31
STU00234,ME302,1,41.89,22.77,13.86,15.16,67.26
STU00234,ME302,2,44.8,17.77,15.0,25.0,62.14
STU00235,ME304,1,50.0,25.0,15.0,25.0,83.71
STU00235,ME302,2,50.0,25.0,15.0,25.0,93.37
STU00235,ME302,3,50.0,25.0,15.0,25.0,80.91
STU00235,ME302,4,50.0,25.0,15.0,25.0,100.0
STU00235,ME303,5,50.0,25.0,15.0,25.0,58.7
STU00236,EE304,1,45.12,25.0,15.0,25.0,82.44
STU00236,EE303,2,50.0,21.95,15.0,25.0,56.15
STU00236,EE301,3,48.13,22.61,15.0,25.0,61.07
STU00236,EE304,4,50.0,25.0,15.0,22.98,57.06
STU00236,EE302,5,43.46,25.0,15.0,19.63,58.81
STU00236,EE304,6,47.65,19.04,13.44,25.0,53.62
STU00237,CE305,1,36.05,25.0,6.36,7.57,48.36
STU00237,CE302,2,14.46,15.22,15.0,15.57,35.06
STU00237,CE301,3,39.07,24.63,3.8,12.88,55.5
STU00237,CE304,4,28.75,15.53,12.49,17.29,52.21
STU00237,CE303,5,20.94,18.56,10.79,22.35,41.77
STU00237,CE305,6,29.3,9.94,14.96,18.03,40.78
STU00238,EE304,1,25.88,14.83,15.0,17.87,29.73
STU00238,EE303,2,38.69,7.0,15.0,24.14,36.31
STU00238,EE303,3,37.05,25.0,15.0,14.47,57.91
STU00238,EE305,4,38.19,25.0,12.82,15.42,53.93
STU00239,IT303,1,42.21,25.0,6.64,25.0,77.06
STU00239,IT304,2,50.0,25.0,15.0,13.52,65.56
STU00240,ME302,1,50.0,25.0,15.0,25.0,55.68
STU00240,ME301,2,50.0,25.0,11.94,24.68,78.46
STU00240,ME304,3,50.0,25.0,15.0,25.0,71.87
STU00241,EC304,1,50.0,25.0,13.74,21.67,54.29
STU00241,EC304,2,36.22,23.82,2.78,25.0,58.24
STU00241,EC303,3,45.02,23.62,15.0,13.64,46.44
STU00241,EC304,4,39.98,24.96,9.54,16.49,25.54
STU00241,EC301,5,33.95,15.61,9.97,24.84,40.77
STU00242,CE302,1,50.0,25.0,15.0,25.0,66.0
STU00242,CE304,2,50.0,25.0,15.0,25.0,66.58
STU00242,CE303,3,50.0,23.69,14.89,25.0,76.31
STU00242,CE303,4,50.0,25.0,15.0,25.0,64.35
STU00242,CE304,5,50.0,25.0,12.26,25.0,70.4
STU00242,CE302,6,50.0,25.0,10.66,25.0,65.07
STU00243,EE301,1,50.0,17.34,15.0,22.78,62.47
STU00243,EE301,2,49.77,13.72,15.0,11.31,41.71
STU00243,EE303,3,25.79,22.69,14.84,25.0,51.38
STU00243,EE302,4,31.51,25.0,12.67,25.0,44.17
STU00243,EE302,5,36.6,14.0,15.0,25.0,50.72
STU00244,EE301,1,45.79,17.59,14.7,16.02,50.93
STU00244,EE304,2,24.76,25.0,15.0,17.23,36.12
STU00245,ME301,1,34.72,25.0,14.5,21.8,60.18
STU00245,ME304,2,38.23,25.0,7.18,20.9,54.41
STU00245,ME304,3,50.0,25.0,10.49,10.39,54.79
STU00245,ME303,4,32.17,25.0,10.75,20.69,46.66
STU00245,ME305,5,36.54,25.0,15.0,20.42,45.95
STU00245,ME304,6,30.93,25.0,8.22,20.68,68.06
STU00246,CS305,1,36.12,1.03,13.26,20.71,30.58
STU00246,CS302,2,30.55,19.43,7.65,2.26,49.55
STU00247,IT304,1,16.64,18.23,9.48,18.55,26.76
STU00247,IT301,2,38.72,10.2,10.65,11.68,34.94
STU00247,IT304,3,21.71,25.0,15.0,14.15,29.17
STU00248,IT301,1,50.0,23.97,15.0,25.0,80.5
STU00248,IT305,2,50.0,25.0,15.0,25.0,97.96
STU00249,ME304,1,50.0,25.0,15.0,25.0,62.06
STU00249,ME302,2,50.0,25.0,13.54,21.52,76.67
STU00249,ME302,3,50.0,21.43,15.0,25.0,59.81
STU00249,ME302,4,50.0,25.0,15.0,25.0,66.39
STU00250,EE305,1,35.84,20.02,9.58,19.16,25.65
STU00250,EE304,2,37.92,6.92,7.89,18.64,34.56
STU00250,EE302,3,33.96,16.63,9.67,11.41,31.76
STU00251,ME302,1,49.27,10.2,15.0,18.06,47.07
STU00251,ME303,2,24.7,20.23,14.21,22.83,40.63
STU00252,EE305,1,50.0,21.6,15.0,25.0,49.16
STU00252,EE302,2,50.0,25.0,13.37,25.0,55.87
STU00252,EE303,3,47.69,22.68,15.0,25.0,57.1
STU00252,EE304,4,50.0,13.97,15.0,25.0,75.23
STU00252,EE303,5,40.99,20.66,15.0,24.49,59.61
STU00253,CS301,1,50.0,25.0,15.0,25.0,60.13
STU00253,CS304,2,50.0,25.0,15.0,25.0,71.93
STU00253,CS301,3,50.0,25.0,14.51,25.0,91.27
STU00253,CS301,4,50.0,25.0,15.0,25.0,73.01
STU00254,ME305,1,32.26,19.08,11.58,12.24,46.46
STU00254,ME301,2,39.74,11.2,8.4,20.54,62.88
STU00255,ME301,1,50.0,25.0,15.0,22.78,55.48
STU00255,ME305,2,50.0,15.12,9.24,25.0,55.33
STU00255,ME304,3,48.03,22.3,15.0,17.93,150.0
STU00255,ME303,4,45.31,22.76,15.0,25.0,65.99
STU00255,ME303,5,50.0,25.0,15.0,25.0,57.39
STU00255,ME303,6,50.0,20.88,13.85,25.0,42.42
STU00256,IT303,1,43.97,25.0,15.0,18.81,41.04
STU00256,IT304,2,50.0,14.2,4.27,19.63,72.82
STU00256,IT303,3,40.55,21.65,15.0,25.0,53.93
STU00257,EE301,1,50.0,25.0,11.45,23.3,70.5
STU00257,EE304,2,50.0,22.91,12.24,25.0,72.39
STU00258,EC305,1,26.1,17.85,10.06,24.13,49.53
STU00258,EC305,2,35.0,25.0,13.54,24.94,28.62
STU00259,EC303,1,50.0,25.0,15.0,25.0,81.99
STU00259,EC305,2,50.0,25.0,11.68,25.0,77.5
STU00259,EC305,3,50.0,25.0,15.0,25.0,76.81
STU00260,EE301,1,50.0,25.0,13.66,15.42,54.68
STU00260,EE301,2,50.0,25.0,15.0,22.31,62.06
STU00260,EE301,3,50.0,22.58,10.89,20.65,65.82
STU00261,EC302,1,50.0,25.0,8.04,24.47,51.75
STU00261,EC304,2,50.0,25.0,15.0,22.92,47.18
STU00261,EC303,3,50.0,25.0,15.0,25.0,43.45
STU00261,EC304,4,27.44,17.91,14.3,25.0,63.14
STU00261,EC304,5,30.64,20.07,10.58,21.5,61.82
STU00262,EE302,1,50.0,25.0,15.0,25.0,85.26
STU00262,EE305,2,50.0,25.0,15.0,25.0,47.39
STU00262,EE302,3,50.0,25.0,15.0,25.0,58.06
STU00262,EE301,4,50.0,25.0,15.0,25.0,78.26
STU00262,EE305,5,50.0,25.0,15.0,25.0,72.58
STU00262,EE302,6,50.0,18.69,15.0,25.0,81.46
STU00263,CE304,1,50.0,25.0,15.0,25.0,87.48
STU00263,CE302,2,50.0,25.0,12.34,24.72,72.17
STU00264,CE301,1,50.0,25.0,15.0,25.0,56.84
STU00264,CE304,2,50.0,25.0,6.82,23.98,44.89
STU00264,CE302,3,39.16,25.0,0.65,25.0,59.41
STU00265,ME303,1,50.0,25.0,15.0,25.0,80.26
STU00265,ME303,2,50.0,25.0,11.05,25.0,89.03
STU00265,ME301,3,49.93,25.0,15.0,25.0,62.1
STU00265,ME305,4,-5.0,25.0,15.0,25.0,69.28
STU00265,ME301,5,50.0,25.0,15.0,25.0,64.39
STU00266,IT305,1,50.0,25.0,15.0,25.0,67.79
STU00266,IT303,2,50.0,25.0,14.75,24.85,51.83
STU00266,IT304,3,50.0,25.0,15.0,25.0,56.81
STU00267,IT302,1,50.0,25.0,15.0,24.68,55.0
STU00267,IT301,2,50.0,25.0,15.0,25.0,74.25
STU00267,IT301,3,50.0,25.0,12.81,24.62,84.55
STU00268,ME303,1,50.0,25.0,11.93,25.0,69.65
STU00268,ME301,2,50.0,25.0,14.32,25.0,70.94
STU00269,EC303,1,50.0,20.65,15.0,18.31,45.92
STU00269,EC305,2,44.56,24.2,15.0,22.37,58.97
STU00269,EC303,3,50.0,25.0,10.85,25.0,53.23
STU00270,IT305,1,50.0,25.0,15.0,25.0,54.19
STU00270,IT304,2,50.0,25.0,15.0,25.0,77.05
STU00270,IT303,3,50.0,21.53,14.78,25.0,62.17
STU00270,IT302,4,50.0,25.0,15.0,23.3,70.59
STU00270,IT301,5,50.0,25.0,15.0,25.0,66.66
STU00270,IT301,6,50.0,25.0,14.5,25.0,66.87
STU00271,CS302,1,50.0,25.0,10.96,23.55,52.51
STU00271,CS302,2,46.82,20.58,14.56,22.25,49.06
STU00271,CS304,3,48.53,19.83,15.0,19.46,46.96
STU00271,CS305,4,40.96,25.0,15.0,25.0,55.98
STU00272,EC301,1,46.52,21.4,14.5,17.41,59.57
STU00272,EC303,2,50.0,25.0,15.0,23.99,35.94
STU00272,EC303,3,39.97,25.0,15.0,19.57,73.8
STU00273,EE304,1,31.53,14.13,6.03,9.06,46.32
STU00273,EE304,2,14.87,6.24,14.33,7.71,10.92
STU00273,EE303,3,27.07,17.88,10.61,20.16,28.1
STU00274,CS302,1,25.91,21.69,10.53,19.15,60.3
STU00274,CS302,2,26.57,25.0,15.0,16.89,63.49
STU00274,CS304,3,43.44,18.47,9.47,22.1,40.71
STU00275,CS301,1,50.0,23.54,14.77,19.07,43.96
STU00275,CS303,2,47.08,25.0,14.21,23.44,61.58
STU00275,CS304,3,46.74,20.53,15.0,17.26,44.87
STU00276,CE304,1,50.0,25.0,8.15,25.0,70.56
STU00276,CE305,2,50.0,25.0,15.0,25.0,66.46
STU00276,CE303,3,47.95,25.0,15.0,25.0,57.98
STU00276,CE305,4,50.0,25.0,9.96,25.0,68.01
STU00276,CE301,5,50.0,25.0,11.71,25.0,68.13
STU00277,IT305,1,50.0,24.45,15.0,25.0,53.21
STU00277,IT303,2,50.0,25.0,13.03,25.0,61.53
STU00277,IT302,3,50.0,25.0,14.64,25.0,76.51
STU00277,IT304,4,50.0,14.07,14.4,25.0,58.63
STU00278,ME302,1,33.31,25.0,15.0,10.56,19.48
STU00278,ME302,2,40.12,17.8,1.6,19.31,43.42
STU00278,ME301,3,28.33,8.16,13.17,16.04,36.1
STU00278,ME305,4,25.21,25.0,12.21,14.19,37.85
STU00279,EC304,1,34.05,23.26,0.0,8.81,27.61
STU00279,EC302,2,39.53,18.59,7.74,25.0,53.25
STU00279,EC301,3,42.26,25.0,13.73,23.65,58.51
STU00280,CE302,1,34.17,19.24,15.0,25.0,65.28
STU00280,CE301,2,44.38,24.81,15.0,25.0,50.94
STU00280,CE305,3,50.0,25.0,14.88,25.0,46.35
STU00280,CE302,4,50.0,23.73,15.0,21.67,50.21
STU00280,CE302,5,48.28,13.41,15.0,17.74,50.94
STU00281,EE302,1,50.0,25.0,15.0,25.0,70.73
STU00281,EE304,2,50.0,25.0,15.0,25.0,94.24
STU00282,IT302,1,50.0,25.0,15.0,25.0,54.22
STU00282,IT301,2,50.0,25.0,15.0,25.0,60.47
STU00282,IT304,3,50.0,25.0,9.15,25.0,81.81
STU00282,IT304,4,50.0,25.0,15.0,25.0,59.87
STU00282,IT301,5,50.0,25.0,15.0,22.44,61.75
STU00282,IT301,6,50.0,25.0,10.38,25.0,74.05
STU00283,EE304,1,28.91,17.93,10.66,14.89,27.84
STU00283,EE301,2,36.43,10.45,6.98,15.04,27.57
STU00284,EC301,1,46.95,25.0,14.98,13.34,70.79
STU00284,EC304,2,50.0,23.78,15.0,23.76,89.66
STU00284,EC304,3,50.0,13.22,15.0,25.0,64.47
STU00284,EC305,4,50.0,25.0,11.84,25.0,68.56
STU00285,EC303,1,47.98,16.49,15.0,22.89,17.67
STU00285,EC305,2,50.0,19.35,15.0,25.0,44.61
STU00286,ME301,1,50.0,25.0,15.0,21.98,69.74
STU00286,ME305,2,50.0,25.0,15.0,25.0,62.99
STU00286,ME301,3,50.0,19.72,15.0,25.0,45.06
STU00286,ME302,4,45.34,25.0,15.0,25.0,71.43
STU00286,ME302,5,50.0,25.0,13.71,25.0,50.95
STU00287,EE305,1,50.0,25.0,15.0,25.0,83.88
STU00287,EE303,2,50.0,25.0,15.0,25.0,57.77
STU00288,CE302,1,50.0,23.46,8.91,21.65,63.86
STU00288,CE302,2,50.0,25.0,15.0,25.0,57.82
STU00289,ME303,1,33.89,17.05,8.53,15.72,25.58
STU00289,ME301,2,32.81,7.8,4.01,16.16,40.89
STU00289,ME305,3,21.81,21.5,9.01,12.44,31.35
STU00289,ME303,4,33.2,15.12,12.13,16.62,45.48
STU00289,ME304,5,15.29,17.5,10.66,21.71,34.91
STU00289,ME302,6,18.99,25.0,2.22,22.81,46.97
STU00290,IT305,1,50.0,22.27,6.11,24.6,81.88
STU00290,IT305,2,50.0,17.24,15.0,25.0,70.78
STU00291,ME305,1,50.0,25.0,15.0,25.0,71.47
STU00291,ME303,2,50.0,25.0,15.0,24.5,80.36
STU00291,ME305,3,50.0,25.0,15.0,25.0,45.37
STU00292,EC301,1,34.85,25.0,10.55,20.67,32.86
STU00292,EC301,2,41.14,21.52,15.0,24.6,38.41
STU00293,IT303,1,50.0,4.23,15.0,25.0,49.32
STU00293,IT302,2,46.36,24.87,7.59,23.84,54.41
STU00293,IT305,3,50.0,23.05,15.0,23.03,67.3
STU00294,EE302,1,50.0,8.61,15.0,24.96,48.84
STU00294,EE301,2,50.0,25.0,15.0,25.0,76.43
STU00294,EE303,3,50.0,25.0,15.0,25.0,150.0
STU00294,EE302,4,48.87,24.05,9.8,23.01,84.98
STU00295,CS301,1,22.24,11.45,7.34,12.06,35.38
STU00295,CS304,2,27.25,6.83,6.39,7.95,31.24
STU00295,CS305,3,37.64,17.58,8.49,9.95,37.32
STU00295,CS301,4,30.68,19.47,4.86,11.99,36.94
STU00295,CS302,5,31.54,9.67,15.0,17.83,31.81
STU00296,EC305,1,50.0,25.0,14.18,13.48,54.31
STU00296,EC304,2,48.72,16.77,14.38,25.0,40.78
STU00296,EC303,3,50.0,12.5,15.0,16.94,26.3
STU00296,EC304,4,50.0,25.0,13.2,24.41,47.52
STU00296,EC305,5,49.88,25.0,11.52,13.25,52.79
STU00296,EC301,6,35.83,21.27,11.87,20.58,39.25
STU00297,IT305,1,44.24,25.0,10.91,11.38,57.13
STU00297,IT305,2,44.35,25.0,15.0,25.0,49.52
STU00298,ME303,1,46.68,18.92,14.22,7.73,45.55
STU00298,ME303,2,41.77,20.67,8.91,17.54,51.36
STU00299,CE302,1,50.0,25.0,9.6,24.91,98.42
STU00299,CE303,2,50.0,25.0,15.0,22.05,100.0
STU00299,CE301,3,50.0,25.0,12.85,25.0,63.56
STU00299,CE302,4,50.0,25.0,15.0,25.0,62.02
STU00300,EE301,1,50.0,25.0,15.0,25.0,67.3
STU00300,EE305,2,50.0,25.0,15.0,25.0,69.48
STU00301,ME304,1,50.0,21.6,15.0,25.0,65.98
STU00301,ME305,2,50.0,24.96,14.72,25.0,73.18
STU00301,ME305,3,50.0,20.37,15.0,25.0,88.39
STU00301,ME305,4,50.0,25.0,15.0,25.0,72.38
STU00301,ME305,5,50.0,25.0,15.0,25.0,74.77
STU00301,ME301,6,50.0,25.0,15.0,25.0,71.92
STU00302,EE304,1,50.0,22.22,15.0,23.13,64.18
STU00302,EE303,2,50.0,25.0,15.0,22.72,47.25
STU00302,EE304,3,50.0,25.0,15.0,16.53,88.84
STU00302,EE303,4,50.0,22.54,10.42,21.53,61.27
STU00303,CE302,1,50.0,25.0,15.0,25.0,70.01
STU00303,CE302,2,50.0,17.56,14.51,25.0,97.5
STU00303,CE305,3,50.0,25.0,15.0,25.0,64.89
STU00303,CE301,4,50.0,25.0,15.0,25.0,69.9
STU00303,CE302,5,41.55,25.0,15.0,25.0,73.67
STU00303,CE304,6,50.0,25.0,15.0,25.0,66.23
STU00304,EE303,1,50.0,25.0,15.0,25.0,67.35
STU00304,EE305,2,50.0,25.0,7.29,25.0,94.53
STU00304,EE303,3,50.0,25.0,15.0,25.0,61.37
STU00304,EE305,4,50.0,25.0,15.0,25.0,77.66
STU00304,EE303,5,50.0,25.0,15.0,25.0,99.78
STU00305,EC304,1,50.0,25.0,15.0,25.0,58.36
STU00305,EC301,2,50.0,25.0,12.97,25.0,70.5
STU00305,EC301,3,50.0,10.59,15.0,21.89,78.48
STU00305,EC301,4,50.0,25.0,15.0,25.0,71.54
STU00306,EC301,1,50.0,25.0,13.59,20.13,79.13
STU00306,EC303,2,50.0,25.0,14.8,25.0,63.06
STU00306,EC301,3,50.0,25.0,15.0,22.37,88.46
STU00306,EC305,4,50.0,25.0,11.55,25.0,70.81
STU00306,EC304,5,50.0,25.0,15.0,25.0,55.39
STU00306,EC305,6,50.0,25.0,15.0,25.0,53.43
STU00307,CE301,1,50.0,25.0,15.0,25.0,87.16
STU00307,CE301,2,50.0,25.0,15.0,25.0,91.18
STU00307,CE305,3,50.0,25.0,15.0,25.0,96.75
STU00307,CE302,4,50.0,25.0,15.0,25.0,89.44
STU00307,CE305,5,50.0,25.0,15.0,25.0,86.86
STU00308,EE305,1,42.81,24.8,12.86,22.22,54.77
STU00308,EE302,2,41.99,21.69,15.0,18.74,50.46
STU00308,EE303,3,50.0,25.0,8.31,10.6,42.08
STU00309,EC303,1,50.0,14.77,13.71,19.67,40.04
STU00309,EC304,2,50.0,25.0,15.0,20.31,47.32
STU00309,EC304,3,43.53,25.0,12.39,25.0,48.77
STU00309,EC303,4,50.0,25.0,15.0,25.0,77.49
STU00309,EC303,5,50.0,6.11,12.37,6.01,43.3
STU00309,EC305,6,48.11,24.24,8.37,18.04,43.38
STU00310,EC303,1,16.42,7.98,4.78,10.76,16.25
STU00310,EC303,2,26.91,0.0,7.34,18.59,41.4
STU00310,EC302,3,16.42,11.89,4.11,17.45,18.58
STU00310,EC305,4,12.56,12.44,8.63,14.83,34.92
STU00311,CS303,1,42.98,25.0,14.74,21.27,61.65
STU00311,CS304,2,50.0,25.0,15.0,25.0,40.69
STU00311,CS301,3,47.68,23.85,15.0,20.12,51.08
STU00312,ME305,1,50.0,25.0,15.0,25.0,60.22
STU00312,ME303,2,44.7,24.14,15.0,17.1,75.41
STU00313,EC301,1,47.52,21.86,14.17,18.71,52.02
STU00313,EC303,2,32.06,23.91,12.38,23.37,66.18
STU00313,EC304,3,34.22,25.0,15.0,23.85,60.9
STU00313,EC301,4,47.42,22.33,15.0,17.12,54.58
STU00314,IT304,1,49.64,25.0,15.0,25.0,62.91
STU00314,IT301,2,50.0,25.0,15.0,25.0,56.98
STU00314,IT304,3,50.0,25.0,15.0,25.0,60.55
STU00314,IT304,4,50.0,25.0,15.0,24.61,78.71
STU00314,IT302,5,50.0,25.0,15.0,25.0,53.74
STU00315,IT304,1,50.0,25.0,15.0,25.0,65.12
STU00315,IT303,2,50.0,25.0,15.0,25.0,100.0
STU00315,IT303,3,45.2,25.0,11.32,25.0,70.1
STU00316,EE305,1,50.0,25.0,15.0,25.0,93.64
STU00316,EE301,2,50.0,25.0,15.0,25.0,100.0
STU00316,EE304,3,50.0,25.0,15.0,25.0,80.68
STU00317,CE303,1,48.18,24.75,15.0,22.82,64.33
STU00317,CE301,2,50.0,18.79,15.0,25.0,42.69
STU00317,CE302,3,50.0,21.11,8.88,24.47,60.8
STU00318,ME303,1,38.42,25.0,5.76,25.0,55.62
STU00318,ME302,2,47.23,6.78,11.8,25.0,38.73
STU00318,ME304,3,33.86,6.26,13.09,19.44,31.09
STU00319,CE302,1,50.0,25.0,15.0,25.0,63.26
STU00319,CE304,2,50.0,20.09,15.0,25.0,76.67
STU00320,ME304,1,50.0,25.0,15.0,24.35,57.12
STU00320,ME305,2,50.0,23.51,11.08,25.0,74.33
STU00321,IT303,1,44.43,25.0,15.0,25.0,54.8
STU00321,IT305,2,50.0,25.0,6.89,23.24,65.51
STU00321,IT302,3,50.0,25.0,14.07,25.0,71.65
STU00322,CE301,1,50.0,25.0,15.0,22.96,58.2
STU00322,CE302,2,47.43,25.0,7.13,24.42,64.64
STU00323,IT301,1,50.0,25.0,15.0,19.71,73.6
STU00323,IT301,2,50.0,25.0,15.0,22.22,61.58
STU00323,IT304,3,50.0,25.0,15.0,25.0,52.2
STU00323,IT304,4,40.86,25.0,15.0,25.0,58.1
STU00323,IT303,5,50.0,25.0,15.0,25.0,83.54
STU00323,IT304,6,50.0,25.0,14.82,25.0,65.26
STU00324,EC302,1,49.37,25.0,14.42,25.0,65.41
STU00324,EC305,2,50.0,20.26,9.51,25.0,56.01
STU00324,EC302,3,47.08,25.0,13.94,15.04,56.76
STU00324,EC301,4,49.01,23.77,15.0,25.0,66.55
STU00324,EC302,5,50.0,24.26,13.45,25.0,36.0
STU00325,CE304,1,42.82,25.0,12.0,25.0,53.05
STU00325,CE305,2,48.46,25.0,11.13,13.14,50.78
STU00325,CE302,3,40.14,16.99,4.43,23.4,35.28
STU00326,EC301,1,50.0,25.0,15.0,25.0,54.61
STU00326,EC304,2,50.0,25.0,15.0,25.0,54.22
STU00326,EC303,3,50.0,19.57,12.78,22.26,52.22
STU00327,ME304,1,46.41,25.0,15.0,15.08,61.02
STU00327,ME305,2,39.16,14.47,14.34,23.23,49.72
STU00327,ME301,3,34.21,21.32,9.43,25.0,58.56
STU00328,EE304,1,40.94,25.0,13.41,25.0,76.26
STU00328,EE302,2,50.0,17.47,15.0,20.67,92.54
STU00328,EE303,3,50.0,25.0,14.75,23.41,52.75
STU00328,EE304,4,50.0,25.0,15.0,16.44,75.6
STU00328,EE305,5,50.0,22.23,15.0,21.32,56.38
STU00329,IT303,1,50.0,24.5,14.4,19.42,56.32
STU00329,IT303,2,37.38,23.81,13.95,25.0,59.75
STU00330,IT303,1,50.0,25.0,15.0,25.0,93.64
STU00330,IT302,2,50.0,25.0,15.0,25.0,66.64
STU00330,IT301,3,50.0,25.0,15.0,23.91,78.54
STU00330,IT301,4,50.0,25.0,12.17,25.0,93.31
STU00331,EC303,1,44.16,23.89,10.78,25.0,69.68
STU00331,EC303,2,38.27,18.29,15.0,25.0,45.14
STU00332,EC305,1,50.0,25.0,15.0,25.0,46.52
STU00332,EC304,2,50.0,25.0,15.0,25.0,60.22
STU00332,EC303,3,50.0,25.0,15.0,24.13,56.33
STU00332,EC303,4,50.0,25.0,15.0,25.0,54.33
STU00333,CS301,1,19.5,14.79,12.66,12.64,46.12
STU00333,CS301,2,36.82,21.92,10.62,18.73,36.16
STU00333,CS303,3,33.79,19.82,5.13,25.0,5.68
STU00333,CS303,4,31.85,24.21,11.54,5.38,27.36
STU00334,IT303,1,44.53,15.42,10.12,8.61,68.52
STU00334,IT305,2,28.51,20.68,11.69,19.82,51.91
STU00334,IT301,3,38.78,22.83,15.0,15.39,64.4
STU00335,ME305,1,47.28,12.63,15.0,16.3,62.17
STU00335,ME301,2,36.67,18.71,15.0,25.0,40.78
STU00335,ME302,3,50.0,14.71,5.88,16.18,65.17
STU00336,IT301,1,31.48,14.81,1.84,24.58,26.71
STU00336,IT303,2,30.87,18.2,3.19,15.92,34.12
STU00337,CE305,1,36.92,20.64,10.38,1.94,20.43
STU00337,CE301,2,30.56,10.26,13.75,12.15,16.78
STU00337,CE302,3,18.24,20.24,5.58,14.14,50.51
STU00338,IT303,1,35.21,18.57,6.92,25.0,72.81
STU00338,IT303,2,25.07,9.47,12.48,14.3,7.76
STU00338,IT301,3,14.76,12.38,7.32,23.07,38.59
STU00338,IT301,4,46.73,18.07,12.41,12.23,54.0
STU00338,IT304,5,36.91,21.99,2.81,25.0,24.01
STU00338,IT302,6,23.39,25.0,15.0,11.79,57.88
STU00339,ME303,1,49.23,25.0,14.13,25.0,70.32
STU00339,ME305,2,39.38,24.95,10.75,25.0,66.34
STU00339,ME302,3,48.73,21.33,15.0,11.63,71.41
STU00340,EC305,1,39.38,6.04,5.79,16.43,27.84
STU00340,EC302,2,25.65,8.55,15.0,13.37,22.75
STU00340,EC305,3,43.75,16.06,15.0,18.12,51.22
STU00340,EC305,4,29.48,18.48,15.0,25.0,48.73
STU00340,EC304,5,30.26,25.0,5.51,9.27,56.82
STU00341,CS302,1,50.0,25.0,11.96,25.0,56.43
STU00341,CS302,2,50.0,25.0,15.0,25.0,89.69
STU00341,CS305,3,50.0,25.0,15.0,23.59,65.73
STU00342,CE304,1,37.27,21.12,11.09,25.0,43.18
STU00342,CE303,2,33.77,25.0,15.0,25.0,40.73
STU00342,CE303,3,31.16,24.51,2.56,10.89,58.71
STU00342,CE305,4,42.5,25.0,10.18,25.0,48.15
STU00342,CE302,5,43.77,24.45,0.85,25.0,42.95
STU00342,CE301,6,43.98,20.93,15.0,19.52,38.65
STU00343,IT301,1,45.11,25.0,15.0,25.0,49.17
STU00343,IT303,2,35.22,25.0,8.83,25.0,37.59
STU00343,IT303,3,42.37,19.54,15.0,15.01,49.11
STU00343,IT302,4,50.0,25.0,14.15,25.0,49.05
STU00344,EC301,1,50.0,20.88,15.0,25.0,59.29
STU00344,EC303,2,40.17,25.0,15.0,25.0,66.52
STU00344,EC303,3,41.62,25.0,15.0,25.0,74.54
STU00344,EC305,4,50.0,25.0,15.0,25.0,42.81
STU00344,EC302,5,50.0,25.0,9.49,23.24,66.96
STU00344,EC305,6,50.0,11.62,15.0,25.0,62.53
STU00345,IT301,1,50.0,25.0,15.0,18.3,55.23
STU00345,IT303,2,50.0,25.0,15.0,25.0,68.94
STU00345,IT303,3,50.0,25.0,15.0,25.0,55.91
STU00345,IT303,4,50.0,25.0,12.48,25.0,56.44
STU00346,EC305,1,50.0,19.81,15.0,25.0,65.31
STU00346,EC304,2,50.0,16.87,7.15,25.0,55.14
STU00346,EC305,3,34.15,25.0,7.87,20.91,65.21
STU00346,EC304,4,50.0,23.45,10.38,19.97,44.4
STU00346,EC303,5,50.0,24.83,15.0,19.47,45.25
STU00346,EC302,6,43.48,18.97,12.22,12.12,45.61
STU00347,ME304,1,30.2,19.91,9.5,25.0,64.11
STU00347,ME304,2,34.31,25.0,13.49,16.46,43.28
STU00347,ME302,3,46.17,22.84,13.24,20.17,55.8
STU00348,ME304,1,47.77,25.0,15.0,24.52,58.63
STU00348,ME304,2,37.06,23.98,13.66,24.1,35.26
STU00349,ME302,1,39.63,17.7,14.47,19.91,43.93
STU00349,ME302,2,42.37,25.0,15.0,25.0,53.02
STU00349,ME301,3,40.89,25.0,11.61,22.88,66.84
STU00350,ME302,1,50.0,25.0,15.0,18.13,71.18
STU00350,ME305,2,50.0,25.0,15.0,25.0,73.31
STU00350,ME301,3,50.0,17.86,15.0,20.63,58.99
STU00351,EC304,1,50.0,14.14,14.44,25.0,55.53
STU00351,EC304,2,29.8,25.0,5.61,24.3,44.42
STU00352,IT305,1,50.0,19.7,15.0,25.0,54.49
STU00352,IT301,2,47.94,25.0,15.0,15.75,69.5
STU00353,EE304,1,50.0,25.0,15.0,25.0,57.43
STU00353,EE301,2,50.0,21.3,15.0,25.0,100.0
STU00353,EE301,3,50.0,25.0,12.24,25.0,92.28
STU00353,EE302,4,50.0,25.0,14.72,25.0,58.84
STU00353,EE303,5,50.0,25.0,13.73,25.0,96.18
STU00354,CS301,1,50.0,15.77,13.38,25.0,68.65
STU00354,CS301,2,50.0,25.0,12.6,24.54,37.54
STU00354,CS301,3,50.0,25.0,15.0,17.13,47.41
STU00354,CS302,4,50.0,23.91,15.0,23.94,65.04
STU00354,CS305,5,50.0,25.0,15.0,25.0,66.34
STU00354,CS302,6,50.0,25.0,15.0,25.0,46.32
STU00355,EE304,1,50.0,25.0,13.31,25.0,100.0
STU00355,EE302,2,50.0,25.0,15.0,25.0,74.47
STU00355,EE305,3,50.0,25.0,15.0,25.0,79.93
STU00355,EE305,4,50.0,23.24,15.0,25.0,87.98
STU00356,ME301,1,50.0,25.0,15.0,25.0,64.75
STU00356,ME305,2,50.0,25.0,15.0,25.0,58.69
STU00357,EE305,1,50.0,22.23,4.78,24.3,40.74
STU00357,EE302,2,38.16,25.0,15.0,17.96,70.69
STU00358,EC301,1,50.0,25.0,12.17,25.0,63.65
STU00358,EC304,2,50.0,25.0,14.36,25.0,65.61
STU00358,EC302,3,50.0,25.0,15.0,25.0,100.0
STU00359,EC302,1,50.0,25.0,15.0,21.39,77.29
STU00359,EC301,2,50.0,22.33,13.9,21.81,59.31
STU00359,EC302,3,50.0,25.0,15.0,25.0,64.59
STU00359,EC302,4,50.0,25.0,15.0,25.0,65.52
STU00360,ME303,1,31.25,23.57,15.0,23.55,46.91
STU00360,ME305,2,42.37,22.3,14.46,20.41,67.69
STU00360,ME301,3,50.0,25.0,15.0,19.72,150.0
STU00360,ME301,4,33.44,25.0,12.38,25.0,54.09
STU00361,EC302,1,50.0,25.0,15.0,25.0,86.01
STU00361,EC304,2,50.0,25.0,15.0,25.0,98.84
STU00361,EC305,3,50.0,25.0,15.0,25.0,95.82
STU00361,EC304,4,50.0,25.0,15.0,25.0,84.65
STU00361,EC303,5,50.0,25.0,15.0,25.0,73.13
STU00361,EC303,6,50.0,25.0,15.0,25.0,93.62
STU00362,EC304,1,50.0,25.0,14.94,13.04,60.08
STU00362,EC303,2,50.0,25.0,9.43,25.0,51.87
STU00362,EC301,3,50.0,25.0,15.0,25.0,44.42
STU00362,EC302,4,46.65,16.51,5.68,25.0,54.66
STU00363,EE304,1,50.0,25.0,5.16,24.19,82.32
STU00363,EE304,2,50.0,25.0,9.72,20.27,88.89
STU00363,EE301,3,50.0,25.0,14.53,25.0,87.52
STU00364,EC302,1,45.48,25.0,15.0,25.0,53.87
STU00364,EC303,2,44.62,11.17,15.0,25.0,47.52
STU00364,EC302,3,40.78,25.0,15.0,15.27,34.92
STU00364,EC303,4,39.36,25.0,14.37,19.28,49.82
STU00365,EE304,1,50.0,25.0,13.35,22.08,51.29
STU00365,EE304,2,50.0,25.0,15.0,25.0,64.1
STU00365,EE302,3,50.0,20.73,13.99,25.0,60.53
STU00365,EE304,4,50.0,25.0,15.0,25.0,62.96
STU00365,EE305,5,50.0,24.65,15.0,25.0,80.2
STU00366,CS305,1,42.09,25.0,15.0,17.6,43.56
STU00366,CS305,2,45.12,17.29,8.86,24.49,40.46
STU00366,CS304,3,39.01,25.0,8.64,25.0,41.94
STU00366,CS305,4,37.04,15.84,9.08,22.1,48.08
STU00366,CS305,5,50.0,18.86,15.0,18.46,72.59
STU00366,CS301,6,34.12,18.09,10.85,22.68,47.35
STU00367,ME301,1,50.0,25.0,5.85,25.0,73.74
STU00367,ME301,2,50.0,12.18,12.72,24.94,58.85
STU00367,ME305,3,48.42,21.67,3.26,25.0,72.5
STU00367,ME302,4,50.0,13.9,15.0,25.0,78.0
STU00368,EE303,1,49.16,21.95,10.98,25.0,50.62
STU00368,EE302,2,47.74,21.75,12.57,25.0,45.27
STU00369,CE302,1,50.0,25.0,15.0,25.0,60.06
STU00369,CE302,2,50.0,25.0,15.0,25.0,53.51
STU00369,CE302,3,50.0,25.0,15.0,25.0,76.31
STU00369,CE302,4,50.0,25.0,15.0,25.0,59.01
STU00369,CE302,5,50.0,25.0,12.95,25.0,89.06
STU00370,EE304,1,50.0,25.0,15.0,25.0,59.97
STU00370,EE301,2,50.0,25.0,15.0,22.28,85.11
STU00371,EC301,1,50.0,25.0,15.0,25.0,72.48
STU00371,EC305,2,45.75,25.0,15.0,25.0,86.54
STU00371,EC301,3,50.0,25.0,15.0,25.0,78.38
STU00371,EC303,4,50.0,25.0,15.0,25.0,74.95
STU00371,EC301,5,49.01,16.08,15.0,25.0,75.57
STU00371,EC301,6,50.0,25.0,15.0,18.64,75.41
STU00372,CE304,1,39.03,21.24,14.61,18.69,35.63
STU00372,CE302,2,28.52,18.43,8.98,13.81,42.79
STU00372,CE302,3,39.46,25.0,11.72,25.0,53.18
STU00372,CE304,4,39.22,1.06,11.45,21.58,14.75
STU00372,CE303,5,31.9,14.22,15.0,19.88,39.89
STU00372,CE301,6,44.15,12.26,11.23,16.67,24.25
STU00373,EE302,1,50.0,25.0,15.0,25.0,56.45
STU00373,EE301,2,46.38,25.0,14.28,25.0,81.64
STU00374,CS302,1,50.0,25.0,15.0,25.0,87.73
STU00374,CS304,2,50.0,25.0,15.0,25.0,69.98
STU00374,CS304,3,50.0,25.0,15.0,25.0,80.45
STU00374,CS305,4,50.0,25.0,14.52,25.0,91.15
STU00374,CS302,5,50.0,22.68,15.0,25.0,62.22
STU00374,CS302,6,50.0,25.0,15.0,25.0,90.02
STU00375,IT305,1,50.0,21.96,14.74,20.11,74.89
STU00375,IT302,2,50.0,20.81,15.0,25.0,57.8
STU00376,CS305,1,38.37,17.86,5.64,7.93,38.68
STU00376,CS302,2,29.76,1.89,7.95,20.49,28.37
STU00376,CS302,3,19.97,9.8,12.63,9.58,19.76
STU00376,CS304,4,43.22,7.92,0.0,17.47,31.43
STU00376,CS303,5,50.0,18.82,12.22,21.77,32.95
STU00377,CS302,1,50.0,16.78,11.02,23.26,44.13
STU00377,CS303,2,50.0,25.0,15.0,25.0,59.29
STU00377,CS302,3,50.0,20.59,13.38,25.0,66.25
STU00377,CS301,4,36.5,16.11,15.0,25.0,55.92
STU00377,CS301,5,50.0,21.57,10.88,25.0,75.25
STU00378,IT303,1,50.0,25.0,11.76,25.0,70.38
STU00378,IT302,2,48.88,25.0,13.04,25.0,59.18
STU00378,IT302,3,50.0,25.0,3.18,25.0,69.82
STU00378,IT301,4,50.0,23.69,15.0,25.0,74.17
STU00378,IT305,5,50.0,25.0,15.0,25.0,79.51
STU00378,IT303,6,50.0,25.0,15.0,25.0,73.94
STU00379,ME302,1,50.0,25.0,15.0,25.0,46.72
STU00379,ME302,2,50.0,22.75,15.0,25.0,76.24
STU00379,ME301,3,50.0,25.0,8.73,25.0,70.25
STU00379,ME305,4,50.0,23.0,6.66,22.64,30.08
STU00379,ME301,5,50.0,25.0,15.0,25.0,79.02
STU00379,ME303,6,50.0,25.0,15.0,25.0,64.28
STU00380,ME301,1,49.21,25.0,15.0,17.52,56.06
STU00380,ME303,2,45.42,14.51,15.0,25.0,25.07
STU00380,ME305,3,47.27,22.39,15.0,12.9,68.73
STU00380,ME303,4,38.94,25.0,15.0,18.29,15.09
STU00381,CE302,1,50.0,18.04,15.0,25.0,72.59
STU00381,CE303,2,50.0,25.0,15.0,20.77,73.26
STU00381,CE305,3,50.0,25.0,15.0,25.0,76.47
STU00381,CE305,4,50.0,20.11,15.0,25.0,74.79
STU00382,EE305,1,50.0,25.0,15.0,25.0,86.58
STU00382,EE304,2,48.69,25.0,14.93,25.0,50.37
STU00383,CE302,1,50.0,25.0,15.0,21.28,48.66
STU00383,CE304,2,50.0,25.0,15.0,23.79,32.0
STU00383,CE301,3,50.0,19.16,14.65,20.03,44.11
STU00383,CE302,4,50.0,25.0,4.97,19.2,55.77
STU00384,EE305,1,50.0,25.0,15.0,25.0,57.36
STU00384,EE304,2,50.0,25.0,15.0,25.0,77.13
STU00384,EE303,3,50.0,25.0,15.0,25.0,68.02
STU00385,EE305,1,50.0,25.0,13.74,25.0,59.9
STU00385,EE301,2,50.0,25.0,15.0,25.0,70.83
STU00385,EE302,3,50.0,25.0,15.0,25.0,68.9
STU00385,EE305,4,50.0,22.3,15.0,25.0,58.63
STU00386,IT305,1,50.0,25.0,14.2,25.0,71.94
STU00386,IT301,2,50.0,25.0,14.43,25.0,46.0
STU00386,IT302,3,50.0,25.0,13.51,25.0,42.02
STU00387,ME301,1,46.27,25.0,15.0,22.59,66.98
STU00387,ME301,2,50.0,25.0,15.0,25.0,59.03
STU00387,ME303,3,50.0,25.0,15.0,25.0,76.41
STU00387,ME303,4,50.0,25.0,15.0,25.0,71.46
STU00387,ME301,5,50.0,25.0,15.0,25.0,83.54
STU00387,ME305,6,50.0,25.0,12.39,25.0,50.83
STU00388,IT301,1,50.0,25.0,15.0,25.0,77.05
STU00388,IT302,2,50.0,25.0,15.0,25.0,85.53
STU00388,IT303,3,50.0,25.0,15.0,25.0,87.94
STU00388,IT303,4,50.0,25.0,15.0,25.0,60.47
STU00389,CE301,1,37.06,11.2,15.0,25.0,38.83
STU00389,CE301,2,42.06,13.66,5.24,17.77,53.11
STU00389,CE303,3,44.61,25.0,8.91,21.5,48.37
STU00390,EC305,1,45.6,25.0,11.13,23.87,58.09
STU00390,EC304,2,49.96,25.0,15.0,24.46,41.08
STU00390,EC305,3,44.63,22.88,14.27,8.13,50.46
STU00390,EC303,4,40.12,25.0,14.56,24.69,64.46
STU00390,EC304,5,32.47,25.0,5.99,25.0,72.63
STU00391,EE301,1,50.0,25.0,15.0,25.0,71.17
STU00391,EE302,2,50.0,25.0,15.0,25.0,80.79
STU00391,EE302,3,50.0,25.0,15.0,25.0,68.93
STU00391,EE303,4,50.0,25.0,15.0,25.0,60.17
STU00392,EC305,1,50.0,15.8,14.19,21.41,62.85
STU00392,EC301,2,50.0,25.0,10.24,16.71,46.19
STU00392,EC304,3,47.65,25.0,15.0,24.22,58.22
STU00393,ME303,1,41.25,20.07,15.0,25.0,51.8
STU00393,ME304,2,42.8,18.14,15.0,21.39,68.87
STU00394,EE301,1,50.0,25.0,15.0,25.0,64.61
STU00394,EE301,2,50.0,23.3,15.0,25.0,76.09
STU00395,IT302,1,50.0,25.0,14.83,25.0,61.57
STU00395,IT303,2,50.0,25.0,13.78,25.0,66.19
STU00395,IT303,3,50.0,18.28,15.0,23.2,65.52
STU00395,IT305,4,50.0,25.0,10.8,18.37,52.51
STU00395,IT302,5,50.0,25.0,15.0,22.09,58.95
STU00396,CE303,1,9.79,15.97,10.04,16.44,21.24
STU00396,CE301,2,45.6,25.0,11.66,10.36,43.39
STU00397,ME302,1,27.91,25.0,2.43,25.0,60.27
STU00397,ME303,2,20.75,21.17,14.47,23.12,71.49
STU00397,ME305,3,44.66,23.93,15.0,25.0,85.78
STU00397,ME301,4,48.96,25.0,11.51,19.46,72.19
STU00397,ME304,5,45.36,22.76,15.0,20.15,63.3
STU00398,IT301,1,50.0,25.0,15.0,25.0,70.17
STU00398,IT301,2,50.0,21.47,15.0,25.0,84.4
STU00398,IT303,3,50.0,23.32,15.0,25.0,74.41
STU00399,EE301,1,50.0,25.0,8.74,22.79,76.24
STU00399,EE301,2,50.0,25.0,15.0,25.0,65.8
STU00399,EE304,3,50.0,25.0,11.03,25.0,69.29
STU00400,CS304,1,50.0,25.0,15.0,24.74,80.29
STU00400,CS305,2,50.0,25.0,13.64,25.0,56.38
STU00400,CS303,3,50.0,24.18,15.0,22.39,57.74
STU00400,CS301,4,50.0,25.0,15.0,25.0,71.34
STU00401,CS303,1,50.0,25.0,15.0,25.0,75.08
STU00401,CS302,2,50.0,25.0,15.0,25.0,86.08
STU00401,CS303,3,50.0,25.0,15.0,25.0,75.81
STU00401,CS304,4,50.0,25.0,15.0,25.0,57.08
STU00401,CS305,5,50.0,20.81,15.0,25.0,98.94
STU00402,CE303,1,50.0,24.35,15.0,25.0,67.58
STU00402,CE301,2,50.0,25.0,15.0,25.0,78.94
STU00402,CE301,3,50.0,25.0,15.0,25.0,64.47
STU00402,CE303,4,50.0,25.0,15.0,25.0,52.25
STU00402,CE301,5,50.0,25.0,15.0,25.0,70.59
STU00403,EC302,1,37.75,7.32,12.42,21.67,0.0
STU00403,EC303,2,46.8,16.74,4.6,23.53,11.2
STU00403,EC304,3,32.18,18.75,9.23,16.36,34.04
STU00403,EC305,4,17.37,22.32,7.31,18.25,19.64
STU00403,EC304,5,31.09,25.0,10.86,0.26,45.42
STU00404,CE305,1,50.0,25.0,15.0,25.0,62.62
STU00404,CE301,2,50.0,25.0,15.0,25.0,70.61
STU00404,CE302,3,50.0,25.0,15.0,22.13,80.1
STU00404,CE305,4,50.0,25.0,15.0,25.0,60.92
STU00404,CE305,5,50.0,25.0,15.0,19.14,77.75
STU00405,CE303,1,37.91,21.19,15.0,20.86,66.49
STU00405,CE302,2,50.0,10.53,15.0,25.0,50.38
STU00405,CE303,3,47.35,18.56,11.5,25.0,46.92
STU00406,CE303,1,50.0,25.0,13.75,25.0,43.66
STU00406,CE305,2,46.88,25.0,11.23,25.0,65.41
STU00407,ME304,1,24.62,8.31,15.0,21.07,41.28
STU00407,ME304,2,29.84,23.13,15.0,21.4,27.0
STU00407,ME303,3,28.63,14.25,0.0,9.44,47.1
STU00407,ME305,4,36.23,0.0,3.72,18.42,46.99
STU00407,ME301,5,44.54,13.9,15.0,18.69,45.73
STU00408,CS304,1,50.0,25.0,15.0,25.0,61.05
STU00408,CS302,2,50.0,20.58,15.0,24.57,72.35
STU00408,CS305,3,50.0,25.0,15.0,25.0,55.51
STU00408,CS304,4,48.4,25.0,11.65,15.49,72.79
STU00408,CS304,5,50.0,19.06,15.0,25.0,56.2
STU00409,ME301,1,45.24,25.0,15.0,25.0,71.31
STU00409,ME301,2,50.0,25.0,15.0,22.41,89.23
STU00409,ME301,3,50.0,25.0,15.0,23.64,63.23
STU00409,ME301,4,50.0,24.73,15.0,25.0,80.46
STU00409,ME305,5,50.0,20.35,12.87,24.68,56.91
STU00409,ME304,6,50.0,25.0,15.0,18.65,65.62
STU00410,CE304,1,50.0,25.0,15.0,25.0,49.14
STU00410,CE302,2,50.0,23.76,15.0,25.0,69.36
STU00410,CE305,3,50.0,25.0,10.8,24.05,56.58
STU00410,CE301,4,50.0,25.0,15.0,20.44,54.15
STU00411,CE301,1,36.21,18.5,14.48,25.0,30.83
STU00411,CE304,2,50.0,25.0,15.0,19.49,38.37
STU00411,CE304,3,41.29,25.0,15.0,25.0,34.8
STU00411,CE303,4,41.57,25.0,15.0,20.1,63.84
STU00411,CE305,5,37.22,25.0,15.0,25.0,43.83
STU00412,EC303,1,50.0,25.0,15.0,25.0,81.95
STU00412,EC304,2,50.0,25.0,15.0,25.0,69.15
STU00412,EC301,3,50.0,25.0,15.0,25.0,53.99
STU00412,EC301,4,50.0,25.0,15.0,25.0,65.27
STU00413,EE302,1,44.9,25.0,10.12,25.0,42.52
STU00413,EE305,2,50.0,21.9,6.8,15.99,54.9
STU00414,CS302,1,44.04,25.0,13.4,25.0,76.27
STU00414,CS302,2,50.0,25.0,15.0,22.19,57.55
STU00414,CS302,3,50.0,20.05,9.26,25.0,40.46
STU00414,CS301,4,48.02,25.0,15.0,25.0,47.43
STU00415,CS304,1,50.0,25.0,10.25,25.0,59.41
STU00415,CS304,2,50.0,25.0,15.0,25.0,68.18
STU00415,CS305,3,50.0,25.0,10.59,20.97,72.43
STU00416,CS302,1,50.0,10.37,14.09,17.14,50.87
STU00416,CS302,2,45.21,14.94,11.54,18.01,51.95
STU00416,CS305,3,33.5,14.79,7.38,24.77,27.84
STU00416,CS303,4,48.42,25.0,15.0,19.93,28.48
STU00416,CS303,5,36.52,22.52,9.92,12.34,41.75
STU00417,CS301,1,50.0,25.0,15.0,25.0,77.17
STU00417,CS304,2,50.0,25.0,15.0,25.0,64.28
STU00418,EC302,1,34.69,12.3,14.53,16.02,35.05
STU00418,EC305,2,37.58,19.96,14.52,25.0,35.33
STU00418,EC305,3,46.58,23.39,4.45,11.83,39.97
STU00418,EC301,4,41.57,25.0,14.27,15.16,77.44
STU00418,EC304,5,32.13,25.0,12.99,25.0,67.22
STU00418,EC302,6,44.49,20.21,11.15,20.86,51.5
STU00419,ME303,1,35.78,18.29,15.0,22.29,36.7
STU00419,ME305,2,50.0,22.3,13.13,7.63,45.83
STU00419,ME304,3,46.18,7.05,15.0,25.0,39.83
STU00420,EE303,1,50.0,21.52,13.98,25.0,64.93
STU00420,EE302,2,49.84,15.59,7.72,25.0,48.45
STU00421,EE301,1,45.93,23.35,11.28,12.31,34.34
STU00421,EE304,2,37.3,25.0,4.25,25.0,40.46
STU00421,EE301,3,30.17,16.9,9.05,18.53,34.49
STU00421,EE303,4,20.3,19.82,12.35,25.0,47.32
STU00421,EE302,5,38.62,20.15,9.75,23.77,52.51
STU00421,EE301,6,23.61,21.55,14.97,2.61,45.55
STU00422,CS302,1,50.0,25.0,15.0,25.0,82.69
STU00422,CS301,2,50.0,25.0,15.0,25.0,70.17
STU00422,CS301,3,48.83,25.0,15.0,25.0,68.02
STU00422,CS301,4,50.0,25.0,15.0,25.0,76.11
STU00423,EE302,1,39.08,7.99,15.0,23.74,57.0
STU00423,EE304,2,49.53,20.6,5.99,25.0,61.69
STU00424,EC302,1,50.0,23.68,15.0,25.0,81.49
STU00424,EC303,2,50.0,19.49,15.0,24.1,71.04
STU00424,EC302,3,50.0,25.0,13.04,25.0,57.48
STU00424,EC301,4,50.0,25.0,12.46,25.0,81.57
STU00424,EC303,5,50.0,25.0,15.0,25.0,86.03
STU00425,CS305,1,50.0,12.72,13.84,25.0,48.21
STU00425,CS302,2,46.17,12.27,12.45,24.51,72.51
STU00425,CS301,3,50.0,22.44,15.0,25.0,33.36
STU00425,CS305,4,41.7,22.31,15.0,25.0,67.85
STU00425,CS305,5,50.0,25.0,15.0,25.0,40.24
STU00425,CS305,6,50.0,23.14,15.0,23.81,37.58
STU00426,ME303,1,50.0,25.0,15.0,25.0,89.64
STU00426,ME302,2,47.48,25.0,13.99,25.0,76.94
STU00426,ME303,3,50.0,12.02,9.4,25.0,80.17
STU00427,CS301,1,50.0,25.0,15.0,14.94,27.56
STU00427,CS303,2,49.01,12.96,15.0,17.79,36.09
STU00427,CS304,3,47.03,25.0,14.21,23.76,62.66
STU00428,EE303,1,50.0,25.0,15.0,25.0,93.66
STU00428,EE304,2,50.0,25.0,15.0,25.0,64.23
STU00429,IT305,1,50.0,25.0,13.64,25.0,84.86
STU00429,IT302,2,50.0,24.73,14.43,25.0,81.19
STU00429,IT302,3,48.82,25.0,15.0,25.0,70.35
STU00429,IT303,4,50.0,25.0,15.0,23.53,68.69
STU00429,IT301,5,50.0,25.0,15.0,20.65,79.79
STU00430,ME302,1,50.0,25.0,9.69,25.0,70.69
STU00430,ME304,2,50.0,25.0,15.0,25.0,71.63
STU00430,ME304,3,50.0,25.0,15.0,25.0,60.13
STU00431,CE305,1,43.05,16.37,15.0,19.38,51.91
STU00431,CE305,2,50.0,23.98,15.0,25.0,57.87
STU00431,CE304,3,50.0,25.0,11.27,25.0,70.75
STU00431,CE305,4,50.0,20.59,11.3,25.0,67.75
STU00432,EE301,1,40.61,19.84,9.14,12.75,29.21
STU00432,EE302,2,22.96,18.12,9.2,13.4,22.95
STU00432,EE305,3,34.62,5.66,9.12,22.4,55.03
STU00432,EE305,4,24.93,21.95,4.1,21.78,37.9
STU00433,EE305,1,48.34,25.0,9.56,21.14,47.1
STU00433,EE304,2,50.0,24.64,15.0,25.0,55.19
STU00433,EE301,3,43.5,21.05,11.08,25.0,49.65
STU00433,EE303,4,50.0,24.72,7.68,21.53,63.05
STU00434,EE303,1,34.07,25.0,15.0,25.0,32.75
STU00434,EE301,2,40.42,18.02,15.0,10.72,57.3
STU00434,EE303,3,46.87,13.86,15.0,25.0,50.68
STU00435,ME303,1,50.0,24.5,15.0,24.39,39.33
STU00435,ME301,2,50.0,25.0,15.0,25.0,85.89
STU00435,ME301,3,50.0,25.0,15.0,25.0,76.04
STU00436,EC304,1,50.0,25.0,13.58,21.42,52.46
STU00436,EC302,2,46.56,25.0,15.0,21.47,53.5
STU00436,EC304,3,50.0,25.0,15.0,25.0,67.66
STU00437,CS302,1,50.0,25.0,15.0,25.0,68.5
STU00437,CS301,2,50.0,25.0,12.86,25.0,52.01
STU00437,CS305,3,50.0,25.0,15.0,25.0,79.15
STU00437,CS305,4,50.0,25.0,15.0,25.0,54.65
STU00437,CS304,5,50.0,25.0,15.0,25.0,59.2
STU00437,CS303,6,50.0,25.0,15.0,25.0,67.52
STU00438,CE301,1,50.0,17.4,15.0,18.26,57.82
STU00438,CE304,2,50.0,21.78,15.0,25.0,51.47
STU00438,CE303,3,50.0,25.0,15.0,13.37,50.6
STU00439,EE301,1,50.0,25.0,8.96,25.0,49.35
STU00439,EE302,2,47.78,25.0,15.0,25.0,45.86
STU00440,EC304,1,50.0,25.0,15.0,25.0,83.73
STU00440,EC305,2,50.0,25.0,15.0,25.0,73.5
STU00440,EC303,3,50.0,25.0,10.86,25.0,70.68
STU00440,EC305,4,50.0,25.0,15.0,25.0,58.3
STU00440,EC304,5,50.0,25.0,15.0,25.0,93.19
STU00440,EC302,6,50.0,25.0,13.67,23.53,81.75
STU00441,CS305,1,50.0,25.0,15.0,25.0,77.94
STU00441,CS303,2,50.0,25.0,15.0,25.0,68.45
STU00442,CS304,1,50.0,25.0,5.7,25.0,71.0
STU00442,CS304,2,50.0,25.0,11.94,25.0,65.17
STU00443,IT303,1,50.0,21.94,11.95,25.0,63.63
STU00443,IT304,2,32.77,25.0,15.0,25.0,56.38
STU00443,IT305,3,50.0,25.0,15.0,24.81,63.27
STU00443,IT304,4,45.24,25.0,15.0,23.11,59.23
STU00444,CE303,1,50.0,25.0,15.0,25.0,80.39
STU00444,CE304,2,50.0,25.0,15.0,25.0,84.6
STU00444,CE303,3,50.0,25.0,9.65,25.0,77.29
STU00444,CE301,4,50.0,25.0,15.0,25.0,91.6
STU00444,CE301,5,50.0,25.0,15.0,25.0,81.32
STU00445,CE301,1,48.23,22.51,5.43,16.32,27.21
STU00445,CE304,2,35.34,21.49,9.04,9.99,52.89
STU00445,CE302,3,20.33,18.46,9.21,23.43,49.6
STU00446,ME303,1,50.0,18.82,15.0,24.43,52.26
STU00446,ME301,2,44.65,15.81,15.0,11.8,48.67
STU00446,ME301,3,45.11,25.0,15.0,18.6,64.71
STU00447,ME303,1,50.0,25.0,14.25,25.0,78.25
STU00447,ME303,2,50.0,25.0,15.0,25.0,82.27
STU00448,CE304,1,28.18,25.0,15.0,22.65,41.62
STU00448,CE302,2,50.0,7.43,6.92,18.46,25.58
STU00448,CE305,3,38.86,16.78,15.0,24.26,47.38
STU00448,CE301,4,21.94,17.92,15.0,16.87,62.86
STU00448,CE303,5,50.0,20.81,8.92,20.64,47.23
STU00448,CE305,6,50.0,16.01,15.0,15.79,49.6
STU00449,EE301,1,45.04,25.0,15.0,25.0,86.05
STU00449,EE305,2,48.45,25.0,15.0,25.0,73.02
STU00449,EE304,3,50.0,25.0,15.0,25.0,39.45
STU00449,EE303,4,50.0,13.4,15.0,25.0,44.24
STU00449,EE302,5,48.59,25.0,15.0,24.71,61.1
STU00450,EE303,1,50.0,25.0,14.67,24.81,67.1
STU00450,EE303,2,42.27,17.28,10.76,23.33,53.33
STU00450,EE302,3,50.0,25.0,15.0,25.0,40.27
STU00450,EE301,4,50.0,25.0,15.0,20.81,55.93
STU00451,EC302,1,50.0,14.76,15.0,25.0,58.53
STU00451,EC302,2,50.0,22.71,15.0,25.0,46.07
STU00452,CS302,1,37.65,25.0,7.73,21.13,39.63
STU00452,CS301,2,38.77,25.0,15.0,10.87,48.09
STU00452,CS302,3,40.75,25.0,10.25,20.61,61.85
STU00452,CS303,4,36.53,18.91,15.0,19.25,60.37
STU00452,CS302,5,50.0,19.06,15.0,24.31,45.76
STU00453,IT302,1,50.0,25.0,15.0,25.0,74.17
STU00453,IT304,2,41.45,25.0,15.0,25.0,70.89
STU00453,IT305,3,50.0,25.0,15.0,25.0,72.05
STU00454,CS302,1,36.36,23.86,14.83,25.0,39.89
STU00454,CS303,2,50.0,25.0,14.01,25.0,38.43
STU00454,CS302,3,50.0,25.0,11.84,15.27,33.01
STU00454,CS305,4,40.08,20.12,15.0,17.17,50.21
STU00454,CS302,5,50.0,17.87,15.0,24.25,64.46
STU00455,IT301,1,24.03,10.81,2.85,19.23,32.78
STU00455,IT301,2,30.04,16.43,1.02,16.09,20.25
STU00456,ME303,1,47.59,23.92,15.0,15.28,46.51
STU00456,ME304,2,50.0,24.5,9.9,13.51,70.11
STU00456,ME303,3,31.04,15.27,3.48,25.0,39.39
STU00457,CE305,1,50.0,25.0,13.44,25.0,74.61
STU00457,CE303,2,48.76,25.0,14.27,18.08,47.87
STU00458,ME302,1,50.0,25.0,15.0,25.0,84.57
STU00458,ME305,2,50.0,25.0,15.0,25.0,59.63
STU00458,ME305,3,50.0,25.0,15.0,25.0,70.32
STU00459,CS304,1,42.87,23.0,15.0,25.0,64.09
STU00459,CS303,2,50.0,25.0,15.0,16.06,45.54
STU00460,IT304,1,50.0,23.46,8.18,25.0,86.2
STU00460,IT302,2,38.9,25.0,15.0,25.0,73.3
STU00461,ME304,1,50.0,25.0,15.0,25.0,100.0
STU00461,ME305,2,50.0,25.0,15.0,25.0,87.13
STU00461,ME305,3,50.0,25.0,15.0,25.0,89.43
STU00462,CS304,1,50.0,19.41,15.0,25.0,59.97
STU00462,CS301,2,50.0,25.0,15.0,25.0,65.88
STU00462,CS301,3,50.0,25.0,7.52,23.38,84.78
STU00462,CS301,4,50.0,23.3,11.66,25.0,49.89
STU00462,CS301,5,50.0,25.0,15.0,25.0,49.68
STU00462,CS302,6,47.92,25.0,15.0,24.58,70.77
STU00463,EE301,1,50.0,25.0,15.0,25.0,69.2
STU00463,EE302,2,36.0,25.0,13.22,22.7,63.58
STU00463,EE304,3,50.0,25.0,6.21,25.0,70.74
STU00463,EE301,4,43.51,25.0,8.8,25.0,45.46
STU00463,EE303,5,31.64,21.36,14.8,25.0,40.64
STU00463,EE302,6,50.0,25.0,15.0,25.0,33.57
STU00464,IT303,1,50.0,25.0,15.0,25.0,66.15
STU00464,IT305,2,50.0,25.0,15.0,25.0,80.3
STU00464,IT301,3,50.0,25.0,15.0,25.0,79.96
STU00465,EC305,1,41.56,14.69,15.0,18.18,32.94
STU00465,EC303,2,50.0,24.98,15.0,23.24,56.68
STU00465,EC302,3,44.35,18.04,9.15,22.76,60.48
STU00466,CE302,1,41.26,25.0,10.29,25.0,58.97
STU00466,CE303,2,50.0,21.55,12.68,25.0,55.02
STU00467,ME301,1,50.0,25.0,15.0,25.0,88.37
STU00467,ME304,2,50.0,25.0,15.0,25.0,79.84
STU00467,ME301,3,50.0,25.0,15.0,25.0,93.3
STU00468,ME301,1,50.0,25.0,15.0,25.0,39.2
STU00468,ME301,2,29.48,20.29,15.0,17.47,47.95
STU00468,ME304,3,32.41,25.0,3.61,25.0,28.77
STU00468,ME304,4,37.11,25.0,0.89,12.6,61.12
STU00469,IT301,1,50.0,24.49,15.0,25.0,60.98
STU00469,IT301,2,50.0,20.54,11.9,25.0,67.31
STU00469,IT302,3,50.0,22.36,15.0,20.15,47.58
STU00469,IT302,4,50.0,12.3,12.78,25.0,60.64
STU00469,IT301,5,50.0,20.24,12.55,20.96,51.51
STU00470,ME304,1,45.57,25.0,12.56,25.0,72.95
STU00470,ME303,2,50.0,25.0,15.0,25.0,63.76
STU00470,ME304,3,50.0,20.1,15.0,25.0,67.19
STU00470,ME303,4,49.48,25.0,15.0,25.0,40.36
STU00471,IT303,1,50.0,25.0,15.0,25.0,85.6
STU00471,IT303,2,50.0,25.0,15.0,24.73,79.29
STU00472,ME303,1,25.91,14.51,15.0,18.97,56.15
STU00472,ME302,2,50.0,20.76,11.75,25.0,56.89
STU00473,CE302,1,43.84,18.79,15.0,24.75,45.53
STU00473,CE304,2,49.79,20.6,15.0,21.81,43.57
STU00473,CE302,3,41.99,13.52,14.23,24.99,48.27
STU00474,EE302,1,50.0,23.03,15.0,25.0,72.04
STU00474,EE302,2,50.0,24.96,15.0,25.0,75.84
STU00474,EE301,3,50.0,19.57,15.0,25.0,62.6
STU00474,EE305,4,50.0,23.91,14.29,21.98,61.1
STU00475,EC302,1,42.54,24.35,15.0,25.0,51.69
STU00475,EC303,2,28.46,25.0,1.46,21.97,46.43
STU00475,EC304,3,39.05,21.43,6.9,24.14,21.03
STU00475,EC303,4,50.0,19.79,8.37,25.0,55.14
STU00475,EC302,5,41.56,25.0,12.59,25.0,53.49
STU00475,EC305,6,37.54,17.69,15.0,22.89,40.46
STU00476,CS301,1,50.0,18.1,8.27,24.69,63.03
STU00476,CS304,2,50.0,25.0,15.0,23.47,62.48
STU00476,CS303,3,50.0,25.0,12.41,24.19,50.27
STU00476,CS301,4,50.0,25.0,10.06,22.19,49.06
STU00476,CS302,5,39.39,24.14,15.0,25.0,48.48
STU00476,CS302,6,49.49,19.96,15.0,16.11,44.54
STU00477,CE305,1,32.06,24.01,9.13,13.26,39.7
STU00477,CE303,2,22.24,15.89,9.64,21.79,13.48
STU00477,CE303,3,23.14,20.94,1.19,4.33,17.44
STU00477,CE303,4,15.37,15.44,14.31,18.33,45.94
STU00477,CE304,5,50.0,11.46,5.22,13.88,49.29
STU00477,CE302,6,28.24,13.48,8.8,20.4,53.88
STU00478,EC301,1,50.0,7.12,15.0,22.04,60.64
STU00478,EC304,2,42.89,20.46,15.0,20.19,72.46
STU00478,EC301,3,50.0,25.0,13.24,21.7,52.31
STU00478,EC303,4,50.0,17.78,10.04,12.81,45.14
STU00478,EC301,5,50.0,25.0,15.0,24.21,71.23
STU00478,EC302,6,45.6,14.42,14.85,25.0,39.47
STU00479,ME305,1,50.0,25.0,12.6,25.0,89.13
STU00479,ME301,2,50.0,25.0,15.0,25.0,73.66
STU00479,ME302,3,50.0,25.0,15.0,25.0,82.88
STU00479,ME304,4,50.0,25.0,15.0,25.0,74.42
STU00480,CE302,1,33.99,11.13,1.75,16.93,60.44
STU00480,CE304,2,30.44,13.17,12.78,25.0,37.51
STU00480,CE302,3,20.21,2.47,10.97,19.18,29.14
STU00480,CE304,4,45.73,9.4,10.57,20.35,32.98
STU00481,ME303,1,50.0,25.0,15.0,23.95,93.66
STU00481,ME305,2,50.0,25.0,15.0,25.0,59.51
STU00482,IT305,1,50.0,12.87,14.22,25.0,43.89
STU00482,IT303,2,50.0,22.89,14.96,25.0,61.01
STU00482,IT302,3,50.0,24.23,6.22,15.54,68.62
STU00483,ME304,1,42.04,22.84,15.0,25.0,57.73
STU00483,ME303,2,48.96,25.0,15.0,25.0,60.64
STU00483,ME301,3,47.48,24.38,10.42,25.0,64.76
STU00484,CE304,1,37.87,24.65,15.0,25.0,53.0
STU00484,CE304,2,50.0,19.71,12.47,25.0,55.5
STU00484,CE301,3,50.0,25.0,15.0,24.56,57.62
STU00484,CE305,4,50.0,24.34,15.0,23.26,46.95
STU00484,CE303,5,50.0,25.0,7.65,20.3,68.85
STU00484,CE304,6,42.66,25.0,10.07,25.0,51.64
STU00485,EE304,1,46.31,16.46,15.0,17.4,75.25
STU00485,EE304,2,50.0,10.27,15.0,25.0,45.1
STU00485,EE301,3,50.0,25.0,15.0,25.0,52.01
STU00485,EE304,4,50.0,19.3,14.83,25.0,64.55
STU00485,EE302,5,50.0,25.0,11.12,25.0,61.13
STU00486,EC305,1,50.0,25.0,11.81,25.0,58.41
STU00486,EC302,2,50.0,25.0,12.67,25.0,81.64
STU00486,EC301,3,50.0,16.85,15.0,25.0,78.84
STU00487,ME304,1,50.0,25.0,15.0,25.0,63.56
STU00487,ME304,2,50.0,25.0,15.0,25.0,98.88
STU00487,ME301,3,46.38,25.0,15.0,25.0,70.06
STU00488,EC303,1,50.0,25.0,15.0,25.0,79.13
STU00488,EC303,2,50.0,25.0,15.0,25.0,80.97
STU00489,EE305,1,39.83,25.0,6.66,24.05,44.82
STU00489,EE303,2,50.0,22.41,10.99,16.53,54.48
STU00489,EE301,3,28.39,12.63,9.96,12.05,21.33
STU00489,EE302,4,39.7,22.47,7.31,25.0,38.1
STU00490,EE304,1,50.0,25.0,12.5,21.6,50.91
STU00490,EE302,2,30.96,24.48,10.21,25.0,53.2
STU00490,EE303,3,50.0,16.36,8.04,25.0,41.37
STU00490,EE301,4,50.0,21.16,15.0,23.91,60.23
STU00490,EE305,5,48.49,23.48,11.33,25.0,66.59
STU00490,EE301,6,45.74,21.44,15.0,25.0,53.08
STU00491,EE302,1,46.59,13.1,15.0,25.0,64.65
STU00491,EE305,2,50.0,21.25,15.0,20.69,150.0
STU00492,CE302,1,44.8,25.0,8.28,25.0,63.51
STU00492,CE304,2,41.98,23.36,15.0,25.0,57.29
STU00492,CE305,3,46.14,25.0,15.0,25.0,72.93
STU00493,IT301,1,31.01,25.0,14.94,15.19,40.37
STU00493,IT303,2,36.68,22.83,14.16,23.58,50.27
STU00493,IT304,3,49.75,23.5,15.0,23.9,50.02
STU00493,IT302,4,45.27,20.61,15.0,25.0,69.99
STU00493,IT305,5,47.88,25.0,11.01,24.5,77.58
STU00494,CS301,1,44.58,15.08,15.0,22.7,59.49
STU00494,CS302,2,42.88,25.0,15.0,19.06,32.66
STU00494,CS302,3,50.0,22.61,15.0,11.28,18.97
STU00494,CS302,4,44.79,25.0,8.55,24.65,49.08
STU00494,CS305,5,45.43,8.41,15.0,25.0,33.13
STU00494,CS304,6,39.4,21.02,13.18,14.54,47.27
STU00495,ME303,1,45.22,17.01,10.07,22.9,30.46
STU00495,ME305,2,39.59,24.98,13.75,25.0,61.9
STU00495,ME303,3,44.64,23.9,5.78,22.93,49.71
STU00495,ME304,4,28.3,18.33,5.45,14.73,38.91
STU00496,IT304,1,50.0,25.0,15.0,25.0,73.04
STU00496,IT304,2,50.0,25.0,15.0,25.0,52.76
STU00497,CS303,1,47.21,25.0,15.0,25.0,52.04
STU00497,CS301,2,50.0,25.0,13.2,25.0,53.05
STU00498,CE305,1,50.0,25.0,15.0,15.09,58.04
STU00498,CE301,2,50.0,25.0,15.0,25.0,63.38
STU00499,EE303,1,46.08,25.0,13.87,25.0,68.02
STU00499,EE304,2,50.0,25.0,10.76,25.0,69.86
STU00500,ME301,1,50.0,25.0,15.0,25.0,68.58
STU00500,ME303,2,50.0,25.0,15.0,25.0,93.41
STU00500,ME303,3,50.0,25.0,15.0,25.0,54.07
STU00500,ME305,4,50.0,25.0,15.0,25.0,83.34
STU00501,CS302,1,28.5,15.91,5.07,6.79,38.31
STU00501,CS305,2,32.15,13.24,13.1,17.09,35.61
STU00501,CS304,3,15.95,14.3,11.84,14.61,26.34
STU00502,CE303,1,50.0,25.0,11.36,25.0,52.42
STU00502,CE301,2,48.22,25.0,11.26,18.99,71.55
STU00502,CE304,3,50.0,25.0,15.0,25.0,47.42
STU00502,CE305,4,35.39,25.0,15.0,25.0,54.89
STU00503,CS305,1,50.0,25.0,15.0,25.0,92.28
STU00503,CS302,2,50.0,25.0,13.82,25.0,67.57
STU00503,CS305,3,50.0,11.72,15.0,25.0,55.59
STU00503,CS305,4,50.0,19.09,15.0,25.0,54.84
STU00503,CS301,5,50.0,18.59,15.0,24.03,79.23
STU00503,CS301,6,50.0,25.0,15.0,25.0,76.19
STU00504,CS301,1,50.0,25.0,15.0,14.75,38.57
STU00504,CS304,2,49.51,25.0,15.0,23.58,39.72
STU00504,CS303,3,50.0,22.56,11.12,25.0,57.64
STU00505,EE301,1,41.61,25.0,15.0,25.0,50.47
STU00505,EE304,2,50.0,25.0,15.0,25.0,42.22
STU00505,EE301,3,50.0,21.35,13.47,24.68,32.46
STU00506,EE303,1,50.0,20.79,15.0,25.0,85.06
STU00506,EE301,2,50.0,25.0,15.0,25.0,64.13
STU00506,EE304,3,50.0,25.0,14.94,24.11,48.54
STU00506,EE305,4,48.03,19.94,15.0,25.0,61.14
STU00506,EE302,5,50.0,20.79,15.0,25.0,42.95
STU00506,EE301,6,50.0,25.0,15.0,24.31,82.82
STU00507,EC302,1,47.06,25.0,15.0,25.0,70.45
STU00507,EC302,2,39.63,25.0,14.78,25.0,46.66
STU00507,EC304,3,50.0,25.0,15.0,25.0,73.05
STU00507,EC303,4,50.0,25.0,13.93,25.0,72.77
STU00507,EC302,5,50.0,25.0,15.0,25.0,87.72
STU00508,IT305,1,50.0,22.41,11.84,23.3,47.3
STU00508,IT301,2,40.94,21.8,15.0,24.76,58.98
STU00508,IT301,3,39.48,25.0,15.0,25.0,64.21
STU00508,IT301,4,50.0,23.84,15.0,25.0,57.32
STU00508,IT301,5,44.88,24.51,4.75,14.97,58.11
STU00509,EE305,1,50.0,25.0,15.0,25.0,67.47
STU00509,EE303,2,50.0,25.0,15.0,23.89,74.84
STU00509,EE305,3,43.24,21.73,15.0,24.02,16.59
STU00509,EE302,4,50.0,24.76,13.46,25.0,45.16
STU00509,EE305,5,50.0,25.0,15.0,25.0,54.95
STU00510,IT303,1,50.0,23.59,15.0,25.0,52.88
STU00510,IT305,2,50.0,22.54,7.91,25.0,58.8
STU00510,IT301,3,50.0,25.0,15.0,25.0,42.7
STU00510,IT304,4,50.0,25.0,13.29,25.0,43.23
STU00510,IT301,5,50.0,20.16,15.0,25.0,51.33
STU00510,IT302,6,50.0,25.0,15.0,22.85,52.96
STU00511,CS301,1,50.0,25.0,15.0,25.0,78.06
STU00511,CS302,2,49.78,25.0,15.0,25.0,81.94
STU00512,EC305,1,50.0,25.0,15.0,25.0,45.62
STU00512,EC301,2,50.0,25.0,15.0,25.0,59.87
STU00512,EC303,3,50.0,25.0,15.0,25.0,52.31
STU00512,EC304,4,50.0,21.87,15.0,25.0,69.77
STU00512,EC301,5,50.0,22.22,15.0,21.28,53.26
STU00512,EC303,6,50.0,25.0,15.0,25.0,81.24
STU00513,EE305,1,50.0,25.0,14.43,25.0,68.87
STU00513,EE305,2,49.39,25.0,15.0,25.0,44.07
STU00513,EE304,3,50.0,25.0,15.0,18.9,80.45
STU00513,EE305,4,50.0,25.0,15.0,25.0,66.63
STU00513,EE305,5,50.0,24.14,15.0,23.97,66.4
STU00513,EE303,6,50.0,23.26,15.0,25.0,81.53
STU00514,EE303,1,36.55,16.73,15.0,25.0,44.48
STU00514,EE303,2,50.0,25.0,11.26,25.0,35.98
STU00515,CE301,1,50.0,22.12,15.0,25.0,65.91
STU00515,CE302,2,50.0,25.0,15.0,25.0,65.56
STU00515,CE301,3,50.0,25.0,15.0,25.0,58.45
STU00515,CE304,4,50.0,14.93,15.0,25.0,72.46
STU00516,IT305,1,50.0,25.0,15.0,25.0,64.29
STU00516,IT303,2,50.0,25.0,15.0,25.0,75.05
STU00516,IT304,3,50.0,25.0,15.0,25.0,63.28
STU00516,IT305,4,50.0,25.0,10.5,25.0,72.3
STU00516,IT302,5,50.0,25.0,15.0,25.0,74.28
STU00516,IT301,6,48.36,24.29,15.0,25.0,71.36
STU00517,ME304,1,50.0,25.0,15.0,25.0,68.55
STU00517,ME303,2,50.0,25.0,15.0,25.0,52.23
STU00518,CS303,1,31.99,8.78,12.16,14.59,34.81
STU00518,CS301,2,27.4,25.0,11.32,18.79,58.45
STU00518,CS301,3,38.63,25.0,15.0,23.79,37.6
STU00518,CS305,4,45.1,25.0,11.06,5.91,66.04
STU00518,CS301,5,50.0,23.66,10.0,15.37,62.11
STU00519,IT304,1,12.29,9.21,15.0,19.73,26.2
STU00519,IT302,2,14.97,15.84,6.56,6.93,36.32
STU00520,CE305,1,31.51,25.0,14.03,23.31,54.44
STU00520,CE301,2,49.66,13.91,7.61,18.77,35.25
STU00520,CE301,3,31.64,3.45,7.21,20.97,54.69
STU00520,CE303,4,18.07,25.0,6.26,25.0,50.8
STU00520,CE303,5,26.71,22.07,11.43,14.8,28.89
STU00521,ME302,1,50.0,25.0,15.0,25.0,63.36
STU00521,ME301,2,50.0,25.0,15.0,25.0,73.35
STU00522,EC304,1,30.96,25.0,12.98,24.96,68.1
STU00522,EC301,2,50.0,25.0,15.0,24.21,36.37
STU00522,EC301,3,44.53,25.0,10.24,25.0,53.19
STU00523,ME302,1,50.0,25.0,15.0,25.0,64.33
STU00523,ME302,2,50.0,25.0,15.0,25.0,78.19
STU00524,CS303,1,23.2,10.81,15.0,18.88,37.79
STU00524,CS305,2,33.91,22.22,15.0,25.0,50.86
STU00525,CS302,1,20.48,12.0,7.47,16.74,37.17
STU00525,CS304,2,45.78,13.58,5.53,19.56,31.42
STU00525,CS301,3,42.12,4.69,6.66,11.76,29.17
STU00525,CS303,4,46.58,25.0,11.64,23.92,44.74
STU00526,ME303,1,46.65,25.0,15.0,22.97,58.05
STU00526,ME304,2,50.0,24.13,15.0,25.0,82.36
STU00526,ME303,3,50.0,25.0,13.57,24.94,56.51
STU00526,ME302,4,50.0,25.0,15.0,16.52,75.74
STU00526,ME303,5,50.0,25.0,15.0,25.0,77.64
STU00527,EE303,1,50.0,23.88,12.23,23.68,89.37
STU00527,EE305,2,49.66,25.0,15.0,25.0,84.32
STU00528,IT301,1,32.21,6.85,0.0,1.03,42.57
STU00528,IT302,2,30.85,14.41,1.13,10.08,40.56
STU00528,IT303,3,36.48,11.26,10.0,25.0,27.04
STU00528,IT301,4,31.94,21.8,7.5,8.16,17.61
STU00529,CE301,1,26.3,20.58,13.06,10.74,51.1
STU00529,CE304,2,28.69,19.54,4.97,6.43,42.12
STU00529,CE301,3,34.29,25.0,13.92,9.55,24.19
STU00530,ME301,1,50.0,25.0,14.38,25.0,83.87
STU00530,ME303,2,39.7,25.0,15.0,18.69,53.76
STU00530,ME303,3,50.0,22.6,12.37,25.0,65.86
STU00530,ME301,4,50.0,25.0,15.0,25.0,61.99
STU00530,ME305,5,50.0,13.36,15.0,25.0,60.25
STU00531,EC301,1,50.0,21.93,6.91,22.01,63.41
STU00531,EC304,2,50.0,23.71,8.63,22.1,64.02
STU00531,EC301,3,50.0,13.9,15.0,13.72,76.3
STU00531,EC302,4,32.02,23.78,8.93,17.46,45.88
STU00531,EC302,5,46.67,24.75,15.0,23.34,51.02
STU00532,ME301,1,50.0,25.0,15.0,25.0,68.3
STU00532,ME301,2,50.0,25.0,15.0,25.0,64.73
STU00532,ME301,3,50.0,21.4,15.0,25.0,73.78
STU00532,ME303,4,49.75,19.9,15.0,16.49,80.99
STU00532,ME301,5,50.0,25.0,12.21,25.0,84.76
STU00532,ME305,6,50.0,25.0,15.0,25.0,61.2
STU00533,IT301,1,41.48,19.42,13.69,23.54,25.39
STU00533,IT305,2,43.71,25.0,3.91,17.79,57.69
STU00533,IT303,3,50.0,25.0,15.0,25.0,39.53
STU00533,IT304,4,50.0,25.0,15.0,25.0,51.34
STU00533,IT302,5,46.27,11.49,11.98,25.0,41.6
STU00534,ME302,1,50.0,16.58,15.0,12.62,32.02
STU00534,ME301,2,50.0,16.89,11.09,22.75,54.73
STU00534,ME303,3,28.2,19.39,7.88,24.29,57.48
STU00534,ME302,4,30.79,6.53,15.0,23.86,50.75
STU00534,ME303,5,26.18,23.4,10.53,16.04,42.4
STU00535,EC305,1,30.79,21.0,15.0,25.0,69.86
STU00535,EC303,2,50.0,25.0,15.0,25.0,50.17
STU00536,ME305,1,42.32,25.0,11.33,16.57,68.75
STU00536,ME301,2,44.68,25.0,15.0,25.0,39.56
STU00536,ME305,3,50.0,25.0,15.0,24.12,66.2
STU00536,ME303,4,50.0,21.43,13.18,25.0,83.44
STU00537,ME304,1,44.2,25.0,15.0,21.7,49.8
STU00537,ME304,2,37.52,23.21,13.37,17.19,62.75
STU00537,ME304,3,43.52,18.52,8.57,23.1,73.93
STU00537,ME303,4,50.0,25.0,1.85,17.34,20.82
STU00537,ME305,5,50.0,25.0,12.84,25.0,44.58
STU00538,CE301,1,40.33,25.0,7.43,22.87,69.43
STU00538,CE303,2,46.4,25.0,15.0,24.63,69.74
STU00538,CE301,3,50.0,14.69,12.99,25.0,70.47
STU00538,CE302,4,-5.0,23.88,14.89,19.07,44.78
STU00538,CE303,5,45.79,18.4,15.0,25.0,56.11
STU00539,EE302,1,37.52,22.8,15.0,16.89,14.68
STU00539,EE302,2,29.95,17.12,15.0,14.9,43.54
STU00539,EE305,3,39.14,16.6,15.0,11.93,47.9
STU00539,EE302,4,38.86,18.3,9.76,19.7,45.4
STU00539,EE301,5,45.4,23.94,6.93,19.22,50.4
STU00540,EC304,1,50.0,8.18,15.0,25.0,66.0
STU00540,EC301,2,50.0,25.0,10.82,25.0,68.03
STU00540,EC301,3,50.0,23.66,15.0,25.0,71.49
STU00540,EC303,4,50.0,25.0,15.0,25.0,70.99
STU00540,EC303,5,50.0,25.0,15.0,25.0,72.93
STU00540,EC305,6,50.0,25.0,13.22,25.0,65.3
STU00541,CS301,1,44.78,25.0,8.65,18.05,63.51
STU00541,CS305,2,38.57,17.04,14.3,23.01,57.39
STU00541,CS301,3,32.91,24.24,15.0,25.0,42.88
STU00541,CS302,4,44.06,25.0,6.97,20.64,42.82
STU00542,CE305,1,34.51,25.0,15.0,25.0,49.09
STU00542,CE304,2,42.59,14.75,15.0,22.63,47.29
STU00542,CE304,3,47.35,3.52,15.0,25.0,41.78
STU00542,CE302,4,39.32,23.51,15.0,25.0,46.2
STU00543,CS305,1,50.0,25.0,15.0,25.0,92.13
STU00543,CS303,2,50.0,25.0,15.0,25.0,90.54
STU00543,CS303,3,50.0,25.0,15.0,25.0,54.93
STU00543,CS303,4,50.0,25.0,15.0,25.0,76.16
STU00544,CE303,1,40.09,25.0,15.0,22.3,65.14
STU00544,CE303,2,50.0,25.0,12.83,25.0,55.53
STU00544,CE305,3,50.0,25.0,10.55,25.0,56.09
STU00545,CS305,1,50.0,15.96,15.0,20.48,57.45
STU00545,CS303,2,50.0,24.96,15.0,25.0,40.92
STU00546,ME304,1,45.98,25.0,4.3,20.57,56.26
STU00546,ME302,2,38.1,8.84,8.26,24.83,42.95
STU00546,ME301,3,48.13,15.06,8.04,16.64,39.52
STU00547,ME305,1,45.0,17.98,15.0,12.05,26.7
STU00547,ME305,2,45.1,6.22,5.77,8.8,43.69
STU00547,ME305,3,28.29,19.44,14.09,22.76,35.53
STU00548,IT304,1,50.0,25.0,11.57,24.84,62.78
STU00548,IT303,2,50.0,24.28,13.31,25.0,57.4
STU00548,IT302,3,50.0,25.0,13.81,25.0,62.13
STU00548,IT302,4,46.63,20.2,13.45,24.52,48.3
STU00548,IT302,5,50.0,25.0,15.0,25.0,56.88
STU00548,IT302,6,50.0,25.0,15.0,18.75,48.99
STU00549,ME301,1,35.19,22.76,14.78,24.96,52.86
STU00549,ME304,2,43.51,25.0,15.0,19.32,38.2
STU00549,ME303,3,32.13,20.54,8.86,18.43,74.26
STU00549,ME303,4,47.41,23.76,10.71,23.36,41.71
STU00550,CE304,1,38.74,25.0,1.83,14.71,29.88
STU00550,CE304,2,50.0,25.0,11.91,17.53,30.32
STU00550,CE302,3,25.19,17.77,14.01,23.84,53.21
STU00550,CE305,4,36.6,19.82,15.0,20.16,43.78
STU00551,EC305,1,50.0,25.0,15.0,25.0,66.26
STU00551,EC305,2,50.0,25.0,15.0,25.0,84.63
STU00551,EC303,3,50.0,25.0,15.0,25.0,55.69
STU00551,EC303,4,50.0,25.0,15.0,25.0,82.61
STU00551,EC301,5,50.0,25.0,15.0,25.0,81.48
STU00552,ME305,1,39.54,14.46,9.26,15.18,23.34
STU00552,ME305,2,15.65,1.69,15.0,11.99,36.81
STU00552,ME302,3,46.46,25.0,11.95,23.43,30.61
STU00552,ME304,4,29.64,14.72,1.31,8.87,36.78
STU00552,ME302,5,14.96,13.71,11.94,4.88,32.46
STU00553,IT303,1,34.71,25.0,10.42,23.9,63.45
STU00553,IT301,2,50.0,17.97,13.3,24.32,45.98
STU00553,IT301,3,50.0,19.97,15.0,25.0,67.82
STU00553,IT301,4,50.0,25.0,15.0,25.0,68.42
STU00553,IT301,5,40.98,25.0,15.0,25.0,57.0
STU00554,CS305,1,49.55,25.0,14.05,25.0,61.84
STU00554,CS304,2,31.4,25.0,15.0,25.0,44.39
STU00554,CS302,3,47.65,25.0,15.0,25.0,33.2
STU00554,CS305,4,50.0,25.0,15.0,14.02,53.2
STU00554,CS303,5,45.52,17.25,6.43,17.94,32.24
STU00554,CS303,6,47.23,12.35,15.0,23.3,50.63
STU00555,CS305,1,50.0,25.0,15.0,21.01,66.65
STU00555,CS301,2,50.0,25.0,15.0,20.37,67.84
STU00555,CS303,3,50.0,25.0,15.0,25.0,44.69
STU00555,CS304,4,50.0,25.0,15.0,25.0,100.0
STU00555,CS304,5,50.0,21.41,11.66,25.0,66.81
STU00555,CS304,6,45.04,25.0,15.0,25.0,76.56
STU00556,EC305,1,50.0,25.0,15.0,23.14,51.34
STU00556,EC302,2,50.0,25.0,15.0,21.91,62.12
STU00556,EC305,3,50.0,25.0,13.63,25.0,58.23
STU00557,IT304,1,50.0,25.0,9.08,25.0,74.71
STU00557,IT304,2,50.0,15.33,15.0,25.0,99.02
STU00557,IT305,3,50.0,25.0,15.0,25.0,71.45
STU00557,IT301,4,49.37,25.0,15.0,25.0,80.98
STU00557,IT303,5,50.0,25.0,15.0,25.0,71.8
STU00558,EC301,1,50.0,25.0,15.0,25.0,76.56
STU00558,EC303,2,48.73,25.0,15.0,25.0,67.03
STU00558,EC304,3,50.0,25.0,15.0,20.95,79.11
STU00558,EC302,4,50.0,25.0,15.0,23.29,53.4
STU00559,EC302,1,50.0,21.84,9.81,23.05,71.94
STU00559,EC305,2,50.0,15.58,8.98,20.96,59.09
STU00560,EC305,1,50.0,25.0,12.43,23.52,45.96
STU00560,EC301,2,50.0,23.33,15.0,25.0,54.34
STU00560,EC303,3,50.0,25.0,15.0,25.0,67.42
STU00560,EC301,4,50.0,25.0,15.0,25.0,84.95
STU00560,EC303,5,50.0,19.45,14.73,25.0,58.15
STU00560,EC304,6,43.63,23.21,15.0,25.0,78.35
STU00561,EC303,1,48.23,24.28,14.53,25.0,41.13
STU00561,EC305,2,36.35,16.84,15.0,25.0,69.38
STU00561,EC302,3,41.33,25.0,9.98,25.0,72.63
STU00562,CE301,1,50.0,25.0,15.0,25.0,89.1
STU00562,CE305,2,50.0,23.56,15.0,25.0,71.25
STU00562,CE301,3,50.0,25.0,15.0,25.0,93.46
STU00563,CE305,1,50.0,25.0,15.0,25.0,86.6
STU00563,CE301,2,50.0,25.0,15.0,25.0,88.14
STU00563,CE301,3,50.0,25.0,15.0,25.0,80.49
STU00563,CE302,4,50.0,21.64,15.0,25.0,76.46
STU00563,CE305,5,50.0,25.0,15.0,25.0,64.61
STU00563,CE304,6,50.0,25.0,15.0,25.0,68.94
STU00564,EE303,1,48.63,23.13,13.36,23.75,49.11
STU00564,EE301,2,50.0,25.0,15.0,25.0,66.15
STU00564,EE304,3,50.0,12.9,9.15,24.6,61.27
STU00564,EE303,4,46.0,19.99,15.0,25.0,42.8
STU00564,EE302,5,50.0,25.0,4.89,16.89,58.06
STU00565,ME303,1,27.18,25.0,4.33,17.65,20.13
STU00565,ME302,2,38.74,19.3,13.85,15.43,38.28
STU00566,IT302,1,50.0,25.0,13.95,25.0,78.68
STU00566,IT303,2,50.0,25.0,15.0,25.0,85.99
STU00566,IT305,3,48.93,25.0,15.0,25.0,68.95
STU00566,IT303,4,50.0,25.0,15.0,25.0,83.09
STU00567,IT301,1,50.0,21.79,12.68,23.44,41.77
STU00567,IT302,2,50.0,18.73,9.74,19.89,58.49
STU00567,IT301,3,38.6,25.0,15.0,25.0,55.52
STU00567,IT302,4,47.43,16.96,15.0,25.0,60.51
STU00567,IT302,5,45.16,19.96,15.0,15.91,63.3
STU00568,EE304,1,47.12,22.68,13.73,17.59,77.88
STU00568,EE304,2,50.0,14.83,10.55,25.0,75.13
STU00568,EE304,3,50.0,25.0,15.0,25.0,61.39
STU00568,EE302,4,48.37,20.34,10.99,25.0,64.28
STU00569,EC305,1,43.27,25.0,14.39,25.0,62.97
STU00569,EC301,2,44.91,25.0,15.0,24.25,54.5
STU00570,EE304,1,47.17,25.0,14.13,17.46,44.95
STU00570,EE302,2,43.3,19.64,6.9,25.0,65.86
STU00571,IT303,1,50.0,25.0,15.0,18.97,43.21
STU00571,IT305,2,31.79,12.48,10.57,14.15,40.09
STU00571,IT303,3,20.57,11.74,13.35,9.02,60.23
STU00571,IT305,4,16.98,14.29,9.83,18.07,31.51
STU00571,IT303,5,24.2,18.36,5.23,16.7,30.49
STU00572,IT304,1,48.06,23.91,15.0,20.59,70.38
STU00572,IT304,2,42.64,17.91,15.0,20.52,58.53
STU00572,IT305,3,47.44,24.13,3.92,20.68,59.03
STU00572,IT303,4,50.0,14.0,15.0,20.95,38.59
STU00573,EC301,1,32.06,17.24,15.0,21.89,40.05
STU00573,EC304,2,37.25,25.0,13.68,9.15,32.06
STU00573,EC303,3,37.62,10.71,15.0,18.12,29.63
STU00574,IT301,1,50.0,25.0,13.79,25.0,61.45
STU00574,IT304,2,44.75,25.0,15.0,5.32,69.65
STU00574,IT301,3,40.04,15.61,9.85,25.0,56.37
STU00574,IT304,4,50.0,16.93,11.62,22.93,63.86
STU00574,IT304,5,40.46,12.7,11.46,25.0,48.67
STU00575,CS304,1,50.0,25.0,14.28,14.82,76.5
STU00575,CS301,2,50.0,22.6,15.0,25.0,66.93
STU00575,CS303,3,50.0,25.0,15.0,25.0,59.5
STU00575,CS304,4,43.29,25.0,15.0,25.0,41.7
STU00575,CS305,5,50.0,25.0,15.0,25.0,73.56
STU00575,CS303,6,48.96,25.0,14.17,22.75,55.35
STU00576,CS304,1,50.0,25.0,15.0,25.0,76.38
STU00576,CS304,2,50.0,25.0,15.0,23.21,83.03
STU00576,CS303,3,50.0,25.0,13.43,25.0,92.41
STU00576,CS303,4,50.0,25.0,15.0,25.0,75.81
STU00576,CS302,5,50.0,25.0,15.0,25.0,97.14
STU00577,IT303,1,31.16,25.0,14.11,25.0,48.81
STU00577,IT304,2,45.57,25.0,9.97,25.0,71.13
STU00578,EE302,1,41.12,12.16,15.0,16.5,80.8
STU00578,EE301,2,50.0,25.0,11.38,15.27,50.76
STU00578,EE302,3,49.79,21.25,10.37,25.0,42.05
STU00578,EE301,4,43.56,22.57,13.63,24.88,47.82
STU00578,EE301,5,50.0,25.0,15.0,21.93,54.82
STU00578,EE303,6,45.27,18.52,15.0,25.0,55.24
STU00579,EE305,1,48.22,25.0,15.0,25.0,73.45
STU00579,EE303,2,50.0,25.0,4.97,24.86,59.7
STU00580,CE305,1,50.0,25.0,15.0,17.7,80.17
STU00580,CE302,2,50.0,22.91,15.0,25.0,62.0
STU00580,CE302,3,50.0,25.0,15.0,25.0,79.39
STU00581,EE304,1,45.07,16.26,15.0,19.7,31.55
STU00581,EE305,2,43.39,20.13,7.36,17.69,63.73
STU00581,EE301,3,50.0,25.0,7.3,25.0,30.4
STU00581,EE301,4,21.14,15.9,10.94,25.0,52.76
STU00582,IT304,1,35.37,13.34,8.79,21.52,32.54
STU00582,IT301,2,38.81,17.55,15.0,9.64,31.52
STU00582,IT303,3,25.63,25.0,15.0,10.09,46.12
STU00582,IT301,4,42.02,15.87,14.49,23.02,40.41
STU00582,IT302,5,22.44,13.78,0.92,21.83,36.01
STU00582,IT303,6,35.76,16.02,9.06,13.52,54.1
STU00583,EC304,1,50.0,25.0,15.0,24.41,78.55
STU00583,EC303,2,50.0,24.36,10.34,25.0,59.49
STU00583,EC301,3,50.0,23.83,15.0,25.0,61.76
STU00583,EC305,4,50.0,25.0,14.59,25.0,80.84
STU00583,EC301,5,50.0,25.0,15.0,25.0,70.65
STU00584,EE305,1,50.0,25.0,13.72,25.0,63.51
STU00584,EE301,2,50.0,25.0,15.0,25.0,74.22
STU00584,EE302,3,50.0,25.0,15.0,25.0,62.63
STU00584,EE303,4,50.0,25.0,14.67,25.0,95.92
STU00584,EE305,5,50.0,25.0,15.0,25.0,66.44
STU00584,EE303,6,50.0,25.0,15.0,25.0,83.28
STU00585,CE302,1,50.0,25.0,15.0,25.0,76.42
STU00585,CE303,2,50.0,25.0,15.0,25.0,78.79
STU00585,CE304,3,50.0,25.0,13.94,25.0,94.68
STU00585,CE304,4,50.0,25.0,13.49,25.0,83.9
STU00585,CE302,5,50.0,25.0,14.72,25.0,75.84
STU00586,ME303,1,50.0,25.0,15.0,19.41,64.27
STU00586,ME303,2,50.0,25.0,15.0,20.71,53.45
STU00586,ME304,3,50.0,23.99,15.0,25.0,62.45
STU00586,ME304,4,50.0,25.0,4.34,25.0,59.5
STU00586,ME303,5,50.0,16.75,15.0,25.0,49.63
STU00586,ME304,6,49.07,24.85,6.61,25.0,60.22
STU00587,CE301,1,50.0,25.0,15.0,25.0,57.23
STU00587,CE302,2,50.0,15.11,13.4,23.53,46.49
STU00587,CE303,3,43.17,20.6,15.0,25.0,51.03
STU00587,CE305,4,50.0,25.0,15.0,25.0,54.07
STU00587,CE303,5,50.0,24.24,14.93,20.41,65.68
STU00587,CE302,6,50.0,16.99,12.67,12.71,73.37
STU00588,ME305,1,50.0,25.0,15.0,22.36,67.1
STU00588,ME302,2,50.0,25.0,15.0,25.0,50.07
STU00589,EC302,1,50.0,20.5,15.0,25.0,56.3
STU00589,EC302,2,50.0,23.57,8.18,22.03,82.68
STU00589,EC305,3,50.0,25.0,11.16,25.0,33.53
STU00589,EC305,4,50.0,25.0,9.31,25.0,64.61
STU00589,EC301,5,50.0,25.0,15.0,25.0,29.58
STU00589,EC303,6,50.0,20.2,15.0,25.0,52.07
STU00590,ME303,1,50.0,25.0,15.0,25.0,69.03
STU00590,ME301,2,50.0,25.0,7.83,25.0,46.2
STU00590,ME305,3,50.0,18.0,15.0,25.0,71.68
STU00590,ME301,4,50.0,20.49,15.0,25.0,52.27
STU00591,EC305,1,30.5,25.0,9.24,12.52,48.66
STU00591,EC305,2,50.0,25.0,15.0,24.26,49.56
STU00591,EC303,3,43.94,7.71,11.25,16.15,46.35
STU00592,EE304,1,41.87,25.0,8.66,25.0,66.54
STU00592,EE305,2,49.95,19.24,9.46,25.0,47.67
STU00592,EE301,3,26.07,24.8,11.08,25.0,90.16
STU00592,EE301,4,50.0,25.0,11.88,25.0,58.03
STU00593,EC301,1,43.51,25.0,6.45,25.0,43.63
STU00593,EC305,2,50.0,14.59,10.41,20.03,67.5
STU00593,EC302,3,39.21,24.47,14.64,23.43,60.9
STU00594,EE301,1,50.0,25.0,10.68,21.09,48.94
STU00594,EE304,2,50.0,25.0,15.0,15.16,66.58
STU00594,EE302,3,50.0,23.04,15.0,25.0,55.67
STU00594,EE302,4,50.0,12.88,15.0,25.0,70.19
STU00594,EE304,5,38.34,25.0,15.0,18.53,73.14
STU00595,CS301,1,39.1,25.0,7.6,9.39,40.59
STU00595,CS303,2,42.32,17.4,14.34,11.48,59.53
STU00595,CS305,3,26.73,10.19,15.0,25.0,68.84
STU00595,CS305,4,31.49,21.28,6.53,13.21,48.68
STU00596,CS302,1,50.0,23.85,15.0,25.0,46.1
STU00596,CS303,2,50.0,18.99,10.98,25.0,42.25
STU00596,CS305,3,49.63,14.89,15.0,25.0,58.41
STU00596,CS305,4,50.0,25.0,15.0,23.61,56.88
STU00596,CS304,5,46.47,25.0,15.0,25.0,47.47
STU00596,CS302,6,50.0,25.0,10.39,25.0,54.86
STU00597,EC302,1,50.0,25.0,15.0,25.0,57.59
STU00597,EC301,2,50.0,25.0,15.0,25.0,58.64
STU00597,EC304,3,50.0,25.0,15.0,25.0,74.27
STU00598,CS304,1,50.0,25.0,15.0,25.0,67.0
STU00598,CS301,2,50.0,25.0,15.0,25.0,66.3
STU00598,CS302,3,50.0,24.2,15.0,25.0,83.78
STU00599,CE305,1,50.0,25.0,11.91,25.0,59.12
STU00599,CE303,2,50.0,25.0,15.0,25.0,69.79
STU00600,ME305,1,40.68,25.0,15.0,25.0,59.68
STU00600,ME305,2,50.0,25.0,15.0,25.0,73.23
STU00601,CE303,1,50.0,25.0,15.0,25.0,74.0
STU00601,CE303,2,41.22,23.92,15.0,25.0,75.91
STU00602,EC303,1,48.14,13.96,8.31,9.92,48.35
STU00602,EC304,2,27.75,11.03,9.25,16.41,33.79
STU00602,EC303,3,41.72,19.07,9.61,16.41,45.69
STU00603,IT305,1,50.0,25.0,13.08,24.89,47.89
STU00603,IT301,2,50.0,25.0,13.4,24.46,49.5
STU00603,IT301,3,50.0,25.0,15.0,25.0,52.92
STU00603,IT303,4,50.0,25.0,15.0,25.0,60.62
STU00604,IT305,1,50.0,23.75,15.0,25.0,78.75
STU00604,IT302,2,50.0,25.0,15.0,20.89,79.31
STU00604,IT303,3,50.0,25.0,15.0,24.46,70.74
STU00604,IT305,4,50.0,25.0,15.0,25.0,49.34
STU00605,CE302,1,45.9,20.61,15.0,20.61,63.54
STU00605,CE302,2,43.11,24.79,15.0,21.04,50.81
STU00605,CE301,3,50.0,18.46,15.0,15.8,46.4
STU00606,CS302,1,45.75,10.0,11.89,25.0,46.33
STU00606,CS301,2,50.0,19.42,15.0,15.02,61.4
STU00606,CS301,3,50.0,21.22,15.0,25.0,39.82
STU00607,EC305,1,38.42,24.19,13.91,24.21,39.98
STU00607,EC304,2,49.41,18.25,15.0,23.48,54.93
STU00607,EC303,3,41.74,23.67,11.42,18.47,52.46
STU00608,EE301,1,50.0,12.18,9.39,21.72,71.62
STU00608,EE305,2,50.0,25.0,8.29,25.0,63.28
STU00608,EE304,3,44.9,14.92,14.0,20.49,56.02
STU00608,EE304,4,37.19,22.45,14.94,25.0,56.79
STU00608,EE303,5,50.0,22.39,15.0,23.85,62.86
STU00608,EE305,6,48.62,16.52,14.66,17.76,42.59
STU00609,CS302,1,32.68,6.5,10.42,15.73,44.42
STU00609,CS303,2,18.59,10.84,12.96,9.58,21.2
STU00609,CS304,3,39.56,25.0,4.61,14.17,48.45
STU00609,CS304,4,36.45,19.48,9.62,22.32,41.13
STU00609,CS301,5,29.5,23.13,15.0,5.59,31.47
STU00609,CS303,6,16.17,16.03,12.65,21.91,42.11
STU00610,IT303,1,50.0,23.49,15.0,22.45,61.11
STU00610,IT303,2,50.0,25.0,15.0,14.66,78.23
STU00611,CS305,1,37.62,16.2,10.44,16.07,51.87
STU00611,CS304,2,50.0,20.08,12.65,22.36,52.76
STU00611,CS302,3,50.0,19.96,15.0,23.09,35.63
STU00612,CS304,1,33.12,9.85,3.58,11.44,47.67
STU00612,CS305,2,23.64,14.95,6.15,9.58,19.79
STU00612,CS301,3,27.18,11.37,4.77,6.25,19.29
STU00613,ME301,1,50.0,15.56,15.0,25.0,69.63
STU00613,ME303,2,50.0,25.0,15.0,20.1,68.5
STU00613,ME305,3,49.58,25.0,12.01,25.0,50.14
STU00613,ME301,4,50.0,25.0,15.0,25.0,81.73
STU00614,CS304,1,41.18,25.0,12.32,25.0,58.73
STU00614,CS303,2,50.0,25.0,15.0,25.0,61.59
STU00614,CS301,3,43.6,25.0,15.0,25.0,65.89
STU00614,CS304,4,50.0,22.47,15.0,25.0,51.72
STU00614,CS304,5,50.0,25.0,11.27,25.0,61.07
STU00615,CS305,1,38.31,25.0,14.73,17.33,65.44
STU00615,CS301,2,31.59,25.0,10.62,22.14,71.9
STU00615,CS301,3,48.42,24.74,15.0,25.0,85.45
STU00615,CS302,4,50.0,9.14,11.27,25.0,49.96
STU00615,CS301,5,46.97,21.05,15.0,25.0,49.43
STU00616,ME301,1,45.2,25.0,15.0,12.92,57.33
STU00616,ME301,2,50.0,25.0,6.94,24.79,41.63
STU00617,ME305,1,40.42,25.0,14.97,20.83,51.59
STU00617,ME302,2,50.0,25.0,11.87,15.14,38.23
STU00618,EC303,1,37.7,21.86,14.58,15.3,37.21
STU00618,EC305,2,31.42,16.05,13.66,20.94,50.21
STU00618,EC305,3,27.41,16.14,15.0,23.61,39.82
STU00618,EC304,4,43.52,17.56,6.89,19.16,47.85
STU00619,IT301,1,45.2,25.0,11.99,25.0,63.56
STU00619,IT305,2,50.0,25.0,15.0,25.0,68.57
STU00620,EE301,1,50.0,14.91,15.0,21.05,34.13
STU00620,EE304,2,40.74,14.0,11.99,19.0,56.25
STU00620,EE303,3,39.25,25.0,5.17,22.8,47.86
STU00620,EE305,4,36.89,22.64,15.0,24.38,58.46
STU00621,CS301,1,44.03,17.19,9.21,24.89,49.57
STU00621,CS303,2,50.0,22.2,9.7,12.61,29.75
STU00621,CS301,3,36.15,23.08,12.91,18.71,46.84
STU00622,EC305,1,50.0,25.0,15.0,24.42,76.44
STU00622,EC305,2,50.0,25.0,15.0,25.0,74.31
STU00622,EC301,3,50.0,23.54,14.82,25.0,51.15
STU00622,EC301,4,50.0,24.19,15.0,25.0,71.47
STU00622,EC301,5,50.0,25.0,15.0,25.0,70.78
STU00623,CS305,1,50.0,25.0,15.0,25.0,82.49
STU00623,CS302,2,50.0,24.54,6.98,25.0,73.95
STU00623,CS302,3,50.0,25.0,15.0,25.0,63.36
STU00623,CS304,4,50.0,25.0,14.25,25.0,63.16
STU00624,IT303,1,50.0,24.93,13.87,21.38,76.76
STU00624,IT302,2,50.0,17.14,15.0,18.35,63.77
STU00624,IT301,3,50.0,25.0,12.52,18.96,81.55
STU00625,ME302,1,50.0,25.0,15.0,25.0,67.17
STU00625,ME302,2,50.0,25.0,14.58,25.0,56.51
STU00625,ME304,3,50.0,25.0,15.0,25.0,77.96
STU00625,ME302,4,50.0,23.92,15.0,25.0,79.2
STU00626,IT302,1,50.0,13.14,15.0,25.0,48.34
STU00626,IT303,2,50.0,25.0,15.0,23.75,46.84
STU00626,IT303,3,50.0,25.0,15.0,25.0,54.66
STU00627,EE303,1,44.75,17.72,15.0,23.5,57.07
STU00627,EE303,2,50.0,24.72,12.52,23.88,59.67
STU00627,EE302,3,47.56,17.14,15.0,22.45,53.1
STU00627,EE305,4,50.0,22.76,15.0,17.19,33.95
STU00627,EE302,5,39.68,25.0,15.0,25.0,62.16
STU00628,IT303,1,37.8,25.0,5.0,19.79,21.83
STU00628,IT302,2,20.82,8.79,2.46,19.58,26.09
STU00628,IT305,3,50.0,19.1,14.88,18.94,27.0
STU00628,IT301,4,21.67,24.45,7.53,14.38,42.17
STU00628,IT303,5,37.9,25.0,8.01,23.57,39.56
STU00629,ME303,1,50.0,25.0,15.0,25.0,77.24
STU00629,ME301,2,50.0,25.0,15.0,25.0,82.54
STU00629,ME304,3,50.0,25.0,15.0,25.0,79.28
STU00629,ME304,4,50.0,25.0,11.79,25.0,71.78
STU00629,ME303,5,50.0,25.0,15.0,25.0,75.14
STU00630,CE301,1,40.07,25.0,15.0,25.0,63.84
STU00630,CE301,2,50.0,25.0,15.0,25.0,86.24
STU00630,CE301,3,50.0,25.0,15.0,25.0,60.78
STU00630,CE304,4,50.0,25.0,15.0,25.0,69.24
STU00630,CE303,5,50.0,25.0,15.0,25.0,66.13
STU00630,CE301,6,50.0,25.0,15.0,25.0,70.16
STU00631,EC303,1,36.73,17.8,8.78,25.0,40.16
STU00631,EC304,2,46.36,15.37,15.0,25.0,54.85
STU00631,EC301,3,25.74,24.86,5.6,22.12,58.43
STU00631,EC305,4,50.0,25.0,15.0,19.05,30.75
STU00632,CE305,1,43.89,11.11,3.02,16.0,21.67
STU00632,CE304,2,46.24,18.71,11.12,12.82,40.68
STU00632,CE302,3,41.53,25.0,15.0,12.73,45.65
STU00632,CE303,4,43.63,21.46,9.29,16.24,32.04
STU00632,CE304,5,39.99,25.0,15.0,23.93,48.13
STU00632,CE303,6,47.32,25.0,8.22,19.94,43.73
STU00633,ME305,1,50.0,20.77,15.0,25.0,56.83
STU00633,ME304,2,50.0,25.0,11.16,25.0,64.96
STU00633,ME303,3,50.0,25.0,15.0,25.0,63.91
STU00634,IT301,1,42.5,25.0,15.0,25.0,58.08
STU00634,IT305,2,50.0,25.0,9.99,18.31,60.43
STU00634,IT303,3,50.0,20.19,14.89,25.0,60.67
STU00634,IT305,4,50.0,25.0,9.84,22.78,79.32
STU00634,IT302,5,50.0,25.0,15.0,25.0,60.6
STU00634,IT301,6,50.0,25.0,15.0,25.0,72.11
STU00635,ME302,1,50.0,25.0,15.0,25.0,50.74
STU00635,ME304,2,50.0,18.61,15.0,25.0,79.95
STU00635,ME302,3,50.0,25.0,15.0,22.67,56.25
STU00635,ME301,4,50.0,25.0,13.03,25.0,71.24
STU00636,EE302,1,34.12,24.51,0.93,23.58,37.58
STU00636,EE303,2,16.83,15.7,12.08,16.78,19.97
STU00636,EE302,3,48.23,18.48,13.45,18.52,49.25
STU00637,CS304,1,50.0,25.0,15.0,25.0,77.23
STU00637,CS302,2,50.0,25.0,15.0,25.0,86.6
STU00637,CS305,3,50.0,25.0,15.0,25.0,56.6
STU00638,EE304,1,50.0,25.0,13.69,25.0,51.82
STU00638,EE303,2,50.0,25.0,15.0,25.0,57.55
STU00639,CE305,1,36.44,14.03,10.89,13.83,50.15
STU00639,CE302,2,40.99,19.81,9.68,19.71,49.72
STU00639,CE304,3,34.36,25.0,15.0,13.26,49.08
STU00639,CE302,4,38.98,13.1,15.0,17.72,42.22
STU00639,CE304,5,25.28,11.9,15.0,17.89,35.86
STU00640,ME302,1,36.54,25.0,10.83,13.59,43.41
STU00640,ME303,2,44.82,20.71,14.8,22.23,42.84
STU00640,ME304,3,39.42,13.57,11.4,14.85,33.6
STU00640,ME305,4,38.63,23.98,11.41,16.83,52.33
STU00641,EE304,1,35.61,25.0,14.47,25.0,47.27
STU00641,EE302,2,50.0,23.26,11.25,23.73,54.05
STU00641,EE302,3,44.86,25.0,0.0,19.29,29.94
STU00641,EE303,4,50.0,10.51,15.0,17.96,44.47
STU00642,ME301,1,50.0,25.0,12.6,25.0,81.26
STU00642,ME301,2,49.59,25.0,15.0,25.0,62.44
STU00642,ME302,3,47.36,21.0,15.0,25.0,49.23
STU00642,ME302,4,50.0,21.71,15.0,16.65,56.12
STU00642,ME302,5,50.0,24.55,15.0,25.0,66.05
STU00642,ME304,6,50.0,25.0,5.48,25.0,48.32
STU00643,EE304,1,47.78,21.39,8.97,25.0,58.86
STU00643,EE304,2,31.12,18.74,11.6,22.19,34.8
STU00643,EE303,3,49.83,16.49,14.06,17.84,43.22
STU00643,EE304,4,50.0,25.0,15.0,13.12,43.27
STU00644,EE303,1,50.0,25.0,15.0,25.0,60.06
STU00644,EE302,2,50.0,25.0,15.0,25.0,100.0
STU00645,CE305,1,48.0,25.0,12.47,25.0,75.68
STU00645,CE304,2,36.28,25.0,15.0,25.0,45.43
STU00645,CE303,3,50.0,24.92,15.0,24.66,60.39
STU00645,CE304,4,47.6,25.0,15.0,25.0,59.04
STU00645,CE302,5,50.0,25.0,15.0,20.79,50.96
STU00646,CE305,1,50.0,25.0,15.0,25.0,93.11
STU00646,CE304,2,50.0,25.0,12.61,25.0,78.37
STU00646,CE304,3,50.0,25.0,15.0,25.0,50.26
STU00647,IT301,1,29.64,15.42,15.0,25.0,46.76
STU00647,IT304,2,50.0,25.0,12.7,21.81,35.82
STU00647,IT301,3,33.93,16.02,14.43,19.83,38.13
STU00647,IT305,4,31.3,9.72,15.0,22.21,47.48
STU00647,IT304,5,40.13,14.21,11.65,21.36,45.48
STU00648,EC303,1,50.0,25.0,15.0,25.0,56.53
STU00648,EC302,2,50.0,25.0,15.0,25.0,47.35
STU00648,EC305,3,50.0,25.0,14.79,25.0,59.48
STU00648,EC301,4,49.5,25.0,15.0,22.86,70.06
STU00648,EC301,5,43.97,23.86,15.0,25.0,51.83
STU00648,EC305,6,50.0,25.0,15.0,25.0,59.51
STU00649,EC305,1,37.82,16.14,10.18,11.35,38.75
STU00649,EC304,2,18.91,20.9,0.94,6.73,25.15
STU00649,EC304,3,42.86,19.54,7.22,25.0,38.65
STU00650,ME301,1,37.05,25.0,15.0,16.3,49.88
STU00650,ME304,2,39.82,17.97,10.46,22.45,58.37
STU00651,IT305,1,50.0,25.0,15.0,25.0,70.62
STU00651,IT303,2,50.0,25.0,15.0,21.43,47.39
STU00652,EE303,1,50.0,25.0,13.27,25.0,59.55
STU00652,EE305,2,50.0,25.0,15.0,25.0,46.34
STU00652,EE302,3,50.0,25.0,15.0,20.05,62.28
STU00652,EE303,4,50.0,23.14,15.0,25.0,150.0
STU00653,CS304,1,50.0,21.88,14.14,25.0,51.58
STU00653,CS303,2,50.0,25.0,13.57,25.0,54.88
STU00654,CS301,1,50.0,25.0,15.0,25.0,83.02
STU00654,CS301,2,50.0,25.0,15.0,25.0,80.03
STU00654,CS302,3,50.0,17.47,15.0,25.0,86.57
STU00654,CS301,4,50.0,25.0,15.0,25.0,81.17
STU00654,CS302,5,50.0,25.0,15.0,25.0,67.59
STU00654,CS304,6,50.0,25.0,15.0,25.0,64.98
STU00655,ME303,1,40.28,17.17,8.54,25.0,47.15
STU00655,ME305,2,48.44,25.0,14.76,23.24,22.65
STU00655,ME305,3,42.04,25.0,11.24,22.85,43.67
STU00655,ME301,4,40.87,21.41,7.19,25.0,58.79
STU00656,EC303,1,50.0,25.0,15.0,25.0,75.0
STU00656,EC302,2,50.0,25.0,15.0,25.0,100.0
STU00656,EC304,3,50.0,25.0,15.0,25.0,100.0
STU00656,EC303,4,50.0,25.0,15.0,25.0,69.53
STU00657,CE304,1,50.0,25.0,15.0,25.0,70.22
STU00657,CE302,2,50.0,25.0,15.0,25.0,83.05
STU00657,CE301,3,50.0,25.0,15.0,25.0,91.26
STU00657,CE301,4,50.0,25.0,15.0,25.0,77.62
STU00657,CE305,5,50.0,25.0,15.0,25.0,100.0
STU00658,EC305,1,50.0,25.0,15.0,22.37,56.11
STU00658,EC301,2,50.0,23.59,15.0,20.38,75.03
STU00658,EC305,3,50.0,25.0,10.42,25.0,50.25
STU00658,EC302,4,45.01,25.0,15.0,25.0,67.94
STU00659,EC302,1,50.0,20.56,15.0,22.26,38.72
STU00659,EC305,2,42.81,25.0,10.93,25.0,49.72
STU00659,EC305,3,29.03,25.0,14.9,18.96,53.95
STU00659,EC302,4,28.76,12.62,15.0,25.0,60.33
STU00660,EE301,1,42.11,22.88,15.0,18.17,56.67
STU00660,EE302,2,42.43,25.0,13.12,25.0,61.49
STU00660,EE304,3,41.52,25.0,13.05,19.79,55.3
STU00660,EE303,4,50.0,25.0,15.0,25.0,58.12
STU00661,IT305,1,47.16,25.0,15.0,25.0,76.01
STU00661,IT301,2,50.0,16.23,14.67,23.48,84.57
STU00661,IT302,3,50.0,25.0,15.0,25.0,71.57
STU00661,IT303,4,50.0,25.0,15.0,23.04,61.33
STU00661,IT301,5,50.0,25.0,15.0,25.0,72.05
STU00662,CS304,1,44.13,25.0,14.49,25.0,38.81
STU00662,CS305,2,39.27,25.0,13.76,25.0,61.88
STU00662,CS305,3,50.0,25.0,15.0,20.54,60.66
STU00662,CS304,4,50.0,25.0,9.76,25.0,36.46
STU00662,CS303,5,50.0,25.0,15.0,25.0,57.67
STU00662,CS303,6,48.22,20.25,14.08,25.0,68.17
STU00663,CE302,1,50.0,23.91,9.62,25.0,61.88
STU00663,CE304,2,46.75,25.0,15.0,25.0,59.04
STU00663,CE305,3,50.0,25.0,15.0,25.0,60.89
STU00663,CE304,4,50.0,25.0,8.18,18.54,84.15
STU00663,CE304,5,40.75,22.69,12.27,25.0,66.6
STU00664,ME301,1,47.48,13.56,12.33,24.72,43.77
STU00664,ME305,2,47.19,25.0,13.46,25.0,35.08
STU00664,ME301,3,39.12,13.42,15.0,14.6,59.72
STU00664,ME305,4,50.0,25.0,7.55,21.82,70.45
STU00664,ME303,5,50.0,24.03,15.0,17.19,35.3
STU00664,ME303,6,50.0,16.58,15.0,18.44,66.4
STU00665,IT301,1,49.05,11.77,3.32,25.0,46.21
STU00665,IT305,2,40.71,22.12,3.28,22.39,53.68
STU00665,IT305,3,50.0,25.0,15.0,21.33,40.1
STU00665,IT305,4,50.0,12.4,9.57,20.46,50.65
STU00665,IT304,5,39.12,25.0,15.0,25.0,43.08
STU00666,ME305,1,40.49,25.0,10.32,25.0,70.6
STU00666,ME302,2,39.57,25.0,15.0,19.12,66.63
STU00666,ME305,3,33.38,22.31,13.34,25.0,37.45
STU00666,ME304,4,46.85,23.24,2.9,25.0,56.65
STU00667,ME304,1,38.88,25.0,9.48,16.97,48.81
STU00667,ME302,2,47.69,18.96,15.0,17.61,56.16
STU00668,CS303,1,41.13,25.0,15.0,22.03,52.93
STU00668,CS302,2,49.55,25.0,10.89,17.0,51.61
STU00668,CS305,3,50.0,18.31,12.89,25.0,75.7
STU00668,CS303,4,33.46,25.0,15.0,20.47,67.48
STU00668,CS304,5,45.36,25.0,15.0,25.0,44.68
STU00668,CS303,6,47.79,25.0,15.0,25.0,62.08
STU00669,EC303,1,48.32,25.0,15.0,25.0,61.24
STU00669,EC302,2,50.0,25.0,15.0,25.0,62.79
STU00670,IT304,1,50.0,25.0,15.0,25.0,100.0
STU00670,IT304,2,50.0,25.0,15.0,25.0,76.23
STU00670,IT302,3,50.0,25.0,15.0,25.0,68.39
STU00670,IT303,4,50.0,25.0,15.0,25.0,69.09
STU00670,IT305,5,50.0,25.0,15.0,25.0,78.64
STU00671,EE302,1,41.07,24.67,10.72,19.24,30.52
STU00671,EE304,2,50.0,25.0,9.38,25.0,59.82
STU00671,EE304,3,35.48,9.62,15.0,10.27,53.44
STU00671,EE302,4,50.0,3.79,8.72,25.0,49.93
STU00671,EE305,5,50.0,25.0,13.71,25.0,59.24
STU00672,ME305,1,50.0,25.0,15.0,25.0,70.6
STU00672,ME305,2,50.0,25.0,15.0,25.0,87.07
STU00672,ME301,3,50.0,25.0,15.0,25.0,82.7
STU00673,ME302,1,32.85,15.57,11.79,18.85,51.23
STU00673,ME305,2,44.05,25.0,13.0,25.0,74.74
STU00673,ME301,3,50.0,14.64,15.0,17.94,47.87
STU00673,ME301,4,50.0,16.89,15.0,25.0,67.99
STU00673,ME305,5,49.07,22.16,1.41,20.59,37.47
STU00673,ME302,6,50.0,25.0,15.0,18.58,40.91
STU00674,CS302,1,50.0,25.0,15.0,25.0,96.51
STU00674,CS304,2,50.0,25.0,10.68,25.0,42.46
STU00674,CS303,3,50.0,18.87,15.0,25.0,51.2
STU00674,CS303,4,50.0,25.0,15.0,24.89,69.96
STU00675,ME302,1,40.03,25.0,6.48,21.86,51.74
STU00675,ME304,2,40.87,17.31,15.0,21.96,57.62
STU00676,ME304,1,45.3,25.0,12.08,25.0,84.96
STU00676,ME302,2,50.0,25.0,13.65,25.0,74.01
STU00676,ME305,3,40.75,25.0,15.0,15.88,51.2
STU00676,ME305,4,46.28,25.0,15.0,25.0,73.11
STU00676,ME302,5,50.0,25.0,15.0,25.0,71.29
STU00676,ME304,6,50.0,25.0,15.0,25.0,61.75
STU00677,ME301,1,50.0,22.08,10.22,25.0,49.9
STU00677,ME305,2,42.96,23.49,15.0,23.84,75.97
STU00678,CS301,1,50.0,19.81,12.79,23.25,68.1
STU00678,CS303,2,46.46,25.0,12.69,25.0,53.81
STU00678,CS305,3,50.0,21.66,11.68,25.0,71.87
STU00678,CS304,4,50.0,25.0,10.15,25.0,49.79
STU00678,CS301,5,46.26,25.0,9.81,25.0,43.85
STU00679,CS301,1,50.0,25.0,15.0,25.0,65.67
STU00679,CS304,2,50.0,25.0,15.0,25.0,49.58
STU00679,CS304,3,42.2,25.0,15.0,25.0,77.12
STU00679,CS301,4,50.0,25.0,15.0,25.0,60.76
STU00679,CS303,5,50.0,16.03,15.0,24.77,68.65
STU00680,EC303,1,50.0,25.0,6.21,25.0,24.47
STU00680,EC303,2,30.39,25.0,9.0,20.75,26.77
STU00680,EC302,3,45.55,16.79,12.56,19.83,41.43
STU00681,CE303,1,50.0,25.0,15.0,25.0,64.84
STU00681,CE303,2,50.0,25.0,15.0,25.0,68.7
STU00681,CE304,3,50.0,25.0,15.0,25.0,82.7
STU00682,ME303,1,23.15,12.29,4.45,7.67,54.3
STU00682,ME303,2,38.61,12.97,3.9,18.79,49.6
STU00682,ME303,3,29.27,9.23,2.64,25.0,36.12
STU00683,EE305,1,39.31,19.23,15.0,22.33,30.12
STU00683,EE305,2,42.05,21.87,15.0,14.41,32.98
STU00683,EE302,3,36.07,25.0,11.16,18.44,43.77
STU00683,EE305,4,-5.0,21.21,11.55,17.11,48.11
STU00684,CE302,1,28.02,14.42,10.09,24.15,50.9
STU00684,CE305,2,36.7,11.65,8.54,21.54,47.34
STU00685,EC303,1,50.0,25.0,15.0,25.0,77.32
STU00685,EC305,2,50.0,25.0,15.0,25.0,76.66
STU00685,EC304,3,44.52,22.53,15.0,25.0,58.74
STU00685,EC303,4,50.0,25.0,15.0,25.0,68.44
STU00686,CE302,1,50.0,25.0,15.0,25.0,74.86
STU00686,CE304,2,50.0,25.0,15.0,25.0,73.53
STU00686,CE302,3,50.0,25.0,15.0,25.0,90.84
STU00687,ME305,1,50.0,25.0,15.0,25.0,75.4
STU00687,ME302,2,50.0,25.0,15.0,25.0,76.63
STU00687,ME303,3,50.0,25.0,15.0,25.0,86.82
STU00688,CE305,1,46.23,19.68,10.47,25.0,46.02
STU00688,CE304,2,50.0,20.34,14.28,25.0,58.53
STU00688,CE303,3,42.56,23.4,15.0,25.0,56.15
STU00688,CE305,4,50.0,17.53,10.46,24.41,66.64
STU00688,CE305,5,35.25,21.61,0.67,19.24,33.85
STU00688,CE304,6,39.76,17.35,10.84,14.87,32.36
STU00689,CS305,1,15.16,15.15,8.6,15.07,32.26
STU00689,CS302,2,27.33,13.83,11.34,23.7,26.91
STU00689,CS304,3,24.75,21.42,11.92,20.95,42.93
STU00690,CS303,1,50.0,23.04,15.0,25.0,46.21
STU00690,CS303,2,49.94,25.0,15.0,24.03,35.0
STU00691,CS302,1,50.0,25.0,11.14,11.99,83.24
STU00691,CS305,2,50.0,7.95,11.67,25.0,66.5
STU00691,CS302,3,50.0,25.0,15.0,25.0,35.25
STU00692,ME304,1,50.0,25.0,13.79,25.0,68.49
STU00692,ME305,2,50.0,25.0,15.0,25.0,69.36
STU00692,ME302,3,50.0,25.0,15.0,25.0,66.23
STU00692,ME301,4,50.0,25.0,15.0,25.0,75.73
STU00692,ME301,5,50.0,22.39,15.0,22.26,90.29
STU00693,IT301,1,49.79,15.74,12.92,25.0,64.03
STU00693,IT305,2,43.54,18.56,15.0,22.61,56.71
STU00693,IT301,3,33.92,22.45,15.0,25.0,26.25
STU00693,IT305,4,33.95,14.31,14.41,25.0,49.3
STU00693,IT302,5,50.0,12.99,10.77,18.27,51.84
STU00693,IT302,6,42.24,12.9,9.64,6.38,64.29
STU00694,CS304,1,50.0,15.54,15.0,21.82,26.77
STU00694,CS301,2,50.0,17.54,15.0,25.0,60.42
STU00694,CS305,3,31.98,25.0,8.96,9.23,60.55
STU00695,IT302,1,37.15,13.33,15.0,25.0,61.54
STU00695,IT302,2,50.0,15.41,14.61,25.0,57.72
STU00696,CE302,1,47.94,25.0,15.0,22.21,57.95
STU00696,CE302,2,50.0,25.0,15.0,25.0,64.45
STU00697,EC301,1,50.0,25.0,15.0,25.0,41.99
STU00697,EC303,2,28.44,17.23,13.81,13.27,63.78
STU00697,EC302,3,39.45,23.11,15.0,25.0,67.24
STU00697,EC301,4,50.0,25.0,11.93,25.0,63.33
STU00697,EC301,5,50.0,22.0,15.0,25.0,52.24
STU00698,EE301,1,32.66,25.0,12.99,20.28,62.5
STU00698,EE305,2,40.35,15.02,15.0,18.82,40.77
STU00698,EE303,3,34.58,17.41,14.21,22.01,33.94
STU00699,CE304,1,32.52,21.53,15.0,25.0,43.88
STU00699,CE304,2,32.28,22.44,8.05,25.0,55.63
STU00699,CE305,3,37.87,25.0,15.0,21.83,26.55
STU00699,CE301,4,47.64,7.67,15.0,25.0,23.38
STU00699,CE304,5,50.0,23.0,15.0,23.77,63.1
STU00699,CE304,6,44.4,19.59,15.0,16.53,27.68
STU00700,CS305,1,46.46,25.0,15.0,22.38,48.51
STU00700,CS305,2,32.89,25.0,9.71,25.0,36.46
STU00700,CS303,3,50.0,23.99,15.0,21.99,61.21
STU00700,CS305,4,50.0,25.0,15.0,25.0,65.83
STU00701,IT303,1,49.96,25.0,12.77,25.0,78.82
STU00701,IT304,2,50.0,18.69,15.0,16.47,59.19
STU00701,IT302,3,44.7,19.44,12.66,25.0,51.12
STU00701,IT301,4,50.0,25.0,12.63,24.23,70.42
STU00702,CS304,1,50.0,14.73,15.0,25.0,69.66
STU00702,CS302,2,50.0,24.13,15.0,21.58,59.14
STU00702,CS301,3,50.0,25.0,15.0,25.0,60.25
STU00702,CS303,4,49.35,25.0,8.28,25.0,73.7
STU00702,CS304,5,50.0,25.0,10.32,23.96,80.6
STU00702,CS305,6,36.48,25.0,15.0,25.0,53.77
STU00703,IT301,1,50.0,17.11,12.53,14.18,51.32
STU00703,IT302,2,43.53,25.0,7.69,8.0,63.04
STU00703,IT305,3,36.59,25.0,5.34,17.49,52.57
STU00704,ME305,1,32.6,19.2,5.38,25.0,20.56
STU00704,ME301,2,50.0,14.3,1.52,14.34,53.82
STU00704,ME305,3,40.79,25.0,15.0,25.0,59.27
STU00704,ME305,4,42.38,7.76,15.0,21.83,32.21
STU00705,EC302,1,50.0,25.0,14.13,25.0,63.2
STU00705,EC304,2,50.0,25.0,15.0,25.0,65.11
STU00705,EC302,3,50.0,25.0,15.0,25.0,57.08
STU00705,EC303,4,49.15,25.0,15.0,25.0,69.82
STU00706,EE304,1,50.0,25.0,15.0,14.37,56.89
STU00706,EE302,2,50.0,20.53,12.8,25.0,51.25
STU00706,EE304,3,49.06,25.0,15.0,16.76,65.19
STU00706,EE303,4,50.0,25.0,15.0,25.0,56.81
STU00706,EE303,5,44.75,25.0,15.0,17.06,43.56
STU00706,EE303,6,45.6,25.0,15.0,25.0,60.37
STU00707,IT303,1,50.0,20.72,15.0,25.0,60.84
STU00707,IT305,2,50.0,25.0,12.57,25.0,84.1
STU00707,IT304,3,50.0,25.0,12.33,25.0,64.82
STU00707,IT304,4,50.0,25.0,15.0,22.77,67.45
STU00707,IT304,5,50.0,25.0,15.0,25.0,49.68
STU00708,EE304,1,50.0,25.0,7.13,25.0,57.08
STU00708,EE301,2,50.0,19.63,8.97,25.0,57.67
STU00708,EE302,3,50.0,25.0,15.0,25.0,63.76
STU00709,EE303,1,46.74,25.0,15.0,21.98,78.57
STU00709,EE303,2,50.0,25.0,15.0,25.0,69.52
STU00709,EE304,3,50.0,25.0,15.0,24.93,70.66
STU00709,EE305,4,50.0,22.12,15.0,25.0,63.03
STU00710,EE305,1,50.0,24.91,6.95,25.0,41.29
STU00710,EE303,2,48.74,25.0,12.45,18.85,50.77
STU00710,EE301,3,42.48,22.03,12.36,25.0,56.97
STU00711,CE303,1,44.37,25.0,13.47,21.65,65.61
STU00711,CE305,2,50.0,21.35,12.36,20.96,20.76
STU00711,CE301,3,42.22,13.9,15.0,16.14,60.45
STU00712,EC302,1,50.0,25.0,15.0,25.0,70.62
STU00712,EC305,2,50.0,25.0,15.0,21.64,71.53
STU00712,EC301,3,49.36,25.0,15.0,23.66,58.12
STU00712,EC301,4,37.9,25.0,15.0,20.09,65.34
STU00712,EC303,5,50.0,25.0,15.0,23.98,67.7
STU00713,EE303,1,50.0,25.0,15.0,25.0,60.8
STU00713,EE304,2,50.0,21.72,15.0,22.87,62.76
STU00713,EE301,3,50.0,25.0,15.0,25.0,44.39
STU00713,EE304,4,40.18,25.0,15.0,25.0,52.85
STU00713,EE302,5,50.0,22.63,7.99,18.03,60.48
STU00714,CS302,1,42.3,20.99,6.06,14.18,34.66
STU00714,CS304,2,33.93,15.91,5.65,14.92,21.72
STU00714,CS303,3,35.7,20.06,7.23,18.9,41.77
STU00714,CS305,4,23.62,13.14,3.87,20.31,15.44
STU00714,CS301,5,25.9,18.07,10.04,6.86,23.13
STU00714,CS301,6,26.79,12.07,7.92,9.15,24.91
STU00715,EE304,1,50.0,25.0,7.52,24.84,38.88
STU00715,EE302,2,50.0,25.0,15.0,25.0,42.26
STU00715,EE304,3,50.0,8.87,15.0,24.95,67.94
STU00715,EE304,4,50.0,14.17,15.0,20.71,46.08
STU00716,IT302,1,39.48,11.93,5.01,9.48,29.21
STU00716,IT303,2,43.68,10.87,9.31,5.76,49.38
STU00716,IT302,3,31.56,22.35,11.04,13.75,29.71
STU00716,IT304,4,23.88,20.32,14.0,14.03,30.35
STU00717,EC304,1,41.45,19.0,15.0,21.62,150.0
STU00717,EC305,2,47.2,25.0,14.82,25.0,84.25
STU00717,EC305,3,46.05,19.31,12.2,25.0,71.18
STU00717,EC301,4,31.78,25.0,8.46,14.15,73.63
STU00717,EC301,5,50.0,25.0,14.45,25.0,51.67
STU00718,EE304,1,50.0,17.23,15.0,9.83,52.01
STU00718,EE305,2,50.0,17.56,15.0,25.0,45.05
STU00718,EE301,3,47.47,25.0,15.0,25.0,61.93
STU00718,EE305,4,47.81,25.0,6.89,19.56,40.5
STU00718,EE305,5,50.0,20.3,13.82,22.83,56.18
STU00718,EE305,6,42.01,25.0,11.52,17.27,62.53
STU00719,EC301,1,44.24,9.09,15.0,25.0,51.06
STU00719,EC305,2,49.29,25.0,15.0,25.0,47.18
STU00719,EC301,3,38.94,25.0,15.0,25.0,49.2
STU00719,EC303,4,44.31,25.0,12.6,22.01,51.31
STU00719,EC304,5,48.05,25.0,15.0,25.0,65.71
STU00719,EC303,6,45.7,25.0,10.46,25.0,43.58
STU00720,ME305,1,41.88,18.39,13.48,23.06,44.49
STU00720,ME304,2,50.0,19.99,15.0,24.9,75.8
STU00720,ME301,3,50.0,16.94,11.63,25.0,39.95
STU00721,CS303,1,47.96,10.54,15.0,11.07,29.42
STU00721,CS305,2,21.5,11.01,7.7,20.96,33.8
STU00721,CS301,3,36.31,7.26,0.0,15.8,37.0
STU00721,CS302,4,30.19,6.2,8.08,14.36,52.39
STU00721,CS304,5,45.35,14.54,6.15,24.5,42.3
STU00721,CS303,6,34.67,14.94,1.89,9.11,16.45
STU00722,EC303,1,50.0,25.0,15.0,25.0,78.77
STU00722,EC302,2,50.0,25.0,15.0,25.0,56.62
STU00722,EC305,3,50.0,25.0,15.0,25.0,88.75
STU00722,EC302,4,50.0,25.0,15.0,25.0,95.66
STU00722,EC302,5,50.0,25.0,15.0,25.0,71.98
STU00722,EC302,6,50.0,25.0,15.0,25.0,76.39
STU00723,CE305,1,50.0,25.0,15.0,25.0,89.03
STU00723,CE302,2,50.0,25.0,15.0,25.0,92.4
STU00724,EC303,1,50.0,25.0,15.0,25.0,87.32
STU00724,EC302,2,50.0,25.0,15.0,25.0,83.0
STU00725,CS303,1,32.92,14.73,14.76,22.7,54.42
STU00725,CS304,2,50.0,23.12,15.0,25.0,48.66
STU00725,CS302,3,27.9,24.42,15.0,15.41,53.94
STU00726,ME301,1,44.55,25.0,15.0,25.0,48.34
STU00726,ME304,2,50.0,22.49,15.0,25.0,49.32
STU00726,ME304,3,39.59,25.0,15.0,23.31,55.77
STU00726,ME304,4,50.0,25.0,13.46,25.0,59.08
STU00727,CS301,1,50.0,21.74,10.11,25.0,58.13
STU00727,CS304,2,50.0,22.28,10.97,24.09,62.27
STU00727,CS302,3,34.36,25.0,5.19,25.0,71.94
STU00727,CS304,4,50.0,25.0,12.09,25.0,66.06
STU00727,CS301,5,50.0,25.0,15.0,25.0,57.86
STU00728,CS305,1,50.0,25.0,11.68,25.0,66.26
STU00728,CS302,2,50.0,25.0,12.98,25.0,73.93
STU00728,CS301,3,50.0,19.87,15.0,25.0,76.97
STU00728,CS305,4,50.0,25.0,15.0,25.0,58.01
STU00728,CS303,5,50.0,22.56,13.15,25.0,66.64
STU00728,CS302,6,50.0,25.0,15.0,25.0,73.25
STU00729,CS305,1,42.02,10.04,15.0,25.0,51.19
STU00729,CS304,2,12.49,24.48,8.14,21.19,38.7
STU00730,ME301,1,44.64,25.0,15.0,25.0,48.28
STU00730,ME301,2,50.0,25.0,15.0,21.35,59.5
STU00730,ME304,3,50.0,14.86,11.57,24.11,66.48
STU00730,ME304,4,43.93,25.0,15.0,23.69,45.71
STU00730,ME303,5,50.0,25.0,15.0,25.0,43.67
STU00730,ME303,6,49.18,25.0,15.0,25.0,60.38
STU00731,IT303,1,50.0,20.71,14.0,25.0,43.3
STU00731,IT301,2,50.0,25.0,15.0,16.25,68.69
STU00731,IT304,3,50.0,25.0,15.0,22.73,53.98
STU00731,IT303,4,50.0,25.0,8.83,25.0,47.96
STU00731,IT301,5,50.0,25.0,15.0,23.44,76.82
STU00732,EE302,1,50.0,25.0,15.0,25.0,71.33
STU00732,EE302,2,50.0,25.0,15.0,25.0,66.44
STU00732,EE302,3,50.0,25.0,15.0,25.0,75.46
STU00733,EE301,1,50.0,25.0,15.0,21.36,65.28
STU00733,EE303,2,47.35,25.0,15.0,21.35,51.95
STU00734,CS304,1,50.0,25.0,10.84,22.44,44.46
STU00734,CS304,2,37.31,20.9,15.0,20.37,58.05
STU00734,CS302,3,50.0,18.83,14.29,25.0,35.16
STU00734,CS302,4,50.0,23.44,14.52,25.0,41.88
STU00734,CS301,5,50.0,24.22,13.06,25.0,53.73
STU00734,CS301,6,43.01,25.0,13.57,21.0,41.51
STU00735,IT303,1,50.0,23.78,8.5,21.21,73.0
STU00735,IT303,2,50.0,18.62,10.36,25.0,70.16
STU00735,IT305,3,50.0,25.0,15.0,10.51,61.73
STU00736,CE301,1,50.0,25.0,15.0,25.0,92.39
STU00736,CE301,2,50.0,25.0,15.0,25.0,78.08
STU00737,CE302,1,50.0,25.0,15.0,25.0,61.1
STU00737,CE301,2,47.44,25.0,15.0,22.12,59.72
STU00738,EE305,1,50.0,22.07,15.0,25.0,48.18
STU00738,EE302,2,37.74,17.78,15.0,23.24,67.55
STU00738,EE301,3,50.0,16.67,15.0,25.0,61.3
STU00738,EE302,4,40.45,25.0,10.48,25.0,61.16
STU00738,EE304,5,40.73,25.0,15.0,25.0,49.99
STU00738,EE301,6,50.0,25.0,15.0,25.0,71.52
STU00739,ME304,1,50.0,25.0,13.81,25.0,92.85
STU00739,ME302,2,50.0,25.0,15.0,24.85,89.82
STU00739,ME303,3,50.0,25.0,15.0,25.0,71.23
STU00739,ME304,4,50.0,25.0,15.0,24.96,46.13
STU00739,ME302,5,50.0,25.0,14.58,25.0,62.6
STU00740,CE303,1,50.0,14.99,15.0,25.0,83.26
STU00740,CE304,2,50.0,23.02,15.0,25.0,79.18
STU00740,CE305,3,50.0,25.0,12.47,25.0,80.83
STU00740,CE302,4,50.0,25.0,13.71,25.0,65.94
STU00740,CE305,5,50.0,25.0,15.0,25.0,83.41
STU00740,CE302,6,50.0,25.0,14.04,25.0,68.03
STU00741,EC301,1,33.16,16.82,15.0,25.0,31.2
STU00741,EC303,2,50.0,25.0,6.49,25.0,41.02
STU00742,EE302,1,48.97,21.21,15.0,10.68,30.68
STU00742,EE302,2,44.63,25.0,15.0,25.0,49.5
STU00742,EE303,3,41.16,22.39,11.83,21.79,57.42
STU00743,CS305,1,50.0,22.88,15.0,25.0,73.7
STU00743,CS302,2,50.0,25.0,15.0,25.0,71.34
STU00743,CS304,3,50.0,25.0,15.0,25.0,52.9
STU00743,CS302,4,50.0,21.47,15.0,25.0,84.02
STU00743,CS304,5,50.0,25.0,15.0,25.0,75.59
STU00743,CS302,6,50.0,25.0,15.0,25.0,87.46
STU00744,ME302,1,50.0,25.0,15.0,25.0,97.29
STU00744,ME302,2,50.0,25.0,15.0,25.0,38.57
STU00745,EC303,1,33.91,22.86,12.93,12.37,30.06
STU00745,EC305,2,42.22,20.86,13.9,24.98,51.05
STU00745,EC304,3,36.09,25.0,5.69,25.0,25.58
STU00745,EC302,4,49.15,25.0,13.52,24.98,58.17
STU00745,EC304,5,46.0,15.76,15.0,24.46,54.31
STU00746,CS305,1,50.0,25.0,15.0,25.0,93.72
STU00746,CS305,2,50.0,25.0,14.18,25.0,82.15
STU00746,CS301,3,50.0,25.0,15.0,21.44,70.81
STU00746,CS305,4,50.0,25.0,15.0,25.0,67.04
STU00746,CS303,5,50.0,25.0,15.0,25.0,72.48
STU00747,EE303,1,50.0,23.14,15.0,19.56,46.99
STU00747,EE305,2,40.24,21.48,2.9,19.63,40.52
STU00747,EE301,3,50.0,20.58,6.73,24.18,61.88
STU00747,EE305,4,31.2,9.1,15.0,25.0,50.35
STU00748,EC303,1,50.0,25.0,15.0,25.0,82.9
STU00748,EC301,2,50.0,16.76,15.0,25.0,79.89
STU00749,CS302,1,50.0,25.0,14.51,25.0,74.81
STU00749,CS301,2,46.78,25.0,15.0,21.81,60.33
STU00750,CE303,1,28.22,25.0,11.14,0.0,50.15
STU00750,CE303,2,50.0,19.38,10.12,25.0,51.33
STU00750,CE304,3,41.87,15.15,6.64,25.0,37.61
STU00750,CE305,4,33.68,25.0,9.8,19.56,44.25
STU00750,CE305,5,50.0,12.23,12.67,14.03,33.81
STU00750,CE304,6,34.62,17.61,11.3,25.0,29.35
STU00751,IT302,1,50.0,25.0,15.0,25.0,67.22
STU00751,IT302,2,50.0,25.0,12.93,16.91,73.03
STU00751,IT305,3,50.0,25.0,15.0,25.0,56.71
STU00752,EC305,1,50.0,23.97,15.0,25.0,55.43
STU00752,EC305,2,50.0,25.0,15.0,25.0,68.93
STU00752,EC305,3,50.0,25.0,9.56,25.0,48.88
STU00752,EC305,4,40.59,25.0,10.27,25.0,59.34
STU00752,EC303,5,50.0,23.95,14.96,25.0,53.75
STU00752,EC301,6,47.09,25.0,15.0,25.0,74.8
STU00753,EC302,1,49.25,25.0,15.0,24.86,55.49
STU00753,EC305,2,50.0,25.0,15.0,25.0,47.29
STU00753,EC302,3,50.0,25.0,15.0,25.0,84.8
STU00753,EC301,4,39.73,25.0,7.23,23.72,53.82
STU00753,EC303,5,50.0,24.19,10.16,25.0,32.41
STU00753,EC305,6,50.0,20.46,15.0,22.79,70.58
STU00754,CE304,1,27.35,21.23,12.3,11.1,46.79
STU00754,CE302,2,49.4,17.41,15.0,23.36,67.8
STU00754,CE301,3,30.57,25.0,15.0,25.0,46.41
STU00754,CE303,4,30.46,25.0,15.0,25.0,57.14
STU00754,CE302,5,-5.0,23.42,14.45,19.75,71.72
STU00755,EC304,1,36.44,11.99,11.37,17.39,70.41
STU00755,EC302,2,22.62,13.05,14.8,17.33,47.05
STU00756,EE302,1,50.0,22.52,15.0,25.0,62.69
STU00756,EE302,2,50.0,21.17,14.51,25.0,82.5
STU00756,EE304,3,50.0,20.95,14.5,25.0,53.58
STU00757,IT303,1,36.9,10.84,7.24,13.78,35.97
STU00757,IT302,2,16.56,12.77,7.9,9.32,27.84
STU00757,IT302,3,44.28,10.95,9.44,12.82,32.33
STU00758,EE305,1,50.0,25.0,15.0,16.17,68.45
STU00758,EE302,2,38.76,25.0,14.06,25.0,38.49
STU00759,EC303,1,48.38,8.69,15.0,19.49,50.39
STU00759,EC301,2,45.08,22.55,15.0,25.0,20.95
STU00759,EC305,3,24.24,16.89,7.0,18.16,46.83
STU00760,IT301,1,50.0,25.0,15.0,25.0,74.09
STU00760,IT302,2,50.0,25.0,15.0,25.0,89.35
STU00760,IT303,3,50.0,25.0,15.0,17.9,88.71
STU00760,IT305,4,50.0,25.0,15.0,25.0,83.81
STU00760,IT302,5,50.0,25.0,15.0,25.0,79.87
STU00760,IT303,6,50.0,25.0,15.0,25.0,82.32
STU00761,IT304,1,49.98,8.54,15.0,16.53,52.07
STU00761,IT301,2,48.46,25.0,15.0,25.0,65.62
STU00762,EE305,1,50.0,25.0,15.0,18.61,74.86
STU00762,EE304,2,47.57,23.8,7.09,21.72,44.61
STU00762,EE302,3,48.78,25.0,15.0,13.86,44.88
STU00762,EE301,4,50.0,25.0,15.0,25.0,57.77
STU00762,EE302,5,50.0,25.0,15.0,25.0,49.06
STU00763,EC304,1,50.0,25.0,15.0,18.95,54.8
STU00763,EC301,2,50.0,25.0,13.19,25.0,43.61
STU00763,EC303,3,46.3,16.92,15.0,25.0,36.42
STU00763,EC305,4,50.0,25.0,15.0,25.0,54.58
STU00763,EC304,5,50.0,15.97,15.0,25.0,57.93
STU00764,IT301,1,50.0,25.0,15.0,24.37,60.3
STU00764,IT301,2,50.0,25.0,15.0,19.28,73.25
STU00764,IT302,3,50.0,19.9,15.0,25.0,66.36
STU00764,IT302,4,50.0,25.0,15.0,22.35,57.85
STU00765,CS301,1,50.0,25.0,15.0,25.0,64.28
STU00765,CS305,2,50.0,25.0,15.0,25.0,63.64
STU00765,CS305,3,50.0,25.0,15.0,25.0,51.17
STU00765,CS301,4,50.0,25.0,15.0,21.38,50.7
STU00766,EE301,1,41.47,8.34,15.0,19.5,54.77
STU00766,EE301,2,33.04,22.65,15.0,21.12,58.37
STU00766,EE303,3,42.93,19.43,15.0,22.63,74.06
STU00766,EE304,4,42.21,22.09,14.24,25.0,56.65
STU00766,EE303,5,50.0,25.0,7.81,23.33,53.2
STU00766,EE304,6,47.37,22.47,15.0,18.9,49.28
STU00767,EE304,1,47.28,24.66,11.32,25.0,28.46
STU00767,EE302,2,33.62,15.3,1.33,23.35,29.62
STU00767,EE301,3,46.43,25.0,3.62,14.55,48.62
STU00767,EE301,4,38.47,21.94,11.54,25.0,51.65
STU00767,EE304,5,32.17,14.04,15.0,24.2,51.28
STU00768,IT303,1,47.14,25.0,15.0,25.0,41.1
STU00768,IT303,2,50.0,23.42,15.0,21.1,44.66
STU00768,IT302,3,46.99,19.2,12.5,15.11,53.02
STU00768,IT304,4,50.0,25.0,13.76,14.71,35.84
STU00768,IT303,5,37.82,19.03,15.0,25.0,63.53
STU00769,ME302,1,32.91,20.67,15.0,15.69,33.47
STU00769,ME305,2,46.53,17.76,10.76,21.3,40.73
STU00769,ME304,3,33.05,4.9,9.91,25.0,55.31
STU00769,ME302,4,40.89,25.0,9.49,25.0,58.59
STU00770,CE303,1,50.0,25.0,15.0,25.0,73.15
STU00770,CE305,2,50.0,25.0,13.82,24.98,65.5
STU00771,EC303,1,50.0,25.0,15.0,25.0,66.23
STU00771,EC301,2,50.0,24.8,15.0,25.0,21.26
STU00771,EC303,3,50.0,21.89,15.0,23.38,50.23
STU00771,EC302,4,44.0,20.01,15.0,25.0,44.91
STU00772,EE303,1,49.31,25.0,2.07,22.15,45.46
STU00772,EE303,2,41.2,17.65,9.59,5.56,51.07
STU00772,EE304,3,37.64,19.9,15.0,25.0,44.07
STU00773,EE302,1,50.0,25.0,15.0,25.0,80.68
STU00773,EE301,2,50.0,25.0,15.0,24.33,78.91
STU00773,EE302,3,50.0,25.0,7.61,25.0,77.34
STU00774,CS305,1,50.0,25.0,13.77,25.0,70.82
STU00774,CS305,2,50.0,25.0,15.0,25.0,56.69
STU00774,CS304,3,50.0,10.35,15.0,25.0,44.6
STU00774,CS302,4,48.98,25.0,15.0,25.0,78.61
STU00774,CS301,5,50.0,25.0,15.0,25.0,62.7
STU00774,CS303,6,50.0,25.0,15.0,25.0,71.26
STU00775,EC305,1,50.0,25.0,15.0,25.0,75.15
STU00775,EC304,2,50.0,25.0,15.0,25.0,70.13
STU00775,EC304,3,50.0,25.0,15.0,25.0,65.04
STU00775,EC303,4,50.0,25.0,15.0,25.0,69.98
STU00776,EC302,1,50.0,22.57,9.69,25.0,56.19
STU00776,EC301,2,50.0,25.0,15.0,25.0,68.91
STU00776,EC305,3,49.17,24.33,15.0,25.0,58.28
STU00776,EC303,4,43.64,25.0,14.02,25.0,61.93
STU00777,CS302,1,35.03,24.45,15.0,19.4,56.98
STU00777,CS302,2,40.68,17.88,15.0,25.0,64.79
STU00777,CS304,3,42.26,14.16,15.0,25.0,42.26
STU00777,CS302,4,50.0,20.71,15.0,25.0,57.96
STU00777,CS303,5,47.91,25.0,15.0,25.0,69.14
STU00778,EC305,1,20.49,13.87,4.23,18.72,34.82
STU00778,EC304,2,25.33,5.18,13.61,14.23,14.72
STU00779,IT305,1,47.5,25.0,15.0,20.0,65.56
STU00779,IT304,2,21.67,17.5,15.0,21.09,46.18
STU00779,IT305,3,42.06,14.34,15.0,17.14,35.0
STU00779,IT305,4,50.0,2.5,15.0,17.9,38.96
STU00779,IT303,5,46.02,21.59,11.29,25.0,60.93
STU00779,IT303,6,33.73,20.75,15.0,20.45,29.73
STU00780,IT303,1,50.0,17.7,15.0,25.0,63.18
STU00780,IT303,2,50.0,25.0,15.0,25.0,76.3
STU00780,IT301,3,50.0,25.0,14.26,25.0,79.68
STU00780,IT303,4,50.0,25.0,15.0,25.0,63.05
STU00781,CS305,1,42.73,25.0,14.2,19.7,54.52
STU00781,CS301,2,47.74,25.0,15.0,20.92,42.67
STU00781,CS305,3,45.71,25.0,13.17,25.0,37.05
STU00781,CS301,4,28.87,16.02,14.45,20.09,40.18
STU00781,CS303,5,41.97,25.0,7.36,25.0,41.15
STU00781,CS304,6,44.59,20.38,15.0,18.64,38.82
STU00782,IT301,1,50.0,24.13,10.62,25.0,49.16
STU00782,IT305,2,39.14,25.0,15.0,25.0,41.44
STU00782,IT304,3,50.0,18.21,15.0,10.16,64.06
STU00782,IT301,4,33.88,16.3,15.0,18.94,48.81
STU00782,IT301,5,50.0,22.6,10.72,25.0,49.23
STU00782,IT305,6,37.52,25.0,13.75,15.54,57.34
STU00783,IT304,1,50.0,25.0,12.13,18.93,92.78
STU00783,IT301,2,50.0,25.0,15.0,23.23,66.6
STU00783,IT301,3,49.67,25.0,15.0,22.18,72.96
STU00783,IT305,4,-5.0,25.0,6.92,21.89,35.31
STU00784,EE305,1,33.75,15.74,10.45,2.93,26.55
STU00784,EE304,2,24.07,24.22,7.06,18.39,37.15
STU00785,EE302,1,50.0,13.82,7.44,25.0,62.59
STU00785,EE303,2,50.0,23.13,12.61,24.27,43.65
STU00785,EE303,3,45.6,10.9,14.32,23.15,48.99
STU00785,EE305,4,33.16,20.72,14.72,25.0,76.32
STU00785,EE302,5,50.0,21.25,15.0,25.0,80.48
STU00786,ME305,1,48.98,13.32,15.0,25.0,49.09
STU00786,ME303,2,37.55,25.0,6.99,23.85,41.58
STU00787,CS305,1,50.0,25.0,15.0,25.0,47.7
STU00787,CS305,2,50.0,25.0,15.0,25.0,80.56
STU00788,CS302,1,50.0,25.0,15.0,25.0,66.35
STU00788,CS305,2,50.0,15.08,11.84,25.0,63.98
STU00788,CS302,3,48.04,25.0,15.0,25.0,40.17
STU00789,CE301,1,22.12,25.0,13.99,18.51,26.8
STU00789,CE301,2,46.28,20.01,8.34,16.57,66.44
STU00789,CE304,3,50.0,15.55,15.0,21.2,27.17
STU00789,CE304,4,45.98,19.23,12.05,23.59,65.52
STU00789,CE304,5,46.1,16.48,5.19,23.59,29.99
STU00790,EC302,1,37.77,24.83,15.0,25.0,46.4
STU00790,EC303,2,37.97,25.0,12.8,25.0,43.84
STU00790,EC302,3,49.86,15.5,14.69,22.26,58.54
STU00790,EC303,4,50.0,24.32,14.69,25.0,43.38
STU00791,IT302,1,50.0,25.0,1.64,25.0,76.44
STU00791,IT304,2,50.0,25.0,14.8,25.0,61.16
STU00792,CE303,1,40.4,24.66,12.39,9.97,57.49
STU00792,CE303,2,39.65,16.44,6.85,24.71,44.35
STU00792,CE301,3,38.35,17.05,10.72,21.23,40.4
STU00793,ME305,1,50.0,25.0,15.0,25.0,72.38
STU00793,ME305,2,50.0,25.0,15.0,25.0,70.94
STU00794,EE301,1,44.99,18.89,8.84,25.0,47.65
STU00794,EE301,2,50.0,22.3,15.0,23.43,40.37
STU00794,EE301,3,49.68,24.82,15.0,25.0,68.06
STU00794,EE304,4,28.38,17.51,15.0,23.55,57.67
STU00795,EE305,1,27.23,21.42,15.0,19.4,76.95
STU00795,EE301,2,32.67,25.0,11.24,25.0,41.98
STU00796,IT305,1,43.67,5.32,8.01,12.44,43.16
STU00796,IT302,2,29.66,20.13,8.0,19.09,27.06
STU00796,IT303,3,29.76,23.76,13.62,25.0,42.34
STU00797,EC305,1,50.0,16.56,15.0,25.0,60.4
STU00797,EC305,2,50.0,25.0,15.0,22.71,75.2
STU00797,EC304,3,41.54,25.0,5.46,22.01,57.64
STU00798,EC302,1,50.0,25.0,12.43,25.0,58.96
STU00798,EC301,2,48.02,25.0,9.59,25.0,72.55
STU00798,EC305,3,47.98,23.91,15.0,25.0,75.82
STU00798,EC303,4,50.0,25.0,14.87,23.6,66.76
STU00798,EC301,5,50.0,25.0,15.0,24.47,75.58
STU00798,EC302,6,50.0,24.65,13.79,25.0,45.07
STU00799,CE304,1,35.22,20.11,15.0,25.0,59.18
STU00799,CE305,2,50.0,25.0,15.0,21.55,38.01
STU00800,EE303,1,50.0,25.0,10.03,24.62,72.34
STU00800,EE305,2,50.0,15.28,14.04,25.0,53.37
STU00800,EE304,3,50.0,25.0,15.0,23.67,38.82
STU00800,EE305,4,50.0,25.0,15.0,25.0,39.39
STU00800,EE303,5,50.0,25.0,15.0,25.0,69.63
STU00800,EE303,6,49.48,22.08,15.0,25.0,48.44
STU00801,EC304,1,50.0,25.0,15.0,25.0,76.66
STU00801,EC304,2,50.0,24.48,15.0,25.0,74.94
STU00801,EC303,3,50.0,25.0,15.0,21.44,83.79
STU00802,IT305,1,50.0,25.0,15.0,25.0,55.79
STU00802,IT305,2,50.0,25.0,15.0,25.0,64.43
STU00802,IT303,3,50.0,24.44,15.0,25.0,88.42
STU00802,IT305,4,50.0,25.0,15.0,25.0,84.77
STU00802,IT303,5,50.0,25.0,15.0,25.0,75.08
STU00803,EC304,1,40.79,22.09,14.2,24.06,55.72
STU00803,EC303,2,50.0,13.99,15.0,25.0,36.28
STU00803,EC304,3,50.0,16.67,15.0,11.42,68.31
STU00804,CE301,1,50.0,22.48,14.53,25.0,54.29
STU00804,CE301,2,50.0,25.0,12.33,25.0,64.04
STU00804,CE301,3,50.0,25.0,15.0,25.0,58.95
STU00804,CE305,4,47.04,25.0,15.0,25.0,59.49
STU00804,CE305,5,50.0,25.0,7.75,21.24,87.79
STU00805,CS304,1,50.0,7.99,9.0,25.0,57.7
STU00805,CS301,2,50.0,24.48,15.0,25.0,52.7
STU00805,CS302,3,50.0,25.0,14.69,25.0,83.82
STU00805,CS303,4,50.0,24.97,15.0,20.99,71.09
STU00806,EC301,1,50.0,25.0,15.0,24.67,74.63
STU00806,EC301,2,50.0,25.0,13.86,25.0,58.58
STU00806,EC304,3,50.0,25.0,15.0,25.0,78.13
STU00806,EC303,4,50.0,25.0,15.0,25.0,62.9
STU00807,EC305,1,50.0,25.0,15.0,25.0,77.57
STU00807,EC305,2,50.0,25.0,15.0,25.0,74.8
STU00807,EC301,3,50.0,25.0,15.0,25.0,80.55
STU00807,EC301,4,50.0,25.0,15.0,25.0,85.16
STU00807,EC302,5,50.0,25.0,15.0,25.0,83.77
STU00808,ME301,1,42.69,8.4,0.0,23.74,27.05
STU00808,ME304,2,13.76,4.84,14.7,10.05,24.68
STU00808,ME305,3,32.34,9.08,5.81,1.62,56.01
STU00808,ME301,4,17.99,0.0,6.21,5.36,34.81
STU00809,EE301,1,50.0,19.86,12.88,25.0,44.38
STU00809,EE301,2,50.0,19.78,9.76,25.0,46.52
STU00809,EE303,3,50.0,16.96,13.56,20.03,65.03
STU00810,ME302,1,47.0,11.32,15.0,18.51,56.26
STU00810,ME304,2,50.0,23.36,15.0,25.0,56.66
STU00810,ME302,3,50.0,25.0,10.68,25.0,150.0
STU00810,ME305,4,45.44,25.0,15.0,21.08,60.87
STU00810,ME305,5,50.0,22.33,11.69,25.0,58.16
STU00811,CE305,1,40.41,19.09,15.0,18.99,29.31
STU00811,CE302,2,43.05,19.83,7.99,11.33,34.03
STU00811,CE304,3,43.14,12.55,4.86,10.73,40.58
STU00811,CE304,4,13.14,18.11,10.84,12.72,43.22
STU00811,CE304,5,24.31,9.22,8.28,18.27,57.93
STU00812,EE304,1,24.84,6.21,5.92,20.23,44.33
STU00812,EE305,2,36.7,16.73,0.0,24.58,44.25
STU00812,EE304,3,37.51,25.0,8.9,25.0,30.15
STU00813,EE302,1,47.76,15.36,8.64,25.0,44.66
STU00813,EE301,2,29.57,25.0,9.32,21.27,50.84
STU00813,EE301,3,50.0,18.55,8.48,18.75,52.06
STU00813,EE304,4,21.42,21.29,15.0,12.35,36.79
STU00813,EE302,5,34.01,9.08,15.0,25.0,47.24
STU00814,CS303,1,50.0,25.0,15.0,21.04,43.45
STU00814,CS303,2,50.0,25.0,15.0,17.2,42.43
STU00814,CS303,3,50.0,21.79,15.0,25.0,40.39
STU00815,EC301,1,50.0,25.0,14.7,25.0,86.44
STU00815,EC302,2,42.94,25.0,15.0,25.0,77.21
STU00816,ME304,1,50.0,23.95,15.0,25.0,40.63
STU00816,ME302,2,50.0,18.16,7.64,23.56,63.77
STU00816,ME304,3,36.8,16.55,15.0,25.0,40.61
STU00816,ME301,4,39.96,18.21,12.76,25.0,37.7
STU00816,ME302,5,45.68,25.0,14.67,22.27,61.58
STU00816,ME304,6,23.82,24.04,5.4,25.0,54.33
STU00817,EC301,1,50.0,25.0,15.0,25.0,85.77
STU00817,EC304,2,50.0,25.0,15.0,25.0,73.03
STU00818,IT302,1,50.0,25.0,15.0,25.0,93.4
STU00818,IT305,2,50.0,25.0,15.0,25.0,65.36
STU00818,IT305,3,50.0,25.0,15.0,24.19,92.68
STU00818,IT302,4,50.0,25.0,15.0,21.3,61.28
STU00818,IT301,5,50.0,25.0,15.0,25.0,72.63
STU00819,IT303,1,50.0,20.76,15.0,25.0,91.47
STU00819,IT302,2,50.0,25.0,15.0,25.0,43.11
STU00819,IT304,3,50.0,25.0,15.0,25.0,65.16
STU00820,EC304,1,50.0,25.0,15.0,25.0,69.27
STU00820,EC302,2,50.0,24.35,15.0,25.0,77.38
STU00821,CS301,1,50.0,21.24,15.0,25.0,45.67
STU00821,CS302,2,45.8,18.7,15.0,25.0,49.4
STU00821,CS303,3,39.17,22.28,10.22,25.0,48.75
STU00821,CS301,4,50.0,25.0,3.75,25.0,39.37
STU00821,CS301,5,50.0,23.66,15.0,25.0,44.17
STU00821,CS305,6,43.65,13.4,15.0,16.13,56.81
STU00822,CE302,1,31.13,23.27,13.96,22.06,48.29
STU00822,CE305,2,30.64,24.32,1.81,21.75,27.85
STU00822,CE301,3,43.56,20.9,15.0,22.52,11.24
STU00822,CE301,4,42.38,16.64,12.77,25.0,72.59
STU00822,CE305,5,50.0,25.0,15.0,10.78,27.94
STU00822,CE305,6,42.46,13.42,12.76,25.0,60.94
STU00823,ME303,1,34.35,19.16,15.0,17.55,56.87
STU00823,ME302,2,35.11,18.04,15.0,16.95,41.19
STU00823,ME302,3,32.57,20.58,15.0,13.17,65.12
STU00823,ME304,4,50.0,23.87,11.47,25.0,56.17
STU00824,ME301,1,50.0,25.0,13.72,25.0,63.68
STU00824,ME305,2,45.81,19.23,15.0,25.0,57.94
STU00824,ME302,3,50.0,25.0,11.61,25.0,56.93
STU00824,ME305,4,50.0,25.0,15.0,25.0,52.12
STU00824,ME301,5,50.0,22.94,15.0,25.0,81.6
STU00824,ME305,6,50.0,25.0,15.0,25.0,100.0
STU00825,EC305,1,47.77,16.0,15.0,25.0,44.08
STU00825,EC304,2,41.32,25.0,9.03,14.12,45.23
STU00825,EC304,3,31.47,25.0,15.0,14.2,42.9
STU00825,EC303,4,29.12,21.81,15.0,25.0,48.89
STU00826,CE302,1,50.0,25.0,11.02,20.93,48.67
STU00826,CE305,2,50.0,21.81,15.0,25.0,56.37
STU00826,CE302,3,41.09,18.11,15.0,25.0,45.74
STU00826,CE303,4,40.35,25.0,15.0,25.0,72.65
STU00826,CE304,5,50.0,25.0,14.9,21.94,38.05
STU00827,ME303,1,50.0,25.0,15.0,25.0,72.93
STU00827,ME304,2,50.0,25.0,15.0,25.0,100.0
STU00827,ME302,3,50.0,25.0,15.0,25.0,54.43
STU00828,IT304,1,32.98,3.17,12.9,21.81,72.31
STU00828,IT304,2,36.31,20.85,15.0,18.11,22.73
STU00828,IT303,3,44.81,25.0,11.37,25.0,30.63
STU00828,IT304,4,36.09,25.0,15.0,12.65,63.53
STU00828,IT304,5,28.14,25.0,11.38,24.85,62.02
STU00829,IT304,1,50.0,25.0,15.0,24.43,61.95
STU00829,IT304,2,50.0,23.92,14.73,25.0,57.17
STU00829,IT303,3,50.0,25.0,15.0,21.51,62.56
STU00829,IT304,4,50.0,25.0,15.0,24.8,45.11
STU00829,IT305,5,44.89,25.0,13.54,25.0,66.72
STU00830,CE302,1,44.05,5.84,9.18,25.0,48.99
STU00830,CE305,2,38.07,10.62,15.0,25.0,24.38
STU00830,CE305,3,38.58,8.18,14.06,25.0,35.57
STU00831,CE305,1,50.0,5.46,15.0,21.72,60.58
STU00831,CE303,2,49.93,16.34,15.0,25.0,72.56
STU00831,CE302,3,50.0,25.0,8.19,25.0,66.85
STU00831,CE302,4,50.0,24.44,15.0,25.0,56.01
STU00831,CE301,5,50.0,25.0,15.0,25.0,80.87
STU00832,CE305,1,42.7,25.0,15.0,25.0,46.46
STU00832,CE301,2,50.0,25.0,15.0,25.0,48.82
STU00832,CE302,3,50.0,25.0,13.61,25.0,75.0
STU00832,CE305,4,46.07,16.94,14.17,25.0,57.21
STU00833,CE305,1,38.14,16.16,14.95,24.87,51.54
STU00833,CE302,2,44.83,20.71,15.0,9.56,65.38
STU00833,CE301,3,50.0,12.11,15.0,25.0,49.17
STU00833,CE304,4,50.0,16.58,15.0,25.0,28.91
STU00833,CE303,5,33.36,9.48,15.0,19.74,55.65
STU00834,ME305,1,44.24,25.0,15.0,25.0,54.29
STU00834,ME302,2,45.05,25.0,15.0,25.0,54.08
STU00834,ME303,3,50.0,19.61,14.29,25.0,52.95
STU00834,ME302,4,39.22,25.0,12.94,21.18,53.43
STU00834,ME304,5,50.0,24.8,15.0,25.0,78.06
STU00835,EE305,1,48.94,25.0,7.09,20.91,60.22
STU00835,EE301,2,46.54,20.52,15.0,25.0,39.53
STU00835,EE301,3,50.0,25.0,15.0,25.0,52.04
STU00835,EE301,4,50.0,25.0,15.0,10.4,63.65
STU00835,EE303,5,42.06,25.0,10.42,25.0,43.92
STU00835,EE303,6,36.68,25.0,11.15,22.02,40.69
STU00836,ME302,1,47.85,19.83,5.71,25.0,53.71
STU00836,ME303,2,46.79,25.0,15.0,20.11,72.14
STU00836,ME303,3,47.25,24.08,7.33,14.44,61.72
STU00837,CS304,1,50.0,23.06,15.0,19.58,42.92
STU00837,CS303,2,43.38,10.12,6.56,25.0,21.43
STU00837,CS303,3,46.6,20.89,11.74,19.08,53.93
STU00837,CS301,4,40.87,11.9,15.0,9.66,68.62
STU00837,CS302,5,38.5,10.41,6.23,22.2,57.37
STU00837,CS304,6,49.27,14.84,15.0,23.25,53.33
STU00838,EC305,1,47.31,24.11,15.0,25.0,49.04
STU00838,EC302,2,49.63,25.0,15.0,25.0,54.42
STU00838,EC303,3,50.0,25.0,15.0,17.31,52.74
STU00838,EC301,4,50.0,12.85,5.48,20.02,150.0
STU00838,EC304,5,44.84,19.31,7.97,20.2,36.54
STU00838,EC301,6,40.95,16.98,10.24,25.0,56.58
STU00839,CS304,1,50.0,25.0,14.35,25.0,43.92
STU00839,CS304,2,43.17,13.52,10.96,14.67,36.32
STU00839,CS301,3,35.91,25.0,15.0,25.0,37.17
STU00839,CS304,4,45.16,17.78,13.73,11.44,69.14
STU00839,CS304,5,47.23,24.2,9.84,19.82,39.01
STU00840,EE305,1,50.0,25.0,15.0,21.7,39.78
STU00840,EE303,2,50.0,25.0,9.81,22.37,41.48
STU00840,EE303,3,50.0,25.0,15.0,25.0,58.0
STU00840,EE302,4,50.0,25.0,12.6,25.0,55.89
STU00840,EE305,5,50.0,25.0,15.0,25.0,69.19
STU00841,CE302,1,34.1,17.56,12.88,18.3,46.85
STU00841,CE302,2,50.0,25.0,15.0,21.45,57.71
STU00841,CE303,3,40.92,23.0,10.17,21.04,62.61
STU00841,CE303,4,38.55,5.46,9.44,17.24,44.4
STU00841,CE301,5,38.5,23.7,15.0,13.78,67.93
STU00842,EC303,1,50.0,25.0,15.0,25.0,90.92
STU00842,EC302,2,50.0,25.0,15.0,25.0,78.3
STU00842,EC305,3,50.0,25.0,15.0,25.0,81.48
STU00843,EE303,1,21.71,9.28,12.1,20.0,62.17
STU00843,EE301,2,31.85,20.55,9.68,16.19,59.78
STU00843,EE303,3,38.03,22.02,10.61,20.09,43.71
STU00843,EE304,4,42.82,18.47,12.42,15.61,49.86
STU00843,EE303,5,46.58,24.29,13.61,17.32,57.16
STU00844,CS304,1,50.0,25.0,13.59,25.0,52.81
STU00844,CS303,2,40.69,25.0,7.12,24.08,39.84
STU00844,CS302,3,50.0,22.98,14.34,23.17,49.81
STU00844,CS305,4,45.36,18.06,15.0,25.0,56.79
STU00845,IT304,1,50.0,25.0,12.49,25.0,66.78
STU00845,IT304,2,50.0,21.05,9.66,25.0,52.53
STU00845,IT304,3,50.0,25.0,11.26,25.0,39.06
STU00845,IT303,4,50.0,19.2,4.81,25.0,56.11
STU00846,EE303,1,50.0,25.0,15.0,25.0,63.21
STU00846,EE304,2,50.0,25.0,15.0,25.0,74.91
STU00846,EE302,3,50.0,25.0,15.0,25.0,82.64
STU00846,EE303,4,35.56,25.0,11.97,25.0,72.99
STU00847,CE303,1,50.0,8.81,10.98,14.45,39.45
STU00847,CE301,2,50.0,25.0,14.85,25.0,34.31
STU00847,CE301,3,-5.0,24.82,15.0,25.0,27.52
STU00847,CE305,4,49.07,21.59,14.23,25.0,33.56
STU00847,CE301,5,47.61,18.68,1.48,24.97,50.64
STU00848,CS302,1,50.0,25.0,15.0,25.0,76.52
STU00848,CS302,2,50.0,25.0,15.0,21.95,66.24
STU00849,IT302,1,50.0,25.0,15.0,24.51,57.7
STU00849,IT301,2,46.55,25.0,15.0,20.14,54.39
STU00850,EE301,1,38.41,10.23,4.59,10.94,46.39
STU00850,EE305,2,50.0,18.33,3.99,8.34,54.57
STU00851,ME305,1,50.0,25.0,15.0,25.0,71.0
STU00851,ME303,2,50.0,25.0,14.81,25.0,69.76
STU00851,ME305,3,50.0,25.0,15.0,25.0,71.45
STU00852,ME302,1,49.62,25.0,7.04,23.95,46.8
STU00852,ME301,2,50.0,23.38,9.94,25.0,87.79
STU00853,CS301,1,50.0,25.0,13.91,25.0,47.02
STU00853,CS304,2,50.0,25.0,15.0,24.6,37.5
STU00854,EE301,1,42.27,20.48,9.55,7.16,25.79
STU00854,EE304,2,39.82,23.89,11.8,12.07,30.74
STU00854,EE305,3,49.06,21.75,6.42,18.06,57.92
STU00855,ME302,1,50.0,25.0,15.0,25.0,59.26
STU00855,ME305,2,50.0,23.21,15.0,25.0,78.91
STU00855,ME304,3,50.0,25.0,15.0,25.0,67.68
STU00855,ME305,4,50.0,25.0,15.0,25.0,65.18
STU00855,ME304,5,50.0,25.0,13.25,25.0,60.5
STU00856,IT301,1,44.96,16.33,15.0,25.0,77.52
STU00856,IT302,2,50.0,22.73,8.47,18.68,51.58
STU00856,IT303,3,50.0,25.0,15.0,21.3,48.21
STU00856,IT305,4,50.0,25.0,8.97,25.0,34.08
STU00856,IT301,5,44.52,25.0,15.0,14.05,52.12
STU00856,IT302,6,43.36,25.0,15.0,25.0,52.71
STU00857,CE302,1,34.52,12.08,12.88,19.19,53.17
STU00857,CE304,2,24.76,25.0,12.51,14.89,39.16
STU00857,CE305,3,27.91,11.3,3.31,18.69,56.42
STU00857,CE305,4,49.74,23.26,15.0,25.0,47.2
STU00858,IT304,1,36.0,2.78,10.25,9.98,37.51
STU00858,IT303,2,41.3,8.32,8.88,11.77,29.48
STU00858,IT305,3,13.04,25.0,1.52,25.0,40.17
STU00859,CE303,1,49.76,25.0,12.04,25.0,54.09
STU00859,CE301,2,42.49,25.0,15.0,25.0,70.52
STU00859,CE301,3,50.0,25.0,15.0,25.0,50.08
STU00859,CE303,4,49.31,24.6,15.0,15.7,34.22
STU00860,EE304,1,50.0,25.0,9.73,25.0,82.38
STU00860,EE304,2,49.46,8.61,15.0,25.0,70.11
STU00860,EE301,3,50.0,25.0,15.0,25.0,47.22
STU00860,EE305,4,50.0,20.16,15.0,25.0,60.41
STU00860,EE305,5,48.04,25.0,14.45,25.0,72.16
STU00860,EE305,6,50.0,25.0,11.86,25.0,57.76
STU00861,EC304,1,50.0,22.33,12.26,25.0,48.82
STU00861,EC304,2,37.27,22.31,11.76,17.71,33.28
STU00861,EC304,3,46.52,24.24,10.96,25.0,28.95
STU00861,EC304,4,50.0,2.89,15.0,15.7,47.28
STU00862,EC302,1,43.87,25.0,15.0,25.0,34.19
STU00862,EC305,2,43.09,22.56,8.44,21.05,34.82
STU00862,EC301,3,50.0,19.44,12.28,25.0,49.15
STU00862,EC304,4,50.0,25.0,15.0,21.3,37.14
STU00862,EC304,5,50.0,15.48,15.0,21.53,60.22
STU00862,EC304,6,50.0,20.95,13.91,15.42,56.43
STU00863,EE304,1,33.26,13.54,2.34,19.4,29.73
STU00863,EE302,2,37.78,13.65,11.02,11.8,62.17
STU00863,EE304,3,24.38,8.05,9.25,9.13,56.09
STU00863,EE302,4,21.41,16.08,7.68,10.95,24.58
STU00863,EE304,5,40.56,25.0,5.33,16.47,44.16
STU00864,EC303,1,34.49,13.55,14.76,21.55,32.55
STU00864,EC304,2,35.53,25.0,15.0,25.0,38.29
STU00864,EC302,3,50.0,23.27,11.16,20.36,46.38
STU00864,EC302,4,50.0,25.0,15.0,24.32,37.12
STU00864,EC301,5,36.35,25.0,9.27,23.2,52.23
STU00865,ME302,1,50.0,14.54,11.06,25.0,25.06
STU00865,ME303,2,34.91,25.0,15.0,23.24,43.15
STU00865,ME301,3,50.0,20.64,15.0,21.56,27.45
STU00865,ME304,4,35.08,24.21,11.76,20.91,39.01
STU00865,ME303,5,50.0,19.75,15.0,25.0,48.43
STU00866,CS302,1,50.0,25.0,15.0,25.0,62.69
STU00866,CS305,2,48.57,25.0,15.0,25.0,87.64
STU00866,CS304,3,50.0,13.2,15.0,16.97,43.84
STU00867,EC304,1,50.0,25.0,15.0,25.0,65.98
STU00867,EC303,2,50.0,25.0,15.0,25.0,91.47
STU00867,EC301,3,50.0,25.0,15.0,25.0,79.91
STU00868,CE305,1,42.64,15.86,9.14,25.0,41.99
STU00868,CE302,2,50.0,25.0,15.0,25.0,81.69
STU00868,CE305,3,50.0,20.64,11.6,22.47,59.26
STU00868,CE302,4,50.0,25.0,15.0,25.0,66.45
STU00868,CE304,5,45.46,17.71,15.0,20.35,75.49
STU00869,EE302,1,50.0,25.0,15.0,25.0,45.08
STU00869,EE303,2,44.79,19.32,7.12,7.8,31.48
STU00869,EE305,3,50.0,25.0,15.0,25.0,59.62
STU00869,EE305,4,50.0,22.1,7.85,20.76,42.91
STU00870,EE303,1,50.0,25.0,15.0,25.0,61.4
STU00870,EE303,2,48.45,25.0,13.62,23.38,43.52
STU00870,EE303,3,42.28,20.69,15.0,19.33,59.19
STU00870,EE301,4,50.0,20.94,15.0,25.0,47.21
STU00870,EE304,5,50.0,14.21,15.0,25.0,64.71
STU00870,EE304,6,48.78,18.21,15.0,25.0,74.12
STU00871,EE303,1,50.0,25.0,15.0,25.0,81.37
STU00871,EE303,2,50.0,17.95,15.0,25.0,90.89
STU00871,EE303,3,50.0,25.0,15.0,25.0,86.64
STU00872,ME303,1,50.0,25.0,15.0,25.0,79.33
STU00872,ME302,2,50.0,25.0,15.0,21.48,79.91
STU00872,ME305,3,50.0,25.0,15.0,25.0,83.78
STU00872,ME305,4,50.0,25.0,13.33,25.0,69.5
STU00872,ME302,5,50.0,25.0,15.0,19.18,82.61
STU00872,ME305,6,50.0,25.0,14.77,25.0,68.64
STU00873,ME303,1,50.0,25.0,15.0,25.0,68.5
STU00873,ME304,2,50.0,25.0,15.0,25.0,78.53
STU00874,EC303,1,39.54,25.0,15.0,18.29,50.51
STU00874,EC305,2,50.0,25.0,15.0,25.0,45.3
STU00874,EC304,3,50.0,24.11,7.44,25.0,54.15
STU00874,EC301,4,28.08,25.0,12.81,25.0,31.18
STU00874,EC304,5,34.55,25.0,15.0,18.28,53.49
STU00874,EC303,6,47.11,24.2,11.9,25.0,31.1
STU00875,EE301,1,34.03,10.85,11.76,20.63,40.74
STU00875,EE302,2,22.41,18.34,6.53,10.31,38.14
STU00875,EE301,3,31.28,6.39,7.74,12.29,20.11
STU00875,EE303,4,29.42,16.89,9.49,14.66,31.16
STU00876,CS302,1,50.0,13.35,15.0,20.38,56.73
STU00876,CS303,2,50.0,22.82,15.0,18.4,46.5
STU00876,CS303,3,50.0,24.51,6.42,25.0,36.66
STU00876,CS302,4,38.78,25.0,15.0,25.0,55.18
STU00876,CS303,5,50.0,23.46,6.97,20.87,70.48
STU00876,CS302,6,50.0,25.0,12.68,15.54,50.63
STU00877,EE304,1,50.0,25.0,15.0,25.0,44.19
STU00877,EE301,2,50.0,25.0,7.14,25.0,75.77
STU00877,EE303,3,50.0,25.0,15.0,25.0,83.98
STU00878,CE303,1,50.0,18.86,14.98,22.61,50.46
STU00878,CE301,2,45.98,11.04,15.0,25.0,63.04
STU00878,CE301,3,50.0,25.0,15.0,25.0,54.18
STU00879,ME302,1,49.94,25.0,15.0,25.0,91.16
STU00879,ME304,2,50.0,25.0,15.0,25.0,62.63
STU00879,ME305,3,50.0,25.0,15.0,25.0,71.3
STU00879,ME303,4,50.0,25.0,15.0,25.0,72.7
STU00879,ME303,5,50.0,25.0,10.71,25.0,75.02
STU00880,IT302,1,50.0,13.39,7.78,20.76,33.73
STU00880,IT303,2,50.0,23.26,14.71,21.05,47.69
STU00880,IT305,3,50.0,25.0,15.0,21.79,48.08
STU00880,IT303,4,50.0,3.96,11.23,22.48,42.05
STU00881,ME301,1,50.0,25.0,9.34,25.0,66.18
STU00881,ME305,2,41.15,25.0,15.0,25.0,57.11
STU00882,CS302,1,31.66,22.86,15.0,13.44,46.35
STU00882,CS304,2,45.17,20.53,7.44,25.0,50.27
STU00882,CS304,3,32.46,15.16,15.0,25.0,38.29
STU00882,CS304,4,48.89,12.49,11.64,17.67,60.45
STU00883,CE305,1,50.0,25.0,14.91,25.0,64.44
STU00883,CE303,2,50.0,25.0,15.0,25.0,87.33
STU00883,CE305,3,50.0,25.0,15.0,23.97,73.39
STU00883,CE305,4,50.0,20.42,15.0,25.0,84.28
STU00884,CS304,1,50.0,25.0,15.0,25.0,54.94
STU00884,CS301,2,44.52,16.53,15.0,25.0,75.49
STU00884,CS302,3,50.0,25.0,15.0,25.0,53.66
STU00885,EE302,1,40.18,25.0,15.0,17.74,80.0
STU00885,EE301,2,50.0,25.0,15.0,25.0,52.27
STU00885,EE303,3,44.08,25.0,14.51,22.11,62.24
STU00885,EE301,4,49.04,25.0,15.0,25.0,60.88
STU00885,EE303,5,46.41,16.1,15.0,25.0,45.1
STU00885,EE304,6,49.25,13.45,13.86,25.0,46.98
STU00886,IT301,1,30.89,9.23,9.02,25.0,51.29
STU00886,IT304,2,17.63,10.65,2.73,5.95,20.18
STU00886,IT305,3,44.58,12.48,11.72,18.7,24.49
STU00886,IT302,4,32.81,18.25,15.0,16.28,35.39
STU00886,IT302,5,42.84,2.72,12.85,2.76,40.78
STU00886,IT303,6,33.01,25.0,3.89,9.26,25.2
STU00887,CS301,1,42.67,19.47,4.87,23.45,31.63
STU00887,CS301,2,50.0,15.33,6.76,25.0,49.15
STU00887,CS304,3,50.0,16.13,15.0,24.67,41.86
STU00888,EC302,1,41.01,25.0,15.0,25.0,43.0
STU00888,EC302,2,39.52,25.0,12.54,22.1,48.25
STU00889,EE303,1,50.0,15.83,15.0,19.45,64.4
STU00889,EE304,2,48.71,25.0,15.0,24.93,55.0
STU00889,EE301,3,43.24,19.72,11.04,17.55,56.25
STU00889,EE304,4,50.0,25.0,12.84,25.0,45.01
STU00889,EE304,5,50.0,25.0,15.0,25.0,37.87
STU00889,EE301,6,48.35,24.48,14.96,23.96,36.17
STU00890,CS301,1,50.0,25.0,15.0,18.17,47.22
STU00890,CS302,2,50.0,10.95,11.08,25.0,53.83
STU00890,CS301,3,41.64,25.0,14.17,25.0,65.75
STU00890,CS301,4,50.0,25.0,9.78,14.66,63.9
STU00890,CS305,5,50.0,18.55,15.0,24.47,65.43
STU00890,CS304,6,48.24,25.0,15.0,25.0,51.58
STU00891,EC305,1,50.0,25.0,15.0,25.0,77.74
STU00891,EC305,2,50.0,25.0,15.0,25.0,150.0
STU00891,EC303,3,50.0,25.0,15.0,25.0,79.38
STU00892,ME304,1,50.0,25.0,15.0,25.0,79.11
STU00892,ME302,2,50.0,24.19,15.0,25.0,64.75
STU00892,ME303,3,50.0,25.0,15.0,25.0,55.26
STU00892,ME303,4,50.0,25.0,15.0,25.0,70.4
STU00892,ME304,5,50.0,25.0,15.0,25.0,81.03
STU00892,ME303,6,50.0,25.0,15.0,25.0,43.5
STU00893,IT304,1,50.0,25.0,13.71,25.0,72.46
STU00893,IT302,2,50.0,25.0,15.0,25.0,72.1
STU00894,CS301,1,43.88,25.0,15.0,25.0,38.35
STU00894,CS301,2,50.0,25.0,15.0,25.0,43.39
STU00895,IT305,1,31.58,25.0,6.01,25.0,49.04
STU00895,IT302,2,46.65,21.0,4.28,24.27,42.87
STU00895,IT303,3,20.64,14.52,12.87,25.0,36.33
STU00896,EE302,1,36.44,16.28,11.45,19.61,56.57
STU00896,EE302,2,17.17,14.32,14.67,20.53,24.54
STU00897,CS301,1,42.09,21.21,15.0,19.77,57.56
STU00897,CS302,2,50.0,14.76,9.31,15.21,49.69
STU00897,CS302,3,31.01,25.0,13.67,19.25,51.28
STU00897,CS304,4,41.9,21.08,13.45,21.83,45.9
STU00898,EE304,1,50.0,22.31,14.16,22.73,70.55
STU00898,EE304,2,50.0,25.0,9.96,25.0,76.62
STU00898,EE305,3,50.0,21.39,15.0,25.0,59.36
STU00898,EE302,4,37.45,25.0,15.0,25.0,63.2
STU00898,EE305,5,48.32,25.0,14.11,25.0,61.94
STU00899,ME301,1,48.31,25.0,11.19,25.0,55.48
STU00899,ME301,2,50.0,25.0,12.69,25.0,67.9
STU00900,EE303,1,43.83,25.0,15.0,25.0,65.88
STU00900,EE304,2,50.0,23.33,15.0,25.0,49.42
STU00901,CE301,1,50.0,20.95,13.13,25.0,72.95
STU00901,CE302,2,50.0,25.0,14.28,24.68,39.24
STU00902,EE303,1,50.0,25.0,15.0,25.0,44.24
STU00902,EE303,2,50.0,25.0,15.0,25.0,68.54
STU00902,EE301,3,47.14,25.0,5.7,25.0,44.07
STU00902,EE301,4,35.56,24.81,15.0,25.0,58.64
STU00902,EE303,5,50.0,25.0,15.0,20.38,52.14
STU00903,ME304,1,48.86,25.0,15.0,25.0,63.09
STU00903,ME301,2,50.0,25.0,15.0,25.0,56.88
STU00903,ME304,3,40.99,25.0,14.42,25.0,82.68
STU00903,ME301,4,50.0,25.0,15.0,25.0,69.86
STU00904,CS302,1,50.0,25.0,11.63,25.0,58.8
STU00904,CS305,2,50.0,25.0,15.0,25.0,82.17
STU00905,CS301,1,50.0,18.06,15.0,20.15,52.97
STU00905,CS301,2,50.0,20.29,15.0,15.8,69.41
STU00905,CS302,3,39.4,25.0,13.74,17.91,55.03
STU00905,CS304,4,42.41,25.0,15.0,23.76,58.49
STU00906,ME301,1,50.0,25.0,8.72,17.19,46.77
STU00906,ME304,2,45.83,25.0,15.0,25.0,48.02
STU00907,IT302,1,50.0,22.11,15.0,25.0,69.63
STU00907,IT305,2,50.0,25.0,15.0,25.0,68.15
STU00907,IT301,3,50.0,23.98,10.12,25.0,60.86
STU00907,IT303,4,50.0,25.0,14.59,25.0,57.75
STU00907,IT302,5,50.0,25.0,15.0,23.48,71.9
STU00908,CE303,1,50.0,25.0,15.0,25.0,63.04
STU00908,CE302,2,50.0,25.0,15.0,25.0,61.82
STU00909,IT301,1,35.01,16.62,8.99,20.46,47.97
STU00909,IT305,2,40.28,25.0,10.1,24.51,37.54
STU00910,CS301,1,48.3,25.0,15.0,12.24,53.63
STU00910,CS303,2,34.21,25.0,9.25,25.0,27.71
STU00910,CS305,3,50.0,25.0,12.05,20.94,59.22
STU00911,CE304,1,45.73,22.99,15.0,25.0,38.98
STU00911,CE303,2,50.0,25.0,10.09,25.0,48.33
STU00911,CE305,3,50.0,25.0,15.0,21.34,63.41
STU00911,CE303,4,39.9,25.0,11.58,21.4,40.31
STU00911,CE304,5,32.37,25.0,15.0,25.0,64.33
STU00912,EE304,1,41.13,16.71,9.46,18.08,62.05
STU00912,EE304,2,35.36,14.85,15.0,11.69,14.62
STU00912,EE303,3,39.13,14.87,14.12,9.43,37.87
STU00912,EE304,4,24.79,17.88,9.31,25.0,38.55
STU00912,EE303,5,42.81,14.71,15.0,18.74,34.82
STU00912,EE301,6,27.63,25.0,14.4,15.19,46.99
STU00913,IT303,1,50.0,23.27,15.0,25.0,51.79
STU00913,IT304,2,50.0,18.74,15.0,21.36,67.01
STU00913,IT305,3,50.0,25.0,15.0,25.0,52.65
STU00914,CS303,1,50.0,16.88,14.73,25.0,67.38
STU00914,CS305,2,46.56,25.0,15.0,21.33,46.55
STU00915,EC302,1,37.7,24.97,15.0,10.91,41.68
STU00915,EC302,2,50.0,14.78,15.0,14.05,66.8
STU00915,EC301,3,32.59,10.44,9.61,16.06,50.43
STU00915,EC301,4,50.0,25.0,7.65,11.3,52.64
STU00915,EC305,5,39.38,25.0,9.04,18.59,25.29
STU00915,EC305,6,50.0,25.0,15.0,25.0,57.04
STU00916,CS305,1,22.62,19.32,6.04,17.87,43.08
STU00916,CS302,2,41.76,18.42,10.02,20.44,32.69
STU00916,CS304,3,33.86,8.89,14.64,15.78,12.23
STU00916,CS303,4,33.36,25.0,0.24,10.64,27.69
STU00917,ME304,1,50.0,25.0,15.0,22.89,64.42
STU00917,ME302,2,50.0,25.0,15.0,25.0,70.94
STU00917,ME304,3,50.0,25.0,13.82,25.0,61.63
STU00917,ME302,4,50.0,22.45,15.0,25.0,69.69
STU00917,ME302,5,50.0,17.72,14.56,23.01,61.0
STU00917,ME301,6,49.46,25.0,14.11,25.0,71.84
STU00918,EC302,1,50.0,25.0,15.0,25.0,80.4
STU00918,EC303,2,50.0,25.0,15.0,25.0,68.21
STU00918,EC304,3,50.0,25.0,15.0,25.0,82.23
STU00918,EC302,4,50.0,25.0,15.0,25.0,74.98
STU00918,EC302,5,50.0,23.28,14.67,25.0,71.82
STU00919,IT301,1,50.0,25.0,13.88,22.8,65.36
STU00919,IT301,2,50.0,20.23,15.0,25.0,64.75
STU00920,ME301,1,50.0,18.96,15.0,22.24,51.15
STU00920,ME303,2,37.6,25.0,13.78,25.0,56.69
STU00920,ME301,3,44.69,19.66,7.52,14.8,57.07
STU00921,ME304,1,46.45,25.0,15.0,15.22,69.95
STU00921,ME305,2,41.18,25.0,9.51,25.0,28.88
STU00921,ME303,3,44.45,25.0,11.23,25.0,64.75
STU00921,ME303,4,50.0,25.0,15.0,17.37,41.52
STU00922,ME304,1,50.0,25.0,14.47,22.65,53.65
STU00922,ME305,2,28.14,20.26,15.0,15.63,62.27
STU00922,ME304,3,50.0,25.0,15.0,25.0,65.25
STU00922,ME304,4,37.52,25.0,15.0,17.3,66.14
STU00923,IT301,1,50.0,25.0,13.23,25.0,65.07
STU00923,IT304,2,50.0,25.0,15.0,25.0,76.32
STU00923,IT305,3,50.0,25.0,15.0,25.0,72.04
STU00923,IT304,4,50.0,25.0,15.0,25.0,86.9
STU00924,EC301,1,31.1,17.94,6.31,19.82,32.29
STU00924,EC301,2,43.54,19.47,9.92,21.75,49.23
STU00924,EC301,3,38.59,15.56,9.12,19.85,43.89
STU00924,EC303,4,27.9,11.29,15.0,18.87,43.23
STU00924,EC301,5,24.94,20.55,13.09,14.77,36.33
STU00925,EE304,1,47.38,25.0,7.6,25.0,91.2
STU00925,EE303,2,44.33,25.0,15.0,25.0,82.32
STU00926,CS304,1,50.0,25.0,15.0,25.0,55.55
STU00926,CS303,2,50.0,25.0,15.0,25.0,43.87
STU00926,CS305,3,50.0,25.0,15.0,25.0,81.67
STU00926,CS302,4,50.0,25.0,15.0,25.0,77.3
STU00926,CS301,5,50.0,25.0,15.0,25.0,59.39
STU00926,CS302,6,50.0,25.0,15.0,25.0,67.26
STU00927,CS304,1,47.71,25.0,7.56,25.0,69.42
STU00927,CS305,2,49.78,25.0,15.0,21.25,35.67
STU00927,CS304,3,29.73,22.28,15.0,25.0,53.73
STU00927,CS305,4,50.0,25.0,10.3,17.37,48.96
STU00927,CS305,5,50.0,16.93,11.04,25.0,42.24
STU00927,CS303,6,42.82,24.58,12.54,25.0,68.58
STU00928,IT304,1,25.92,21.62,15.0,22.13,39.16
STU00928,IT304,2,43.81,23.18,15.0,25.0,71.93
STU00928,IT302,3,50.0,18.37,15.0,13.21,60.74
STU00928,IT303,4,27.14,25.0,11.36,25.0,47.65
STU00928,IT304,5,35.79,0.34,8.86,25.0,31.72
STU00928,IT302,6,50.0,23.21,14.6,17.23,39.31
STU00929,EE304,1,50.0,8.16,2.11,9.86,22.93
STU00929,EE302,2,48.28,25.0,12.56,17.96,35.67
STU00929,EE304,3,48.54,21.09,9.3,20.36,54.31
STU00930,ME301,1,50.0,25.0,15.0,25.0,74.97
STU00930,ME302,2,50.0,25.0,15.0,25.0,66.89
STU00930,ME303,3,50.0,25.0,15.0,25.0,58.41
STU00930,ME302,4,50.0,25.0,15.0,25.0,63.94
STU00930,ME301,5,50.0,25.0,12.2,25.0,80.0
STU00931,CS302,1,50.0,19.78,15.0,25.0,37.53
STU00931,CS305,2,39.16,16.16,15.0,25.0,60.85
STU00931,CS304,3,49.61,25.0,15.0,11.43,64.87
STU00932,EE304,1,30.64,15.84,7.54,20.93,27.96
STU00932,EE305,2,23.24,19.36,6.58,25.0,45.04
STU00932,EE305,3,30.39,19.47,12.68,1.19,34.83
STU00932,EE304,4,18.72,21.58,8.19,12.11,53.44
STU00933,EC303,1,40.35,18.2,11.61,24.41,56.37
STU00933,EC305,2,50.0,25.0,15.0,25.0,66.56
STU00934,CE301,1,50.0,25.0,9.38,25.0,63.48
STU00934,CE303,2,41.36,25.0,15.0,22.6,60.05
STU00935,CS304,1,41.45,23.83,15.0,25.0,75.15
STU00935,CS302,2,50.0,25.0,15.0,19.41,74.76
STU00935,CS301,3,50.0,25.0,15.0,20.68,48.75
STU00935,CS301,4,47.56,19.17,15.0,25.0,54.45
STU00935,CS302,5,40.64,19.72,7.08,22.06,42.61
STU00936,EE303,1,50.0,25.0,15.0,25.0,87.31
STU00936,EE304,2,50.0,25.0,9.45,25.0,72.76
STU00936,EE302,3,50.0,25.0,9.81,23.9,58.66
STU00936,EE301,4,47.07,25.0,15.0,25.0,67.96
STU00936,EE302,5,50.0,25.0,15.0,25.0,54.95
STU00936,EE302,6,50.0,25.0,13.31,25.0,69.75
STU00937,EE304,1,41.74,17.16,15.0,25.0,45.34
STU00937,EE303,2,50.0,16.59,15.0,14.39,52.83
STU00937,EE305,3,50.0,25.0,15.0,21.72,68.87
STU00938,EE305,1,50.0,25.0,15.0,25.0,78.94
STU00938,EE305,2,50.0,25.0,15.0,25.0,77.37
STU00939,EC302,1,45.34,16.91,11.28,24.66,55.59
STU00939,EC302,2,46.98,21.81,13.58,18.95,61.26
STU00939,EC302,3,50.0,18.22,9.68,15.86,35.61
STU00939,EC304,4,42.99,12.86,15.0,25.0,60.14
STU00940,IT302,1,50.0,25.0,15.0,25.0,83.18
STU00940,IT302,2,50.0,25.0,15.0,25.0,81.1
STU00940,IT305,3,50.0,25.0,15.0,25.0,88.61
STU00940,IT302,4,50.0,25.0,15.0,25.0,68.62
STU00940,IT305,5,50.0,25.0,15.0,25.0,85.78
STU00941,ME304,1,24.41,23.13,13.35,25.0,47.75
STU00941,ME305,2,48.38,16.98,12.05,16.47,51.07
STU00942,IT304,1,50.0,17.65,15.0,24.92,74.79
STU00942,IT302,2,50.0,25.0,15.0,22.67,60.37
STU00942,IT304,3,50.0,25.0,15.0,25.0,64.19
STU00943,CE301,1,33.09,22.1,14.84,17.88,7.43
STU00943,CE304,2,19.56,25.0,10.56,23.51,34.6
STU00943,CE302,3,36.82,14.32,7.19,13.61,37.62
STU00943,CE304,4,27.28,23.72,13.91,18.35,28.5
STU00943,CE305,5,33.2,15.72,15.0,14.13,34.19
STU00944,CS304,1,50.0,4.84,15.0,25.0,44.17
STU00944,CS302,2,50.0,25.0,14.85,25.0,54.31
STU00944,CS305,3,50.0,25.0,15.0,25.0,65.11
STU00945,EE301,1,50.0,25.0,15.0,23.31,59.72
STU00945,EE305,2,43.16,25.0,12.61,19.64,78.2
STU00945,EE304,3,50.0,20.54,15.0,25.0,49.69
STU00945,EE305,4,50.0,25.0,9.11,22.32,73.75
STU00945,EE302,5,50.0,11.21,15.0,25.0,42.72
STU00946,EE303,1,50.0,19.17,13.22,17.98,67.57
STU00946,EE303,2,44.95,20.46,12.89,19.47,50.39
STU00946,EE303,3,40.58,18.33,8.69,24.86,62.42
STU00946,EE305,4,41.12,19.39,13.88,14.53,58.64
STU00947,CS304,1,50.0,25.0,15.0,22.14,69.01
STU00947,CS304,2,50.0,25.0,10.58,23.98,70.84
STU00947,CS304,3,43.99,21.55,15.0,19.81,74.8
STU00947,CS301,4,50.0,25.0,13.45,22.06,65.53
STU00948,EC305,1,50.0,25.0,7.14,18.97,64.12
STU00948,EC303,2,44.82,23.27,14.78,16.3,44.68
STU00948,EC303,3,50.0,25.0,15.0,21.34,41.79
STU00948,EC305,4,46.87,21.0,12.7,25.0,63.12
STU00949,EC303,1,50.0,25.0,15.0,24.68,61.64
STU00949,EC305,2,50.0,18.09,7.65,25.0,72.47
STU00949,EC303,3,50.0,25.0,15.0,25.0,59.32
STU00949,EC302,4,50.0,25.0,10.93,25.0,67.72
STU00950,CE304,1,48.04,25.0,11.4,25.0,65.59
STU00950,CE303,2,32.7,19.53,13.29,20.34,50.12
STU00950,CE302,3,32.76,19.42,14.07,15.96,22.81
STU00950,CE303,4,30.35,22.04,11.82,24.91,37.88
STU00950,CE303,5,37.08,9.94,3.2,23.29,44.12
STU00950,CE302,6,40.69,25.0,9.77,25.0,49.45
STU00951,CE305,1,41.45,25.0,12.55,25.0,33.73
STU00951,CE301,2,45.81,25.0,8.8,20.15,41.54
STU00951,CE302,3,30.67,25.0,7.21,22.92,31.14
STU00951,CE305,4,30.12,11.97,6.17,11.93,29.78
STU00951,CE302,5,46.18,16.07,3.81,20.23,49.97
STU00951,CE303,6,31.93,18.85,10.49,23.34,57.29
STU00952,EC304,1,50.0,25.0,15.0,25.0,63.48
STU00952,EC305,2,50.0,25.0,13.77,25.0,73.61
STU00952,EC305,3,50.0,25.0,13.78,25.0,66.32
STU00952,EC302,4,50.0,25.0,12.87,25.0,60.54
STU00952,EC305,5,50.0,22.38,15.0,25.0,91.17
STU00953,EE301,1,50.0,21.45,15.0,25.0,68.84
STU00953,EE305,2,50.0,25.0,10.61,25.0,80.56
STU00953,EE301,3,49.9,24.13,15.0,25.0,72.04
STU00953,EE302,4,50.0,25.0,15.0,25.0,77.58
STU00954,IT304,1,47.94,24.82,15.0,25.0,63.44
STU00954,IT305,2,49.74,15.9,15.0,25.0,61.19
STU00954,IT302,3,50.0,21.68,15.0,25.0,70.33
STU00954,IT301,4,50.0,23.65,9.46,22.11,53.35
STU00954,IT304,5,50.0,25.0,15.0,25.0,63.89
STU00955,IT304,1,32.42,25.0,11.06,22.54,43.15
STU00955,IT303,2,45.14,19.67,12.0,15.98,43.84
STU00955,IT302,3,46.63,15.03,15.0,20.17,29.25
STU00955,IT301,4,30.24,5.3,4.73,15.36,37.38
STU00955,IT301,5,39.41,16.02,15.0,19.44,47.14
STU00956,EC303,1,42.7,24.84,3.58,15.41,75.95
STU00956,EC305,2,50.0,25.0,15.0,24.52,50.2
STU00957,EC301,1,43.94,19.16,15.0,18.58,57.84
STU00957,EC302,2,39.3,14.83,14.79,25.0,40.46
STU00957,EC305,3,50.0,25.0,15.0,15.53,45.11
STU00958,CE301,1,45.53,17.92,12.65,23.42,39.22
STU00958,CE305,2,50.0,16.3,15.0,25.0,42.28
STU00959,EE304,1,50.0,25.0,15.0,17.9,67.9
STU00959,EE302,2,43.45,23.98,10.53,10.22,45.25
STU00959,EE305,3,35.56,25.0,12.22,15.9,42.27
STU00959,EE305,4,44.07,16.99,6.71,21.9,40.76
STU00960,EC302,1,49.84,25.0,15.0,23.75,66.31
STU00960,EC305,2,50.0,21.42,12.65,18.49,51.88
STU00960,EC302,3,50.0,25.0,10.88,19.6,62.19
STU00961,EC302,1,29.65,25.0,15.0,13.96,41.92
STU00961,EC302,2,39.13,25.0,12.99,25.0,21.03
STU00961,EC305,3,34.9,21.44,0.66,25.0,65.15
STU00961,EC304,4,46.31,22.18,13.09,20.83,35.98
STU00961,EC301,5,37.89,25.0,14.81,23.41,25.28
STU00962,CS302,1,50.0,25.0,7.57,25.0,52.64
STU00962,CS304,2,48.1,21.48,15.0,25.0,41.33
STU00962,CS302,3,50.0,21.64,10.01,24.13,49.73
STU00962,CS303,4,50.0,19.93,15.0,13.38,71.46
STU00962,CS301,5,44.67,21.0,8.68,25.0,41.26
STU00963,EE304,1,48.32,25.0,11.55,25.0,36.08
STU00963,EE304,2,30.93,25.0,15.0,25.0,72.88
STU00963,EE302,3,50.0,20.29,13.17,17.66,42.01
STU00963,EE301,4,50.0,6.42,15.0,25.0,54.9
STU00964,CS304,1,50.0,25.0,15.0,23.11,66.9
STU00964,CS304,2,50.0,25.0,15.0,25.0,56.55
STU00964,CS301,3,50.0,25.0,15.0,25.0,89.75
STU00964,CS302,4,50.0,25.0,15.0,25.0,64.53
STU00964,CS304,5,50.0,25.0,13.4,25.0,77.82
STU00965,CS301,1,27.87,12.64,2.29,18.88,18.76
STU00965,CS305,2,39.1,12.04,11.47,25.0,27.06
STU00965,CS304,3,18.61,7.88,15.0,18.03,16.63
STU00965,CS303,4,37.4,25.0,8.07,13.55,48.52
STU00966,EC305,1,34.92,18.35,8.71,24.35,64.95
STU00966,EC302,2,40.63,25.0,15.0,21.55,58.96
STU00967,ME302,1,45.28,17.03,12.52,25.0,35.23
STU00967,ME303,2,41.08,18.57,13.15,25.0,52.81
STU00967,ME303,3,36.87,23.59,15.0,17.43,15.98
STU00968,EC302,1,50.0,25.0,15.0,25.0,87.75
STU00968,EC305,2,50.0,17.07,13.84,25.0,95.97
STU00968,EC301,3,50.0,25.0,15.0,25.0,61.71
STU00968,EC301,4,50.0,11.07,15.0,25.0,64.13
STU00969,CE304,1,50.0,19.03,15.0,25.0,79.8
STU00969,CE303,2,50.0,9.75,15.0,20.43,26.22
STU00970,CE304,1,50.0,25.0,15.0,25.0,69.65
STU00970,CE304,2,50.0,21.64,12.03,25.0,68.09
STU00971,EC304,1,50.0,25.0,14.49,25.0,76.77
STU00971,EC303,2,50.0,25.0,14.45,25.0,56.97
STU00972,CS303,1,50.0,23.76,15.0,25.0,57.54
STU00972,CS304,2,50.0,25.0,15.0,25.0,54.78
STU00972,CS302,3,50.0,24.6,15.0,25.0,70.23
STU00972,CS305,4,50.0,25.0,15.0,25.0,74.73
STU00973,EC304,1,50.0,25.0,15.0,25.0,57.92
STU00973,EC301,2,37.0,15.08,6.88,25.0,31.31
STU00974,ME302,1,50.0,25.0,15.0,25.0,53.53
STU00974,ME305,2,50.0,25.0,15.0,25.0,72.07
STU00975,EE301,1,25.12,8.3,13.37,21.34,32.96
STU00975,EE304,2,46.36,10.14,6.69,10.28,61.34
STU00975,EE303,3,29.69,14.64,3.18,18.27,54.13
STU00975,EE304,4,50.0,21.24,8.39,15.34,61.65
STU00976,CE302,1,50.0,25.0,15.0,25.0,60.0
STU00976,CE303,2,50.0,25.0,15.0,23.47,73.7
STU00976,CE305,3,50.0,17.87,15.0,25.0,85.49
STU00977,ME301,1,44.12,19.38,12.64,23.68,79.87
STU00977,ME305,2,50.0,23.85,15.0,17.12,47.8
STU00977,ME303,3,50.0,6.57,12.79,22.78,27.78
STU00978,ME302,1,50.0,25.0,13.37,19.66,70.05
STU00978,ME301,2,50.0,22.9,13.44,25.0,58.27
STU00978,ME305,3,50.0,25.0,15.0,25.0,56.5
STU00978,ME301,4,50.0,25.0,15.0,25.0,47.96
STU00978,ME303,5,50.0,24.93,15.0,21.47,79.52
STU00979,ME301,1,47.07,25.0,10.11,21.75,58.11
STU00979,ME305,2,50.0,20.57,11.71,21.62,45.38
STU00979,ME302,3,39.54,25.0,7.97,24.39,41.78
STU00979,ME305,4,41.14,21.62,15.0,14.79,57.4
STU00979,ME302,5,46.22,25.0,15.0,18.8,72.56
STU00979,ME303,6,43.18,15.89,15.0,18.81,31.44
STU00980,CS305,1,44.5,23.53,15.0,25.0,72.24
STU00980,CS305,2,50.0,25.0,9.02,21.95,71.63
STU00980,CS304,3,50.0,20.28,15.0,20.72,57.54
STU00980,CS302,4,50.0,14.42,15.0,25.0,83.82
STU00981,CE302,1,50.0,20.32,15.0,14.99,75.12
STU00981,CE302,2,36.74,8.07,8.39,25.0,35.42
STU00981,CE305,3,34.19,25.0,14.87,25.0,41.4
STU00981,CE304,4,44.95,8.13,9.16,21.83,63.33
STU00981,CE304,5,-5.0,25.0,13.9,16.14,31.55
STU00982,EC302,1,37.91,17.73,15.0,25.0,59.95
STU00982,EC305,2,45.1,23.85,15.0,24.7,55.82
STU00983,EC304,1,50.0,22.29,11.74,25.0,47.13
STU00983,EC301,2,50.0,10.01,15.0,23.23,54.12
STU00984,CS305,1,50.0,25.0,15.0,25.0,71.37
STU00984,CS304,2,50.0,25.0,15.0,25.0,96.02
STU00984,CS305,3,50.0,25.0,15.0,25.0,74.88
STU00984,CS305,4,50.0,25.0,15.0,25.0,76.68
STU00984,CS305,5,50.0,25.0,15.0,25.0,63.07
STU00985,IT305,1,50.0,25.0,10.79,25.0,62.95
STU00985,IT302,2,50.0,25.0,15.0,25.0,81.12
STU00985,IT302,3,50.0,25.0,13.52,25.0,32.7
STU00985,IT302,4,47.77,25.0,15.0,25.0,73.68
STU00986,CS303,1,34.1,21.56,6.39,18.8,43.02
STU00986,CS301,2,40.36,25.0,13.92,22.87,18.65
STU00986,CS304,3,37.99,20.59,8.24,25.0,60.9
STU00986,CS303,4,50.0,25.0,15.0,22.7,46.32
STU00986,CS301,5,50.0,10.66,8.88,23.88,45.32
STU00986,CS304,6,50.0,24.96,4.76,25.0,31.41
STU00987,ME302,1,45.62,23.74,9.28,15.81,48.94
STU00987,ME302,2,46.33,19.07,15.0,21.63,54.39
STU00988,CS302,1,43.29,22.27,15.0,20.0,50.48
STU00988,CS304,2,38.87,5.48,12.22,16.74,49.86
STU00988,CS302,3,43.04,23.94,5.61,25.0,56.53
STU00988,CS302,4,38.21,21.76,12.26,25.0,34.47
STU00988,CS303,5,32.99,15.28,15.0,25.0,47.42
STU00988,CS304,6,23.72,16.22,12.08,21.48,30.35
STU00989,EC303,1,50.0,25.0,7.79,25.0,42.36
STU00989,EC304,2,34.87,25.0,15.0,17.58,63.1
STU00989,EC304,3,50.0,18.78,15.0,15.19,57.55
STU00989,EC302,4,50.0,25.0,15.0,21.75,66.71
STU00989,EC301,5,50.0,25.0,15.0,21.31,66.45
STU00990,CE301,1,50.0,25.0,15.0,25.0,66.4
STU00990,CE304,2,50.0,25.0,10.95,25.0,80.83
STU00990,CE304,3,50.0,21.54,15.0,20.74,58.11
STU00990,CE305,4,50.0,25.0,13.21,25.0,89.28
STU00991,IT305,1,50.0,25.0,15.0,21.4,46.93
STU00991,IT301,2,50.0,25.0,3.1,25.0,41.16
STU00991,IT301,3,50.0,25.0,10.46,25.0,47.2
STU00991,IT303,4,48.4,25.0,15.0,25.0,54.84
STU00992,IT305,1,50.0,20.99,15.0,25.0,56.2
STU00992,IT301,2,50.0,24.66,15.0,25.0,84.34
STU00992,IT302,3,50.0,21.96,15.0,25.0,150.0
STU00992,IT301,4,50.0,25.0,15.0,24.77,62.11
STU00993,EC302,1,45.08,25.0,15.0,25.0,50.92
STU00993,EC301,2,50.0,24.99,14.08,25.0,63.23
STU00993,EC304,3,50.0,24.79,12.49,25.0,66.86
STU00993,EC305,4,50.0,25.0,15.0,25.0,61.83
STU00993,EC303,5,50.0,16.55,15.0,20.4,45.23
STU00993,EC303,6,50.0,23.0,8.47,25.0,71.08
STU00994,ME305,1,50.0,20.48,2.16,19.67,63.81
STU00994,ME304,2,50.0,25.0,0.88,21.77,49.76
STU00995,EC305,1,50.0,25.0,15.0,25.0,62.79
STU00995,EC305,2,50.0,25.0,15.0,23.12,65.69
STU00995,EC302,3,50.0,22.57,15.0,20.8,70.57
STU00995,EC303,4,50.0,25.0,15.0,25.0,86.17
STU00995,EC303,5,50.0,25.0,15.0,25.0,70.39
STU00996,ME302,1,50.0,21.36,15.0,25.0,58.76
STU00996,ME305,2,50.0,24.87,12.43,22.54,61.73
STU00996,ME303,3,50.0,25.0,11.1,25.0,49.08
STU00997,CE301,1,12.8,4.61,15.0,6.97,20.02
STU00997,CE303,2,11.62,25.0,10.85,14.01,53.87
STU00997,CE302,3,31.98,7.38,6.99,8.42,46.67
STU00998,ME305,1,50.0,25.0,15.0,22.87,71.64
STU00998,ME304,2,50.0,25.0,15.0,25.0,72.88
STU00998,ME304,3,50.0,18.82,15.0,22.74,50.17
STU00998,ME302,4,50.0,25.0,6.54,25.0,79.38
STU00998,ME301,5,50.0,25.0,13.09,22.23,38.7
STU00999,CE303,1,50.0,25.0,9.39,25.0,61.95
STU00999,CE301,2,50.0,25.0,15.0,14.37,70.14
STU01000,ME302,1,50.0,25.0,15.0,25.0,73.37
STU01000,ME301,2,50.0,25.0,15.0,25.0,76.23
STU01000,ME304,3,50.0,25.0,15.0,25.0,53.15
STU01000,ME305,4,50.0,22.82,15.0,24.53,76.79
STU01000,ME304,5,50.0,25.0,12.08,25.0,82.38
STU01001,EE305,1,50.0,24.84,15.0,25.0,84.98
STU01001,EE303,2,50.0,24.62,13.76,24.53,53.65
STU01001,EE305,3,49.44,18.35,15.0,25.0,66.93
STU01001,EE305,4,42.96,25.0,15.0,25.0,56.61
STU01001,EE302,5,47.03,25.0,15.0,25.0,76.6
STU01001,EE304,6,50.0,21.5,10.91,25.0,78.46
STU01002,CS303,1,50.0,25.0,15.0,25.0,52.51
STU01002,CS304,2,44.36,25.0,15.0,25.0,76.86
STU01002,CS301,3,50.0,22.52,10.98,25.0,59.43
STU01002,CS303,4,50.0,25.0,13.96,25.0,55.21
STU01003,ME305,1,50.0,25.0,15.0,25.0,82.44
STU01003,ME302,2,50.0,25.0,15.0,25.0,81.86
STU01003,ME304,3,50.0,20.52,14.54,25.0,44.3
STU01004,CS305,1,50.0,25.0,12.23,18.41,33.26
STU01004,CS304,2,42.67,18.53,11.47,25.0,58.17
STU01005,ME305,1,50.0,23.31,15.0,25.0,48.3
STU01005,ME303,2,47.28,25.0,15.0,25.0,59.25
STU01005,ME302,3,50.0,25.0,15.0,25.0,59.73
STU01005,ME305,4,50.0,25.0,15.0,25.0,67.28
STU01005,ME301,5,50.0,22.76,15.0,25.0,82.32
STU01006,ME304,1,49.6,17.28,10.39,18.49,57.55
STU01006,ME304,2,43.88,25.0,15.0,25.0,63.56
STU01007,EC304,1,50.0,25.0,14.03,25.0,58.33
STU01007,EC303,2,50.0,14.5,11.17,25.0,63.49
STU01007,EC301,3,50.0,25.0,15.0,23.84,64.34
STU01007,EC302,4,50.0,25.0,15.0,17.45,61.49
STU01007,EC304,5,50.0,25.0,8.73,23.51,91.2
STU01008,IT302,1,50.0,25.0,15.0,25.0,73.92
STU01008,IT304,2,50.0,25.0,15.0,21.16,39.19
STU01008,IT303,3,50.0,25.0,9.68,25.0,76.89
STU01008,IT305,4,50.0,25.0,7.48,21.98,70.65
STU01008,IT303,5,47.05,25.0,10.75,24.56,77.19
STU01008,IT305,6,50.0,25.0,15.0,25.0,70.64
STU01009,IT304,1,50.0,25.0,15.0,25.0,69.86
STU01009,IT301,2,50.0,25.0,14.36,25.0,150.0
STU01009,IT301,3,50.0,25.0,15.0,24.58,70.57
STU01009,IT302,4,50.0,25.0,15.0,25.0,53.27
STU01009,IT304,5,50.0,25.0,13.83,25.0,33.0
STU01009,IT302,6,43.85,25.0,9.77,25.0,63.44
STU01010,CS304,1,50.0,25.0,15.0,25.0,80.11
STU01010,CS301,2,50.0,19.73,15.0,25.0,60.02
STU01011,EE303,1,50.0,25.0,15.0,25.0,81.08
STU01011,EE305,2,45.91,25.0,15.0,25.0,63.46
STU01011,EE301,3,50.0,25.0,15.0,12.71,66.71
STU01011,EE303,4,50.0,25.0,13.39,25.0,61.04
STU01012,EE301,1,50.0,25.0,15.0,25.0,85.91
STU01012,EE301,2,50.0,25.0,12.68,25.0,83.37
STU01013,CS302,1,44.78,11.36,10.4,24.89,26.38
STU01013,CS304,2,41.41,23.27,14.25,15.51,46.29
STU01013,CS303,3,32.68,25.0,15.0,19.35,50.42
STU01014,CE305,1,50.0,24.48,15.0,20.32,72.96
STU01014,CE305,2,50.0,25.0,15.0,25.0,68.9
STU01014,CE302,3,50.0,20.43,15.0,25.0,70.87
STU01014,CE304,4,49.51,25.0,15.0,25.0,65.38
STU01014,CE302,5,50.0,25.0,15.0,25.0,42.7
STU01014,CE304,6,50.0,25.0,15.0,25.0,60.76
STU01015,ME301,1,50.0,15.83,10.1,17.71,51.24
STU01015,ME303,2,37.7,23.46,12.82,25.0,41.71
STU01015,ME304,3,50.0,25.0,15.0,15.0,58.44
STU01015,ME303,4,45.66,20.86,14.34,25.0,45.51
STU01016,ME304,1,41.95,25.0,11.24,25.0,32.78
STU01016,ME302,2,50.0,25.0,11.04,18.99,72.65
STU01016,ME303,3,50.0,25.0,15.0,25.0,63.16
STU01016,ME302,4,50.0,24.22,9.02,25.0,72.31
STU01017,ME302,1,50.0,25.0,15.0,25.0,67.1
STU01017,ME301,2,50.0,25.0,15.0,25.0,69.72
STU01017,ME305,3,50.0,25.0,15.0,25.0,80.58
STU01018,IT301,1,50.0,25.0,15.0,25.0,79.83
STU01018,IT302,2,50.0,25.0,15.0,25.0,48.12
STU01018,IT301,3,50.0,25.0,15.0,25.0,73.29
STU01019,ME303,1,50.0,20.42,13.56,13.45,53.46
STU01019,ME304,2,31.89,25.0,13.19,20.43,56.35
STU01019,ME304,3,28.11,21.43,13.63,25.0,49.08
STU01019,ME305,4,42.62,16.01,6.88,12.93,49.34
STU01020,EC304,1,45.03,25.0,7.05,25.0,74.74
STU01020,EC303,2,50.0,25.0,13.12,18.7,62.53
STU01020,EC304,3,50.0,21.19,14.83,25.0,52.69
STU01021,ME301,1,37.86,12.41,10.77,21.84,77.18
STU01021,ME301,2,35.13,15.26,10.98,17.75,56.56
STU01021,ME304,3,48.5,22.33,15.0,16.04,57.55
STU01021,ME304,4,38.11,9.07,8.4,18.31,37.0
STU01022,IT303,1,48.59,20.6,15.0,25.0,55.0
STU01022,IT302,2,50.0,25.0,15.0,25.0,64.77
STU01022,IT304,3,50.0,24.99,13.73,25.0,58.08
STU01022,IT305,4,50.0,19.48,15.0,23.86,56.79
STU01022,IT301,5,33.7,25.0,4.6,25.0,63.47
STU01023,EE304,1,22.76,20.46,14.68,7.29,36.0
STU01023,EE304,2,36.02,20.65,4.14,23.58,22.96
STU01023,EE302,3,35.87,22.75,8.68,9.34,31.8
STU01023,EE302,4,39.13,19.06,15.0,2.17,20.78
STU01024,IT305,1,50.0,25.0,13.82,25.0,86.07
STU01024,IT303,2,50.0,25.0,15.0,25.0,80.12
STU01024,IT302,3,50.0,25.0,15.0,25.0,70.57
STU01024,IT301,4,50.0,25.0,15.0,25.0,82.9
STU01024,IT303,5,50.0,25.0,15.0,25.0,100.0
STU01024,IT305,6,50.0,25.0,15.0,25.0,74.09
STU01025,IT301,1,50.0,24.8,15.0,25.0,49.6
STU01025,IT304,2,50.0,25.0,15.0,21.92,70.83
STU01025,IT302,3,36.51,24.53,5.75,25.0,62.88
STU01025,IT303,4,50.0,19.99,15.0,25.0,61.94
STU01026,ME304,1,50.0,25.0,13.89,25.0,78.38
STU01026,ME304,2,50.0,23.32,15.0,25.0,78.04
STU01026,ME304,3,50.0,25.0,15.0,25.0,79.27
STU01026,ME305,4,47.07,25.0,15.0,25.0,40.87
STU01026,ME301,5,47.76,25.0,10.39,21.67,69.78
STU01026,ME303,6,50.0,25.0,6.43,25.0,73.18
STU01027,EC305,1,50.0,25.0,15.0,25.0,58.62
STU01027,EC304,2,50.0,25.0,14.56,24.37,64.25
STU01027,EC304,3,50.0,25.0,15.0,25.0,86.54
STU01027,EC303,4,50.0,25.0,11.11,25.0,80.11
STU01027,EC304,5,50.0,24.3,15.0,21.95,53.28
STU01028,CE301,1,46.93,23.48,11.35,13.52,75.96
STU01028,CE305,2,50.0,25.0,14.86,25.0,80.61
STU01028,CE304,3,50.0,21.93,10.83,17.18,60.15
STU01028,CE301,4,50.0,25.0,14.86,25.0,42.04
STU01029,ME302,1,44.28,25.0,12.7,25.0,31.09
STU01029,ME302,2,50.0,25.0,15.0,18.45,53.72
STU01030,IT304,1,49.61,24.58,15.0,25.0,52.59
STU01030,IT301,2,40.67,25.0,15.0,25.0,49.59
STU01031,ME305,1,42.32,22.8,15.0,25.0,61.3
STU01031,ME301,2,43.92,25.0,15.0,18.9,49.97
STU01031,ME305,3,38.77,14.02,10.57,25.0,60.46
STU01031,ME304,4,42.59,24.19,6.24,23.65,50.67
STU01031,ME305,5,50.0,19.05,15.0,21.3,56.09
STU01031,ME301,6,50.0,16.2,15.0,25.0,37.81
STU01032,CS305,1,29.14,23.12,15.0,25.0,46.07
STU01032,CS302,2,32.27,11.06,11.81,19.49,36.11
STU01032,CS301,3,28.19,18.13,4.86,8.43,69.61
STU01032,CS301,4,46.59,16.03,13.6,25.0,62.29
STU01032,CS302,5,45.29,15.91,13.59,24.61,15.39
STU01033,EE301,1,46.14,14.47,12.39,20.55,57.06
STU01033,EE303,2,42.43,17.19,8.43,14.21,63.71
STU01034,EE303,1,50.0,25.0,15.0,25.0,86.65
STU01034,EE302,2,50.0,25.0,15.0,25.0,80.79
STU01034,EE302,3,50.0,25.0,15.0,25.0,83.95
STU01034,EE303,4,50.0,25.0,15.0,25.0,79.08
STU01035,ME303,1,50.0,25.0,14.88,24.12,57.22
STU01035,ME301,2,50.0,23.25,12.2,25.0,40.12
STU01035,ME301,3,47.5,25.0,9.74,15.59,74.96
STU01035,ME302,4,50.0,25.0,13.02,25.0,55.55
STU01036,EC302,1,34.18,14.28,12.28,11.87,53.71
STU01036,EC304,2,39.07,7.76,15.0,17.49,45.46
STU01036,EC301,3,48.76,16.34,10.65,12.28,47.91
STU01036,EC305,4,46.23,19.12,7.37,25.0,43.74
STU01037,EE305,1,50.0,19.61,15.0,25.0,46.94
STU01037,EE301,2,50.0,20.89,15.0,25.0,35.5
STU01037,EE301,3,46.91,24.5,15.0,21.22,53.46
STU01037,EE302,4,43.11,15.18,15.0,25.0,70.32
STU01037,EE302,5,42.0,25.0,9.42,23.89,60.14
STU01038,CE305,1,50.0,25.0,15.0,25.0,89.31
STU01038,CE301,2,50.0,25.0,15.0,25.0,70.19
STU01039,IT303,1,33.69,25.0,13.92,9.68,52.46
STU01039,IT305,2,29.35,17.93,10.48,25.0,45.77
STU01039,IT304,3,30.51,14.49,14.75,25.0,48.72
STU01040,IT303,1,50.0,22.23,15.0,14.03,69.24
STU01040,IT304,2,50.0,20.48,15.0,25.0,70.91
STU01041,EE304,1,40.39,23.49,15.0,21.77,40.03
STU01041,EE302,2,50.0,21.74,13.93,16.94,43.55
STU01041,EE305,3,47.29,25.0,15.0,19.29,57.78
STU01041,EE305,4,50.0,22.94,13.93,25.0,48.39
STU01041,EE302,5,39.18,25.0,15.0,25.0,26.29
STU01041,EE305,6,45.62,25.0,11.95,25.0,45.71
STU01042,CS303,1,36.48,13.2,15.0,25.0,38.23
STU01042,CS302,2,46.64,22.34,15.0,22.17,36.25
STU01042,CS301,3,40.78,25.0,12.72,25.0,60.4
STU01042,CS302,4,50.0,18.6,11.09,22.19,68.41
STU01042,CS305,5,47.41,25.0,14.49,25.0,48.31
STU01043,EE303,1,45.25,23.51,15.0,21.1,49.07
STU01043,EE304,2,50.0,25.0,15.0,19.29,45.93
STU01044,CE304,1,30.01,12.29,14.16,23.6,40.12
STU01044,CE302,2,39.1,25.0,15.0,18.41,150.0
STU01044,CE305,3,44.54,2.8,4.9,25.0,56.98
STU01044,CE305,4,50.0,8.24,10.08,14.13,44.46
STU01045,EE304,1,47.03,25.0,15.0,23.95,46.08
STU01045,EE301,2,45.65,14.96,9.37,24.71,17.01
STU01045,EE303,3,50.0,6.32,13.58,16.13,70.95
STU01045,EE303,4,47.99,25.0,13.66,25.0,47.66
STU01045,EE303,5,50.0,14.59,10.69,21.48,65.0
STU01046,IT301,1,50.0,25.0,7.4,25.0,72.51
STU01046,IT302,2,46.72,24.64,11.98,22.69,53.54
STU01047,CE302,1,29.05,25.0,8.98,20.35,27.64
STU01047,CE303,2,48.95,10.65,15.0,21.67,33.34
STU01047,CE301,3,36.33,18.98,8.32,25.0,27.5
STU01047,CE301,4,32.55,5.91,7.72,9.32,35.89
STU01047,CE303,5,27.29,19.67,5.36,4.64,15.3
STU01048,ME301,1,50.0,25.0,15.0,25.0,61.89
STU01048,ME303,2,50.0,25.0,12.25,25.0,77.38
STU01048,ME302,3,50.0,25.0,15.0,25.0,88.59
STU01048,ME302,4,50.0,25.0,15.0,25.0,100.0
STU01048,ME303,5,50.0,21.93,10.93,25.0,77.76
STU01049,EE303,1,36.67,25.0,4.92,19.66,26.91
STU01049,EE303,2,50.0,25.0,15.0,23.69,43.73
STU01050,IT305,1,28.47,8.32,12.91,24.85,44.25
STU01050,IT305,2,25.83,16.77,8.32,19.21,49.56
STU01050,IT302,3,32.78,23.34,6.16,20.39,45.6
STU01051,ME303,1,50.0,19.11,15.0,25.0,100.0
STU01051,ME305,2,50.0,25.0,15.0,25.0,76.71
STU01051,ME305,3,50.0,25.0,15.0,25.0,72.44
STU01051,ME301,4,50.0,25.0,15.0,25.0,100.0
STU01052,ME303,1,50.0,25.0,15.0,24.8,85.55
STU01052,ME301,2,50.0,23.43,15.0,25.0,47.2
STU01053,CS301,1,50.0,25.0,15.0,25.0,58.78
STU01053,CS301,2,50.0,25.0,12.32,25.0,72.59
STU01053,CS305,3,50.0,25.0,14.3,25.0,51.26
STU01053,CS301,4,50.0,25.0,15.0,25.0,48.44
STU01054,EE304,1,50.0,23.58,15.0,20.65,61.45
STU01054,EE304,2,50.0,25.0,15.0,25.0,77.32
STU01055,CE302,1,44.25,25.0,15.0,25.0,32.03
STU01055,CE301,2,33.24,25.0,15.0,19.29,61.69
STU01055,CE302,3,50.0,20.48,13.83,14.65,48.96
STU01055,CE305,4,50.0,25.0,15.0,14.08,44.26
STU01056,IT304,1,39.8,25.0,5.24,22.88,54.62
STU01056,IT302,2,39.11,25.0,11.78,20.32,50.67
STU01057,EE302,1,50.0,20.08,15.0,25.0,68.66
STU01057,EE301,2,50.0,21.22,15.0,24.27,72.45
STU01057,EE305,3,50.0,25.0,13.76,16.08,67.15
STU01057,EE304,4,50.0,25.0,15.0,25.0,87.98
STU01057,EE301,5,50.0,23.25,15.0,25.0,62.91
STU01057,EE302,6,50.0,22.23,15.0,25.0,79.32
STU01058,CS305,1,36.47,25.0,11.82,25.0,55.41
STU01058,CS303,2,46.53,25.0,11.71,25.0,54.76
STU01058,CS304,3,34.68,25.0,12.63,25.0,46.48
STU01059,CE303,1,50.0,17.94,15.0,25.0,65.79
STU01059,CE302,2,41.14,25.0,15.0,25.0,70.48
STU01059,CE304,3,50.0,25.0,9.35,25.0,60.45
STU01059,CE305,4,50.0,25.0,15.0,24.47,56.17
STU01059,CE301,5,50.0,25.0,14.59,20.68,50.7
STU01059,CE304,6,50.0,25.0,8.52,25.0,58.5
STU01060,CE302,1,45.36,25.0,6.16,19.37,49.28
STU01060,CE305,2,33.3,12.79,15.0,25.0,61.93
STU01060,CE302,3,50.0,20.97,15.0,19.12,35.86
STU01060,CE301,4,50.0,18.3,10.2,25.0,35.73
STU01061,CS301,1,50.0,25.0,15.0,25.0,92.06
STU01061,CS304,2,50.0,25.0,15.0,22.64,56.85
STU01061,CS302,3,50.0,17.38,15.0,25.0,72.36
STU01062,CS305,1,42.38,16.96,0.0,16.69,54.47
STU01062,CS302,2,30.58,14.92,3.21,23.89,30.07
STU01063,ME304,1,50.0,25.0,15.0,25.0,95.0
STU01063,ME303,2,50.0,25.0,15.0,25.0,87.84
STU01064,CE302,1,30.15,25.0,14.45,20.13,38.36
STU01064,CE301,2,42.02,25.0,15.0,25.0,47.48
STU01064,CE303,3,50.0,25.0,8.44,25.0,73.85
STU01064,CE304,4,50.0,25.0,15.0,18.98,37.06
STU01064,CE304,5,44.04,15.98,12.45,23.33,67.02
STU01065,EE302,1,50.0,21.82,11.21,25.0,50.02
STU01065,EE303,2,41.47,18.1,13.05,18.85,46.02
STU01065,EE302,3,35.1,16.21,12.13,22.36,34.07
STU01066,CS303,1,50.0,25.0,14.22,20.05,53.62
STU01066,CS301,2,50.0,19.02,4.0,20.62,53.96
STU01066,CS301,3,27.6,17.84,10.67,25.0,39.82
STU01066,CS304,4,33.99,12.33,6.89,23.67,32.66
STU01066,CS301,5,42.05,25.0,12.92,24.84,30.77
STU01067,ME305,1,50.0,8.85,15.0,25.0,54.12
STU01067,ME302,2,50.0,18.67,15.0,25.0,46.73
STU01067,ME301,3,47.39,19.12,15.0,19.46,46.83
STU01067,ME302,4,50.0,25.0,13.54,25.0,55.15
STU01067,ME303,5,50.0,19.95,9.99,25.0,67.15
STU01068,IT301,1,41.46,20.23,9.59,25.0,60.19
STU01068,IT305,2,21.92,14.98,13.42,22.68,19.26
STU01068,IT305,3,35.39,15.59,10.13,23.83,24.52
STU01068,IT303,4,15.62,10.66,0.0,18.22,55.91
STU01068,IT302,5,34.77,18.25,15.0,15.77,39.99
STU01069,IT303,1,50.0,25.0,15.0,25.0,75.6
STU01069,IT304,2,50.0,25.0,15.0,25.0,83.42
STU01069,IT302,3,50.0,23.74,9.47,25.0,71.03
STU01070,CE304,1,30.41,25.0,15.0,24.93,53.44
STU01070,CE301,2,48.17,25.0,9.96,25.0,57.99
STU01070,CE304,3,38.75,25.0,11.5,12.85,26.0
STU01071,CE305,1,50.0,16.32,15.0,23.67,56.59
STU01071,CE301,2,50.0,25.0,15.0,25.0,64.58
STU01071,CE303,3,50.0,25.0,15.0,20.17,89.89
STU01072,EE303,1,39.74,18.44,13.87,19.15,34.8
STU01072,EE304,2,32.28,0.0,12.59,18.43,38.5
STU01073,CS305,1,17.07,25.0,10.77,25.0,38.93
STU01073,CS302,2,39.7,4.94,15.0,24.85,15.84
STU01074,EC302,1,44.37,20.84,15.0,24.27,52.85
STU01074,EC304,2,50.0,11.51,5.42,22.56,57.19
STU01074,EC302,3,50.0,25.0,10.31,20.17,47.77
STU01074,EC303,4,50.0,20.97,15.0,25.0,57.17
STU01075,EC303,1,41.26,18.48,12.35,16.63,47.66
STU01075,EC304,2,50.0,22.94,15.0,25.0,48.68
STU01075,EC302,3,43.91,25.0,15.0,22.14,74.87
STU01075,EC303,4,40.95,10.91,10.3,24.15,51.73
STU01075,EC303,5,50.0,23.19,12.59,25.0,61.9
STU01075,EC305,6,50.0,18.18,5.39,25.0,64.67
STU01076,EC305,1,50.0,25.0,15.0,24.64,89.83
STU01076,EC301,2,50.0,25.0,15.0,25.0,75.14
STU01076,EC304,3,50.0,25.0,15.0,25.0,75.09
STU01076,EC302,4,50.0,22.36,15.0,25.0,78.63
STU01076,EC301,5,50.0,25.0,15.0,25.0,88.5
STU01077,CS304,1,26.74,1.49,14.74,25.0,29.18
STU01077,CS305,2,42.37,25.0,15.0,19.02,48.66
STU01077,CS304,3,50.0,25.0,9.9,16.64,54.95
STU01077,CS304,4,37.88,15.6,11.73,12.52,67.2
STU01078,CS301,1,46.98,25.0,7.22,12.64,26.1
STU01078,CS302,2,42.98,23.1,12.68,16.91,31.53
STU01079,EE302,1,50.0,25.0,15.0,25.0,71.54
STU01079,EE304,2,50.0,22.13,15.0,23.97,59.08
STU01080,IT305,1,50.0,25.0,15.0,25.0,44.77
STU01080,IT302,2,50.0,25.0,15.0,25.0,70.24
STU01081,CE302,1,36.84,25.0,15.0,24.83,74.99
STU01081,CE301,2,40.5,16.02,3.96,25.0,81.2
STU01081,CE303,3,43.07,11.91,12.65,21.52,29.97
STU01082,EE304,1,33.81,18.55,13.83,19.9,42.12
STU01082,EE303,2,35.18,22.71,5.97,11.32,60.53
STU01082,EE302,3,22.26,25.0,11.92,13.26,44.6
STU01082,EE303,4,34.56,20.99,15.0,19.21,32.08
STU01082,EE305,5,38.71,23.73,15.0,25.0,26.95
STU01082,EE301,6,37.96,15.72,4.97,25.0,30.06
STU01083,ME305,1,50.0,10.96,15.0,25.0,58.69
STU01083,ME301,2,39.72,25.0,15.0,24.69,50.13
STU01083,ME303,3,46.67,24.98,15.0,25.0,40.92
STU01083,ME301,4,50.0,25.0,10.23,25.0,52.63
STU01083,ME302,5,39.66,25.0,7.8,19.22,65.34
STU01083,ME303,6,50.0,14.55,12.29,25.0,52.29
STU01084,ME305,1,50.0,25.0,15.0,21.8,70.83
STU01084,ME305,2,50.0,25.0,7.5,21.8,69.78
STU01085,EE304,1,44.31,14.24,15.0,17.48,69.8
STU01085,EE303,2,28.89,25.0,15.0,12.01,43.36
STU01086,ME302,1,34.96,23.45,15.0,25.0,54.6
STU01086,ME301,2,47.63,15.9,7.93,25.0,73.19
STU01086,ME303,3,50.0,14.28,14.12,20.98,44.83
STU01086,ME302,4,50.0,23.24,11.79,23.43,66.02
STU01086,ME302,5,42.51,17.77,15.0,19.75,52.4
STU01086,ME302,6,47.78,23.96,12.43,25.0,60.57
STU01087,CS302,1,50.0,25.0,7.79,25.0,71.74
STU01087,CS303,2,49.46,25.0,9.27,25.0,48.87
STU01087,CS301,3,45.76,18.06,13.92,25.0,55.45
STU01088,EE305,1,28.43,22.74,13.88,23.76,34.45
STU01088,EE301,2,43.43,23.53,15.0,24.48,46.3
STU01088,EE302,3,37.1,17.97,15.0,16.52,51.5
STU01089,CE304,1,50.0,20.16,15.0,19.08,53.83
STU01089,CE301,2,50.0,25.0,15.0,14.38,51.51
STU01089,CE304,3,50.0,25.0,15.0,13.63,69.2
STU01089,CE301,4,50.0,25.0,15.0,25.0,70.47
STU01090,EE301,1,50.0,25.0,15.0,25.0,69.71
STU01090,EE304,2,50.0,25.0,11.58,25.0,54.22
STU01090,EE301,3,35.18,25.0,13.38,25.0,27.73
STU01090,EE302,4,47.62,22.64,15.0,13.34,53.93
STU01091,EE304,1,50.0,25.0,15.0,25.0,91.33
STU01091,EE304,2,50.0,22.87,15.0,25.0,96.9
STU01091,EE302,3,50.0,25.0,15.0,25.0,97.34
STU01092,EE305,1,50.0,12.62,15.0,18.12,45.25
STU01092,EE304,2,50.0,25.0,11.64,25.0,34.26
STU01092,EE305,3,47.26,25.0,13.34,19.99,45.16
STU01092,EE304,4,50.0,23.28,8.33,25.0,49.4
STU01092,EE302,5,21.22,25.0,15.0,20.43,76.58
STU01092,EE303,6,39.24,24.29,15.0,25.0,57.01
STU01093,EC305,1,47.71,25.0,14.07,25.0,83.79
STU01093,EC301,2,48.03,25.0,13.97,24.64,85.23
STU01093,EC304,3,49.6,16.0,15.0,25.0,53.13
STU01093,EC304,4,44.41,23.92,14.18,25.0,68.82
STU01094,CS305,1,42.27,25.0,15.0,25.0,73.87
STU01094,CS302,2,48.64,22.67,15.0,25.0,59.72
STU01095,CS305,1,50.0,25.0,15.0,25.0,52.68
STU01095,CS305,2,50.0,18.08,15.0,25.0,70.05
STU01095,CS304,3,50.0,25.0,15.0,25.0,62.2
STU01096,CS305,1,50.0,25.0,15.0,25.0,57.07
STU01096,CS305,2,50.0,25.0,15.0,17.56,78.99
STU01097,ME302,1,30.54,17.37,15.0,16.45,39.4
STU01097,ME305,2,23.8,12.46,11.39,9.55,36.93
STU01097,ME302,3,33.82,13.32,9.64,23.79,33.51
STU01098,EC305,1,36.03,25.0,15.0,20.13,58.13
STU01098,EC303,2,31.19,25.0,3.35,22.97,39.82
STU01098,EC303,3,38.72,21.91,15.0,13.85,54.42
STU01098,EC302,4,39.63,20.63,6.13,18.27,22.06
STU01099,ME304,1,45.0,25.0,8.3,17.28,70.03
STU01099,ME302,2,50.0,25.0,15.0,25.0,33.9
STU01099,ME301,3,50.0,25.0,15.0,24.21,69.6
STU01099,ME305,4,40.86,14.29,14.55,25.0,45.65
STU01099,ME301,5,50.0,24.56,15.0,25.0,71.01
STU01100,CE301,1,50.0,25.0,15.0,25.0,72.52
STU01100,CE304,2,50.0,25.0,15.0,25.0,77.16
STU01100,CE303,3,50.0,25.0,15.0,25.0,84.82
STU01100,CE301,4,50.0,23.29,15.0,25.0,90.59
STU01100,CE301,5,50.0,25.0,15.0,25.0,78.72
STU01100,CE301,6,50.0,25.0,15.0,25.0,70.4
STU01101,EC303,1,50.0,25.0,11.08,25.0,66.91
STU01101,EC305,2,50.0,25.0,15.0,25.0,75.57
STU01102,CS302,1,30.42,19.13,13.05,23.52,53.42
STU01102,CS301,2,40.47,17.58,10.44,25.0,40.68
STU01103,EE303,1,50.0,19.77,12.58,24.31,53.59
STU01103,EE305,2,50.0,25.0,15.0,22.26,54.03
STU01103,EE302,3,50.0,25.0,12.93,25.0,73.96
STU01103,EE303,4,50.0,25.0,15.0,25.0,59.98
STU01103,EE301,5,50.0,19.4,15.0,25.0,65.45
STU01103,EE303,6,50.0,22.75,15.0,25.0,68.76
STU01104,CE301,1,28.51,18.82,9.55,16.05,52.34
STU01104,CE305,2,48.32,24.7,9.32,25.0,59.94
STU01104,CE303,3,29.08,25.0,5.43,19.34,25.54
STU01105,EE301,1,50.0,20.07,3.06,21.63,44.05
STU01105,EE302,2,50.0,25.0,15.0,25.0,71.1
STU01105,EE305,3,46.2,24.42,10.07,22.8,72.19
STU01105,EE303,4,50.0,25.0,14.34,25.0,64.88
STU01105,EE304,5,37.34,25.0,9.9,25.0,67.76
STU01105,EE305,6,50.0,25.0,9.9,25.0,40.52
STU01106,ME301,1,30.85,13.45,15.0,18.97,41.26
STU01106,ME305,2,42.87,25.0,12.65,17.75,24.65
STU01106,ME301,3,36.49,11.51,5.28,11.68,33.23
STU01106,ME302,4,16.4,13.53,9.28,19.21,49.83
STU01106,ME303,5,23.11,14.98,15.0,11.0,31.36
STU01107,IT303,1,50.0,25.0,15.0,25.0,70.54
STU01107,IT305,2,50.0,25.0,15.0,25.0,68.84
STU01108,CE304,1,50.0,15.75,15.0,25.0,48.1
STU01108,CE302,2,48.61,25.0,15.0,25.0,73.01
STU01108,CE302,3,46.69,24.94,15.0,25.0,63.48
STU01108,CE305,4,49.9,25.0,15.0,25.0,79.32
STU01108,CE303,5,45.93,25.0,15.0,25.0,75.31
STU01109,EE303,1,50.0,19.72,14.43,25.0,41.68
STU01109,EE302,2,50.0,25.0,13.89,25.0,48.5
STU01110,CS305,1,39.01,13.8,3.37,15.33,50.15
STU01110,CS304,2,40.94,25.0,14.68,25.0,38.2
STU01111,IT302,1,50.0,25.0,15.0,25.0,79.66
STU01111,IT304,2,50.0,22.6,13.85,25.0,38.94
STU01111,IT305,3,50.0,23.65,15.0,25.0,77.39
STU01111,IT301,4,50.0,25.0,15.0,25.0,46.72
STU01111,IT302,5,50.0,25.0,15.0,24.56,47.92
STU01112,EC303,1,31.71,24.89,9.9,11.46,39.04
STU01112,EC301,2,25.06,21.06,8.38,15.45,35.37
STU01113,EE305,1,50.0,24.68,15.0,25.0,62.79
STU01113,EE305,2,50.0,25.0,15.0,25.0,75.06
STU01113,EE303,3,50.0,22.12,15.0,25.0,66.92
STU01113,EE302,4,50.0,25.0,15.0,25.0,72.67
STU01114,EE302,1,50.0,25.0,15.0,25.0,69.83
STU01114,EE304,2,50.0,20.69,15.0,25.0,87.33
STU01114,EE305,3,50.0,25.0,15.0,24.95,62.77
STU01114,EE304,4,50.0,25.0,15.0,24.05,51.34
STU01114,EE302,5,50.0,23.27,11.6,25.0,52.2
STU01115,EC302,1,50.0,19.77,15.0,18.89,80.17
STU01115,EC305,2,50.0,22.36,15.0,21.07,63.29
STU01116,CE305,1,50.0,25.0,15.0,25.0,73.46
STU01116,CE304,2,42.4,25.0,15.0,25.0,71.83
STU01116,CE302,3,50.0,25.0,15.0,25.0,59.57
STU01117,EC304,1,50.0,25.0,15.0,25.0,72.79
STU01117,EC303,2,50.0,25.0,15.0,25.0,69.74
STU01117,EC302,3,50.0,25.0,15.0,25.0,73.64
STU01118,EE303,1,30.92,13.08,10.07,18.14,45.45
STU01118,EE304,2,43.87,22.61,3.24,16.72,17.81
STU01118,EE304,3,42.48,12.8,13.1,13.68,33.48
STU01118,EE304,4,39.81,11.19,5.1,13.39,49.23
STU01119,EE303,1,50.0,25.0,9.32,25.0,74.23
STU01119,EE301,2,50.0,25.0,12.25,15.31,57.65
STU01119,EE304,3,46.17,25.0,15.0,24.82,46.21
STU01119,EE303,4,35.74,25.0,15.0,20.7,60.61
STU01120,CE302,1,47.58,25.0,15.0,25.0,62.53
STU01120,CE302,2,50.0,19.66,15.0,24.46,39.23
STU01120,CE301,3,50.0,19.81,15.0,25.0,68.2
STU01120,CE304,4,50.0,25.0,13.69,25.0,68.23
STU01120,CE304,5,50.0,25.0,15.0,25.0,76.34
STU01120,CE303,6,50.0,23.96,15.0,20.64,64.19
STU01121,IT301,1,50.0,25.0,15.0,24.17,97.91
STU01121,IT302,2,48.07,25.0,15.0,21.99,86.27
STU01121,IT303,3,50.0,25.0,15.0,25.0,79.33
STU01122,CS304,1,50.0,17.33,15.0,25.0,69.98
STU01122,CS303,2,50.0,25.0,15.0,25.0,80.58
STU01122,CS303,3,50.0,25.0,15.0,25.0,76.61
STU01123,CE302,1,50.0,25.0,15.0,25.0,79.49
STU01123,CE302,2,50.0,24.67,15.0,25.0,72.52
STU01123,CE303,3,50.0,25.0,15.0,25.0,67.11
STU01123,CE305,4,50.0,25.0,15.0,25.0,73.34
STU01124,EC303,1,25.95,25.0,8.45,20.76,50.45
STU01124,EC304,2,44.26,15.39,15.0,13.01,48.13
STU01124,EC302,3,50.0,25.0,15.0,25.0,33.38
STU01124,EC301,4,50.0,17.31,15.0,21.42,44.54
STU01124,EC305,5,40.08,15.94,13.3,24.51,56.33
STU01124,EC305,6,50.0,17.15,15.0,15.89,60.79
STU01125,IT305,1,45.11,23.2,15.0,14.48,76.79
STU01125,IT305,2,50.0,23.84,15.0,25.0,73.88
STU01126,CE305,1,46.9,20.82,15.0,18.2,64.74
STU01126,CE302,2,50.0,25.0,15.0,14.14,40.76
STU01126,CE302,3,44.18,25.0,10.87,25.0,68.46
STU01127,CE303,1,50.0,25.0,15.0,25.0,53.18
STU01127,CE301,2,50.0,25.0,15.0,25.0,68.04
STU01127,CE301,3,50.0,25.0,8.12,24.82,63.83
STU01127,CE301,4,46.53,25.0,15.0,24.35,64.79
STU01127,CE303,5,48.02,25.0,15.0,25.0,61.62
STU01128,EC304,1,50.0,7.48,7.02,24.38,36.65
STU01128,EC305,2,41.95,8.21,15.0,18.94,39.09
STU01129,CS302,1,50.0,25.0,15.0,23.27,76.74
STU01129,CS301,2,50.0,25.0,15.0,25.0,53.73
STU01130,IT301,1,50.0,25.0,7.08,25.0,63.06
STU01130,IT304,2,50.0,25.0,15.0,25.0,59.79
STU01130,IT305,3,50.0,12.85,13.06,25.0,57.36
STU01130,IT305,4,45.04,23.21,15.0,25.0,53.46
STU01130,IT302,5,50.0,25.0,15.0,25.0,53.09
STU01130,IT303,6,50.0,25.0,15.0,15.91,85.21
STU01131,EC303,1,50.0,25.0,10.97,25.0,70.72
STU01131,EC305,2,50.0,19.7,15.0,25.0,67.03
STU01131,EC304,3,50.0,18.05,11.46,25.0,49.34
STU01131,EC305,4,50.0,22.08,15.0,23.67,63.9
STU01131,EC304,5,50.0,25.0,15.0,25.0,62.53
STU01132,EE303,1,50.0,25.0,15.0,25.0,81.13
STU01132,EE301,2,47.7,25.0,15.0,25.0,63.85
STU01132,EE303,3,48.8,25.0,15.0,18.07,57.17
STU01132,EE301,4,49.74,25.0,7.83,18.88,56.6
STU01132,EE301,5,50.0,25.0,15.0,25.0,61.19
STU01132,EE302,6,50.0,25.0,15.0,25.0,51.46
STU01133,ME305,1,26.07,0.0,7.47,24.64,55.64
STU01133,ME303,2,37.03,7.21,15.0,9.46,25.14
STU01133,ME305,3,39.13,14.8,4.78,11.12,43.66
STU01133,ME304,4,16.36,17.16,14.6,9.83,33.73
STU01133,ME302,5,35.48,13.02,0.0,19.41,46.71
STU01134,EE305,1,43.07,25.0,15.0,25.0,63.96
STU01134,EE301,2,50.0,25.0,14.71,25.0,68.29
STU01134,EE304,3,50.0,25.0,15.0,24.09,57.85
STU01135,IT303,1,50.0,25.0,14.99,25.0,58.01
STU01135,IT301,2,50.0,25.0,13.84,25.0,96.34
STU01135,IT303,3,50.0,25.0,14.77,25.0,49.66
STU01135,IT303,4,50.0,25.0,15.0,25.0,65.05
STU01136,IT305,1,38.4,21.43,7.91,25.0,39.42
STU01136,IT301,2,29.07,25.0,10.18,25.0,33.22
STU01136,IT301,3,47.07,15.48,15.0,21.63,39.74
STU01136,IT302,4,40.21,12.54,15.0,18.09,52.94
STU01136,IT304,5,49.32,19.22,5.99,17.68,36.68
STU01136,IT304,6,41.04,17.89,15.0,18.66,56.81
STU01137,IT301,1,50.0,21.08,15.0,25.0,60.5
STU01137,IT302,2,48.26,25.0,13.41,25.0,60.56
STU01137,IT301,3,50.0,25.0,15.0,25.0,91.32
STU01137,IT302,4,50.0,19.74,15.0,23.57,49.66
STU01137,IT305,5,50.0,21.07,10.23,24.67,88.12
STU01137,IT303,6,50.0,25.0,15.0,25.0,80.99
STU01138,EE305,1,27.89,16.85,12.99,9.3,30.2
STU01138,EE301,2,46.4,9.96,9.96,8.44,39.79
STU01138,EE302,3,32.15,4.35,5.03,24.82,19.05
STU01138,EE301,4,33.83,24.8,6.11,8.46,25.86
STU01138,EE302,5,29.5,23.31,11.75,3.43,32.77
STU01139,ME302,1,48.57,25.0,13.61,25.0,49.71
STU01139,ME303,2,50.0,25.0,13.49,25.0,48.41
STU01139,ME301,3,46.56,25.0,8.28,25.0,40.22
STU01140,CS305,1,45.02,25.0,15.0,25.0,86.56
STU01140,CS304,2,50.0,19.78,15.0,25.0,71.97
STU01140,CS304,3,50.0,25.0,15.0,25.0,61.36
STU01140,CS304,4,50.0,25.0,15.0,25.0,71.67
STU01140,CS305,5,50.0,25.0,9.67,25.0,69.83
STU01140,CS305,6,46.45,22.75,13.48,25.0,73.76
STU01141,CE301,1,42.07,19.01,10.19,25.0,51.44
STU01141,CE302,2,30.78,19.65,15.0,20.38,36.57
STU01141,CE305,3,40.74,16.85,3.17,25.0,40.67
STU01141,CE305,4,32.24,20.1,13.62,16.1,30.47
STU01142,EC303,1,43.71,25.0,15.0,25.0,37.39
STU01142,EC302,2,49.0,13.51,10.34,25.0,57.42
STU01142,EC305,3,45.0,24.36,12.59,25.0,73.89
STU01143,ME301,1,50.0,25.0,15.0,22.11,89.39
STU01143,ME302,2,50.0,25.0,14.81,25.0,86.03
STU01143,ME305,3,50.0,25.0,15.0,25.0,81.76
STU01143,ME301,4,48.95,25.0,15.0,25.0,77.66
STU01143,ME303,5,50.0,25.0,15.0,25.0,51.03
STU01144,CE305,1,50.0,25.0,15.0,25.0,72.82
STU01144,CE305,2,50.0,25.0,15.0,25.0,75.46
STU01145,CE305,1,50.0,25.0,15.0,20.14,70.01
STU01145,CE303,2,50.0,24.14,15.0,25.0,47.96
STU01145,CE305,3,50.0,25.0,15.0,25.0,57.92
STU01145,CE301,4,50.0,9.86,15.0,25.0,67.45
STU01145,CE303,5,50.0,25.0,15.0,25.0,83.44
STU01145,CE304,6,50.0,25.0,15.0,25.0,53.56
STU01146,ME305,1,46.11,25.0,15.0,24.82,51.7
STU01146,ME303,2,38.76,13.69,15.0,24.08,65.62
STU01146,ME301,3,50.0,21.89,15.0,14.37,52.99
STU01146,ME302,4,50.0,25.0,15.0,14.85,46.12
STU01146,ME305,5,50.0,9.18,15.0,25.0,42.35
STU01146,ME305,6,42.64,21.82,14.94,19.6,55.38
STU01147,IT303,1,50.0,25.0,3.4,24.26,64.47
STU01147,IT303,2,47.64,17.01,15.0,20.16,54.16
STU01147,IT305,3,43.64,25.0,14.88,25.0,62.86
STU01148,CE305,1,46.4,23.13,9.46,23.35,41.16
STU01148,CE302,2,41.63,25.0,9.4,25.0,25.91
STU01148,CE301,3,45.77,11.81,9.51,22.39,61.65
STU01148,CE302,4,50.0,22.75,15.0,25.0,65.9
STU01148,CE302,5,50.0,18.21,13.73,25.0,59.65
STU01148,CE304,6,50.0,19.83,13.93,25.0,53.39
STU01149,EC305,1,50.0,25.0,15.0,25.0,78.1
STU01149,EC305,2,50.0,25.0,15.0,22.95,57.6
STU01149,EC302,3,50.0,25.0,15.0,25.0,85.5
STU01149,EC301,4,50.0,25.0,15.0,25.0,87.29
STU01149,EC304,5,50.0,25.0,15.0,25.0,69.8
STU01150,EC302,1,30.57,25.0,13.05,25.0,44.35
STU01150,EC303,2,25.87,2.09,10.75,14.72,34.1
STU01150,EC305,3,38.35,25.0,12.29,18.68,48.52
STU01150,EC303,4,33.6,15.08,15.0,15.68,23.74
STU01150,EC302,5,50.0,14.22,10.53,11.62,64.48
STU01151,EE301,1,50.0,20.55,12.37,15.65,54.28
STU01151,EE301,2,48.81,25.0,7.43,23.42,150.0
STU01151,EE304,3,46.78,14.97,12.91,24.67,51.17
STU01151,EE302,4,39.1,25.0,14.1,20.8,31.93
STU01151,EE303,5,31.79,25.0,9.72,23.76,43.29
STU01151,EE305,6,43.62,25.0,15.0,20.44,54.05
STU01152,EC305,1,50.0,25.0,15.0,22.32,69.31
STU01152,EC305,2,50.0,25.0,13.68,21.63,150.0
STU01152,EC304,3,50.0,19.88,14.89,25.0,70.68
STU01152,EC301,4,50.0,25.0,15.0,25.0,23.1
STU01152,EC305,5,47.27,25.0,5.56,25.0,25.29
STU01153,CE304,1,41.57,25.0,15.0,14.08,52.83
STU01153,CE302,2,50.0,25.0,9.5,25.0,40.59
STU01153,CE305,3,46.49,21.76,13.85,23.98,38.18
STU01153,CE304,4,44.84,21.27,9.23,25.0,30.86
STU01154,EE302,1,34.6,25.0,14.76,19.08,71.38
STU01154,EE305,2,36.49,20.76,7.7,17.21,34.03
STU01154,EE301,3,50.0,22.43,5.71,18.51,33.88
STU01155,IT303,1,50.0,25.0,15.0,25.0,84.56
STU01155,IT305,2,50.0,25.0,15.0,25.0,77.38
STU01155,IT302,3,50.0,25.0,15.0,25.0,77.57
STU01156,EC303,1,50.0,25.0,15.0,25.0,80.84
STU01156,EC301,2,50.0,25.0,15.0,25.0,79.39
STU01156,EC304,3,50.0,25.0,15.0,24.33,74.11
STU01156,EC301,4,50.0,25.0,15.0,25.0,59.95
STU01156,EC305,5,50.0,25.0,15.0,25.0,61.11
STU01156,EC305,6,50.0,19.52,14.05,25.0,68.32
STU01157,EE301,1,31.5,22.27,15.0,24.99,55.69
STU01157,EE301,2,38.16,25.0,6.61,25.0,60.69
STU01157,EE305,3,48.2,17.43,10.53,23.75,53.36
STU01157,EE301,4,48.04,20.25,10.98,23.67,43.1
STU01157,EE302,5,44.75,25.0,8.65,24.58,62.91
STU01158,IT301,1,43.38,25.0,15.0,25.0,33.71
STU01158,IT304,2,39.24,19.65,7.14,25.0,47.84
STU01159,CS303,1,50.0,25.0,15.0,20.44,93.27
STU01159,CS303,2,50.0,21.52,15.0,25.0,58.64
STU01159,CS303,3,50.0,25.0,15.0,25.0,86.02
STU01159,CS304,4,50.0,25.0,15.0,25.0,60.1
STU01159,CS302,5,50.0,25.0,15.0,25.0,72.64
STU01159,CS305,6,50.0,25.0,15.0,25.0,69.69
STU01160,CE302,1,50.0,21.47,15.0,25.0,71.53
STU01160,CE303,2,50.0,25.0,9.88,25.0,45.75
STU01160,CE303,3,49.39,25.0,15.0,21.74,53.6
STU01160,CE301,4,45.41,25.0,15.0,25.0,57.23
STU01160,CE304,5,42.65,25.0,13.47,9.86,73.87
STU01161,IT303,1,36.65,11.45,8.23,7.66,20.8
STU01161,IT302,2,37.45,3.61,7.42,20.0,31.32
STU01161,IT304,3,26.23,23.01,2.19,10.43,19.05
STU01161,IT304,4,31.27,6.88,9.05,12.68,25.62
STU01161,IT302,5,31.28,25.0,11.02,16.18,30.73
STU01161,IT303,6,35.79,18.93,15.0,9.56,20.9
STU01162,EC301,1,50.0,25.0,13.87,24.05,52.01
STU01162,EC304,2,50.0,16.83,7.18,25.0,53.15
STU01162,EC301,3,30.38,25.0,15.0,16.0,38.82
STU01162,EC305,4,48.2,24.68,10.45,25.0,44.55
STU01162,EC303,5,50.0,19.62,12.24,25.0,60.69
STU01162,EC304,6,50.0,22.46,15.0,25.0,43.91
STU01163,IT302,1,31.96,25.0,8.1,11.37,46.37
STU01163,IT302,2,41.2,17.48,15.0,22.95,36.99
STU01164,EE301,1,50.0,20.32,13.45,25.0,68.94
STU01164,EE303,2,50.0,25.0,15.0,25.0,53.32
STU01164,EE302,3,50.0,25.0,15.0,22.44,100.0
STU01165,ME304,1,40.39,20.5,15.0,25.0,55.42
STU01165,ME304,2,50.0,24.63,9.3,19.54,28.52
STU01165,ME304,3,45.23,23.53,11.52,18.42,42.95
STU01165,ME302,4,37.32,24.25,8.72,19.18,53.64
STU01166,ME301,1,50.0,25.0,15.0,25.0,68.27
STU01166,ME301,2,50.0,25.0,15.0,25.0,78.22
STU01167,EE302,1,50.0,25.0,15.0,25.0,75.32
STU01167,EE302,2,50.0,20.24,15.0,25.0,58.0
STU01168,EE304,1,45.22,15.68,5.89,14.9,43.25
STU01168,EE305,2,35.11,25.0,15.0,14.2,37.84
STU01168,EE304,3,50.0,22.11,8.32,17.89,50.71
STU01169,EC302,1,24.64,8.77,5.78,21.88,49.09
STU01169,EC301,2,35.67,11.78,4.52,8.85,38.67
STU01169,EC303,3,28.04,22.37,15.0,9.86,31.16
STU01170,CS301,1,50.0,25.0,15.0,25.0,61.33
STU01170,CS305,2,48.53,25.0,12.51,25.0,64.18
STU01170,CS301,3,42.08,25.0,14.12,22.74,67.76
STU01170,CS304,4,50.0,25.0,7.9,25.0,74.38
STU01170,CS305,5,50.0,25.0,15.0,25.0,62.4
STU01170,CS301,6,50.0,23.71,15.0,25.0,66.83
STU01171,EC303,1,50.0,22.75,15.0,25.0,69.71
STU01171,EC302,2,50.0,25.0,15.0,24.59,29.03
STU01171,EC302,3,50.0,25.0,15.0,25.0,93.11
STU01171,EC301,4,50.0,25.0,15.0,25.0,48.85
STU01172,ME305,1,50.0,25.0,15.0,25.0,68.18
STU01172,ME302,2,50.0,25.0,15.0,25.0,54.42
STU01172,ME304,3,50.0,25.0,9.76,18.07,46.47
STU01172,ME302,4,50.0,25.0,15.0,25.0,90.12
STU01172,ME301,5,43.73,20.44,15.0,25.0,81.48
STU01173,CE304,1,50.0,25.0,15.0,17.7,37.74
STU01173,CE301,2,50.0,25.0,15.0,24.28,72.37
STU01174,ME305,1,36.11,18.26,7.8,20.64,31.62
STU01174,ME302,2,34.19,16.01,15.0,25.0,39.59
STU01174,ME304,3,50.0,10.08,7.85,15.21,25.74
STU01174,ME302,4,49.66,18.07,10.02,25.0,47.81
STU01175,CE305,1,50.0,9.45,7.19,14.75,56.93
STU01175,CE301,2,45.25,25.0,15.0,25.0,37.11
STU01175,CE305,3,47.82,18.28,15.0,25.0,67.64
STU01176,CS301,1,44.14,25.0,15.0,20.78,60.59
STU01176,CS302,2,50.0,25.0,15.0,25.0,49.15
STU01176,CS301,3,50.0,25.0,6.64,17.6,42.29
STU01176,CS305,4,42.93,22.23,15.0,25.0,40.88
STU01176,CS304,5,39.79,25.0,13.22,25.0,58.38
STU01177,IT304,1,50.0,11.32,15.0,25.0,71.25
STU01177,IT304,2,50.0,20.82,13.88,25.0,46.9
STU01177,IT302,3,50.0,25.0,15.0,22.34,59.03
STU01177,IT305,4,50.0,25.0,15.0,24.96,68.39
STU01177,IT301,5,50.0,25.0,15.0,25.0,71.02
STU01178,EE304,1,49.01,25.0,15.0,25.0,43.42
STU01178,EE301,2,34.75,19.6,10.19,21.56,55.57
STU01179,ME302,1,50.0,25.0,14.6,19.93,50.38
STU01179,ME303,2,49.78,25.0,2.09,23.49,66.38
STU01179,ME301,3,50.0,22.91,15.0,23.39,48.55
STU01180,EE301,1,50.0,25.0,15.0,25.0,55.53
STU01180,EE305,2,50.0,25.0,15.0,25.0,91.49
STU01180,EE301,3,50.0,25.0,15.0,25.0,84.98
STU01180,EE304,4,50.0,25.0,15.0,25.0,64.93
STU01181,CE305,1,50.0,25.0,15.0,25.0,96.77
STU01181,CE301,2,50.0,25.0,15.0,25.0,88.1
STU01182,IT305,1,50.0,25.0,8.34,24.78,38.17
STU01182,IT304,2,50.0,20.27,14.26,22.25,53.21
STU01182,IT305,3,50.0,25.0,13.89,22.9,46.13
STU01182,IT302,4,41.19,25.0,14.1,25.0,57.6
STU01183,IT305,1,50.0,25.0,15.0,25.0,65.87
STU01183,IT305,2,50.0,25.0,15.0,24.41,57.59
STU01183,IT302,3,50.0,25.0,15.0,22.54,49.5
STU01183,IT301,4,50.0,25.0,15.0,25.0,61.38
STU01183,IT301,5,47.39,25.0,15.0,25.0,73.46
STU01183,IT305,6,39.18,24.35,15.0,21.51,47.53
STU01184,EE303,1,44.51,17.96,12.93,14.01,31.84
STU01184,EE302,2,50.0,20.45,10.63,25.0,39.31
STU01184,EE305,3,30.74,23.89,15.0,25.0,46.05
STU01184,EE305,4,41.52,22.2,15.0,22.26,36.83
STU01184,EE301,5,17.41,15.9,14.84,23.98,52.72
STU01184,EE303,6,50.0,24.23,12.41,25.0,44.13
STU01185,CS305,1,50.0,17.0,15.0,23.87,39.76
STU01185,CS301,2,45.92,10.15,2.56,21.12,65.71
STU01185,CS301,3,50.0,25.0,15.0,25.0,60.98
STU01185,CS302,4,31.71,15.76,12.93,12.75,43.88
STU01185,CS305,5,34.78,25.0,11.9,25.0,43.17
STU01185,CS304,6,33.36,23.79,15.0,25.0,65.41
STU01186,CE302,1,38.86,23.13,9.9,12.08,42.19
STU01186,CE301,2,50.0,20.65,12.63,21.78,29.64
STU01186,CE303,3,50.0,11.17,12.74,25.0,40.2
STU01186,CE301,4,50.0,25.0,3.54,10.47,41.07
STU01186,CE304,5,40.09,20.13,10.69,25.0,53.13
STU01187,EC305,1,49.74,16.27,15.0,25.0,54.27
STU01187,EC304,2,43.16,20.64,7.45,21.62,42.03
STU01187,EC305,3,50.0,25.0,10.24,12.37,46.25
STU01187,EC305,4,39.64,14.16,12.52,22.92,67.93
STU01187,EC302,5,39.24,25.0,10.77,25.0,58.89
STU01187,EC303,6,25.7,25.0,15.0,23.66,53.52
STU01188,EC301,1,35.58,17.31,10.33,23.81,31.2
STU01188,EC305,2,11.39,13.62,7.9,12.85,33.36
STU01188,EC304,3,32.58,1.06,4.25,5.99,34.85
STU01188,EC302,4,43.52,14.95,15.0,8.04,27.22
STU01188,EC301,5,28.66,22.55,9.1,16.14,46.02
STU01189,EC303,1,44.35,16.28,15.0,15.32,44.37
STU01189,EC304,2,41.38,17.28,1.32,12.98,48.85
STU01190,EE305,1,36.92,25.0,9.21,19.94,51.11
STU01190,EE301,2,47.44,19.95,15.0,22.21,54.4
STU01190,EE302,3,32.7,18.78,13.91,25.0,57.25
STU01190,EE305,4,36.13,25.0,15.0,25.0,60.69
STU01190,EE303,5,50.0,13.34,13.61,19.16,64.7
STU01191,EC303,1,18.16,17.22,10.4,15.57,46.48
STU01191,EC305,2,41.37,5.71,9.1,23.75,52.87
STU01191,EC304,3,39.91,25.0,15.0,23.08,32.72
STU01191,EC302,4,45.51,25.0,3.3,19.37,46.95
STU01192,EC305,1,46.16,25.0,15.0,19.27,45.65
STU01192,EC302,2,50.0,11.06,4.59,18.45,27.57
STU01192,EC302,3,40.23,18.39,15.0,24.48,48.41
STU01192,EC304,4,50.0,25.0,14.27,19.1,60.14
STU01193,CS305,1,47.5,19.59,5.46,16.45,56.29
STU01193,CS303,2,25.13,25.0,13.91,25.0,41.11
STU01193,CS302,3,31.89,20.9,15.0,15.97,50.65
STU01194,CS303,1,44.97,25.0,15.0,21.41,65.3
STU01194,CS305,2,50.0,25.0,15.0,16.63,72.5
STU01195,CS302,1,50.0,25.0,14.8,25.0,100.0
STU01195,CS304,2,50.0,25.0,15.0,25.0,62.35
STU01195,CS305,3,50.0,25.0,15.0,25.0,62.08
STU01195,CS304,4,50.0,25.0,15.0,25.0,80.08
STU01195,CS302,5,50.0,25.0,15.0,23.6,77.31
STU01196,IT305,1,50.0,25.0,13.6,25.0,92.02
STU01196,IT301,2,50.0,25.0,13.22,23.0,71.67
STU01196,IT305,3,50.0,25.0,15.0,25.0,62.85
STU01196,IT305,4,50.0,25.0,15.0,25.0,66.88
STU01196,IT303,5,50.0,25.0,15.0,25.0,69.76
STU01196,IT301,6,46.14,25.0,11.03,23.16,69.16
STU01197,CS303,1,40.14,17.68,15.0,25.0,49.76
STU01197,CS305,2,32.95,18.62,15.0,20.83,59.66
STU01197,CS301,3,50.0,25.0,10.01,20.31,48.59
STU01197,CS304,4,50.0,22.97,15.0,25.0,50.27
STU01197,CS303,5,37.03,25.0,4.93,25.0,42.93
STU01197,CS301,6,35.31,19.76,15.0,25.0,53.27
STU01198,ME305,1,23.56,18.03,15.0,18.31,37.69
STU01198,ME305,2,32.17,10.72,4.02,2.43,32.3
STU01198,ME301,3,30.91,4.76,13.75,18.56,35.11
STU01198,ME305,4,29.45,17.32,3.48,25.0,39.77
STU01199,CS301,1,50.0,25.0,15.0,25.0,76.17
STU01199,CS305,2,50.0,25.0,15.0,25.0,79.82
STU01199,CS305,3,50.0,25.0,15.0,25.0,70.25
STU01200,EC301,1,39.95,25.0,11.53,20.73,49.29
STU01200,EC303,2,50.0,25.0,15.0,22.64,53.77
STU01200,EC304,3,48.61,17.17,15.0,25.0,67.46
STU01200,EC301,4,49.95,25.0,14.35,25.0,63.32
STU00738,EE301,3,50.0,16.67,15.0,25.0,61.3
STU01177,IT301,5,50.0,25.0,15.0,25.0,71.02
STU00722,EC302,4,50.0,25.0,15.0,25.0,95.66
STU00642,ME302,3,47.36,21.0,15.0,25.0,49.23
STU00296,EC303,3,50.0,12.5,15.0,16.94,26.3
STU00270,IT302,4,50.0,25.0,15.0,23.3,70.59
STU00588,ME305,1,50.0,25.0,15.0,22.36,67.1
STU00276,CE305,2,50.0,25.0,15.0,25.0,66.46
STU00567,IT301,1,50.0,21.79,12.68,23.44,41.77
STU00445,CE304,2,35.34,21.49,9.04,9.99,52.89
