student_id,course_id,semester,total_classes,attended_classes,attendance_percentage
STU00001,EE304,1,66,55,83.33
STU00001,EE305,2,60,48,80.0
STU00001,EE304,3,58,48,82.76
STU00001,EE302,4,66,65,98.48
STU00001,EE304,5,68,58,85.29
STU00001,EE302,6,62,50,80.65
STU00002,EE301,1,65,44,67.69
STU00002,EE301,2,69,52,75.36
STU00002,EE301,3,59,52,88.14
STU00002,EE304,4,66,46,69.7
STU00002,EE303,5,56,41,73.21
STU00003,EC303,1,70,67,95.71
STU00003,EC301,2,67,43,64.18
STU00004,EE304,1,64,47,73.44
STU00004,EE304,2,62,52,83.87
STU00004,EE305,3,68,57,83.82
STU00004,EE303,4,68,60,88.24
STU00005,EC301,1,70,60,85.71
STU00005,EC303,2,60,51,85.0
STU00005,EC301,3,70,58,82.86
STU00006,CS304,1,69,53,76.81
STU00006,CS305,2,57,38,66.67
STU00007,IT302,1,67,72,67.16
STU00007,IT304,2,58,45,77.59
STU00008,CE301,1,66,57,86.36
STU00008,CE302,2,65,49,75.38
STU00008,CE302,3,67,46,-1.0
STU00009,IT302,1,68,53,77.94
STU00009,IT304,2,63,48,76.19
STU00010,ME305,1,63,49,77.78
STU00010,ME304,2,66,55,83.33
STU00010,ME304,3,67,57,85.07
STU00010,ME304,4,63,53,84.13
STU00010,ME302,5,69,54,78.26
STU00010,ME301,6,58,51,87.93
STU00011,EE304,1,70,66,94.29
STU00011,EE302,2,59,50,84.75
STU00011,EE301,3,58,44,75.86
STU00011,EE301,4,57,49,85.96
STU00012,EE301,1,60,42,70.0
STU00012,EE304,2,65,38,58.46
STU00012,EE302,3,64,44,68.75
STU00012,EE305,4,58,40,68.97
STU00012,EE301,5,70,38,54.29
STU00013,EC302,1,64,47,73.44
STU00013,EC304,2,70,50,71.43
STU00013,EC305,3,63,51,80.95
STU00013,EC305,4,65,46,70.77
STU00013,EC305,5,55,35,63.64
STU00014,EE304,1,58,46,79.31
STU00014,EE304,2,69,55,79.71
STU00015,CE304,1,69,41,59.42
STU00015,CE304,2,56,42,75.0
STU00015,CE301,3,60,41,68.33
STU00015,CE305,4,64,45,70.31
STU00016,EC304,1,68,38,55.88
STU00016,EC302,2,64,47,73.44
STU00016,EC304,3,70,48,68.57
STU00017,EC305,1,70,45,64.29
STU00017,EC305,2,70,44,62.86
STU00018,IT305,1,60,54,90.0
STU00018,IT305,2,56,48,85.71
STU00018,IT304,3,63,47,74.6
STU00018,IT304,4,67,56,83.58
STU00018,IT305,5,66,58,87.88
STU00019,CS303,1,56,39,69.64
STU00019,CS301,2,56,40,71.43
STU00019,CS302,3,66,43,65.15
STU00019,CS303,4,55,33,60.0
STU00020,IT304,1,58,54,93.1
STU00020,IT304,2,66,61,92.42
STU00020,IT303,3,68,63,92.65
STU00020,IT303,4,56,42,75.0
STU00021,IT302,1,62,35,56.45
STU00021,IT303,2,57,39,68.42
STU00021,IT301,3,64,40,62.5
STU00022,EE303,1,60,42,70.0
STU00022,EE301,2,65,45,69.23
STU00023,CS304,1,68,52,76.47
STU00023,CS305,2,68,56,82.35
STU00024,EE301,1,70,48,68.57
STU00024,EE305,2,55,39,70.91
STU00024,EE303,3,67,49,73.13
STU00024,EE305,4,67,56,83.58
STU00025,ME305,1,58,39,67.24
STU00025,ME304,2,58,49,84.48
STU00025,ME302,3,65,55,84.62
STU00025,ME304,4,65,49,75.38
STU00026,CE305,1,64,43,67.19
STU00026,CE303,2,68,56,82.35
STU00026,CE302,3,70,51,72.86
STU00027,EC305,1,61,44,72.13
STU00027,EC303,2,63,39,61.9
STU00028,CS303,1,67,56,83.58
STU00028,CS302,2,57,45,78.95
STU00029,ME301,1,65,45,69.23
STU00029,ME303,2,57,36,63.16
STU00029,ME305,3,70,47,67.14
STU00029,ME304,4,61,36,59.02
STU00029,ME303,5,57,38,66.67
STU00029,ME303,6,64,35,54.69
STU00030,EE305,1,65,63,96.92
STU00030,EE302,2,68,53,77.94
STU00030,EE304,3,63,56,88.89
STU00030,EE305,4,69,57,82.61
STU00030,EE305,5,60,48,80.0
STU00031,IT305,1,60,48,80.0
STU00031,IT305,2,70,39,55.71
STU00032,CS304,1,63,56,88.89
STU00032,CS305,2,68,59,86.76
STU00032,CS305,3,56,53,94.64
STU00033,EC302,1,66,51,77.27
STU00033,EC304,2,59,39,66.1
STU00033,EC302,3,59,37,62.71
STU00033,EC303,4,68,52,76.47
STU00033,EC304,5,65,41,63.08
STU00033,EC301,6,61,48,78.69
STU00034,ME303,1,64,51,79.69
STU00034,ME302,2,63,48,76.19
STU00034,ME305,3,62,48,77.42
STU00034,ME304,4,62,45,72.58
STU00034,ME301,5,59,44,74.58
STU00035,EC301,1,62,50,80.65
STU00035,EC303,2,69,54,78.26
STU00035,EC304,3,68,62,91.18
STU00036,ME301,1,61,32,52.46
STU00036,ME302,2,63,47,74.6
STU00036,ME302,3,55,37,67.27
STU00036,ME303,4,63,37,58.73
STU00036,ME305,5,60,36,60.0
STU00037,EE304,1,55,39,70.91
STU00037,EE301,2,57,46,80.7
STU00038,EC305,1,64,42,65.62
STU00038,EC301,2,68,51,75.0
STU00038,EC303,3,57,42,73.68
STU00038,EC304,4,59,46,77.97
STU00039,EC301,1,58,49,84.48
STU00039,EC305,2,63,55,87.3
STU00039,EC304,3,57,53,92.98
STU00040,CE305,1,58,44,75.86
STU00040,CE303,2,65,51,78.46
STU00040,CE305,3,67,50,74.63
STU00041,CS304,1,61,41,67.21
STU00041,CS302,2,58,42,72.41
STU00041,CS302,3,61,45,73.77
STU00042,CE304,1,68,62,91.18
STU00042,CE303,2,56,50,89.29
STU00042,CE304,3,66,59,89.39
STU00042,CE301,4,65,61,93.85
STU00043,CE304,1,70,53,75.71
STU00043,CE302,2,63,46,73.02
STU00043,CE302,3,66,47,71.21
STU00043,CE304,4,66,56,84.85
STU00043,CE303,5,55,37,67.27
STU00043,CE305,6,56,44,78.57
STU00044,EC302,1,63,43,68.25
STU00044,EC305,2,67,56,83.58
STU00045,EE303,1,58,58,100.0
STU00045,EE305,2,62,54,87.1
STU00045,EE304,3,67,51,76.12
STU00045,EE301,4,67,55,82.09
STU00046,CS303,1,57,45,78.95
STU00046,CS302,2,64,45,70.31
STU00046,CS302,3,60,53,88.33
STU00046,CS304,4,65,48,73.85
STU00047,CE301,1,63,42,66.67
STU00047,CE301,2,70,61,87.14
STU00047,CE304,3,68,50,73.53
STU00047,CE303,4,68,54,79.41
STU00047,CE301,5,60,38,63.33
STU00048,IT305,1,57,46,80.7
STU00048,IT303,2,68,62,91.18
STU00048,IT305,3,65,52,80.0
STU00048,IT304,4,55,41,74.55
STU00049,ME302,1,69,61,88.41
STU00049,ME302,2,55,43,78.18
STU00050,CE302,1,64,50,78.12
STU00050,CE303,2,57,46,80.7
STU00050,CE301,3,60,52,86.67
STU00050,CE302,4,59,48,81.36
STU00050,CE305,5,68,52,76.47
STU00051,CS304,1,70,56,80.0
STU00051,CS302,2,63,45,71.43
STU00051,CS302,3,65,56,86.15
STU00051,CS303,4,61,45,73.77
STU00052,IT304,1,66,56,84.85
STU00052,IT302,2,67,54,80.6
STU00053,CS305,1,62,44,-1.0
STU00053,CS301,2,55,38,69.09
STU00053,CS305,3,62,41,66.13
STU00053,CS301,4,69,44,63.77
STU00053,CS302,5,63,47,74.6
STU00054,IT301,1,67,51,76.12
STU00054,IT305,2,68,57,83.82
STU00054,IT305,3,63,50,79.37
STU00055,EC301,1,66,44,66.67
STU00055,EC302,2,58,37,63.79
STU00055,EC301,3,68,46,67.65
STU00056,ME304,1,58,57,98.28
STU00056,ME302,2,61,58,95.08
STU00056,ME302,3,63,57,90.48
STU00056,ME303,4,70,53,75.71
STU00056,ME304,5,59,59,100.0
STU00057,EE302,1,61,44,72.13
STU00057,EE303,2,61,40,65.57
STU00057,EE304,3,60,47,78.33
STU00057,EE304,4,59,39,66.1
STU00057,EE301,5,64,53,82.81
STU00058,CS302,1,69,57,82.61
STU00058,CS302,2,66,60,90.91
STU00058,CS305,3,69,69,100.0
STU00058,CS301,4,55,50,90.91
STU00059,EE302,1,65,59,90.77
STU00059,EE304,2,61,58,95.08
STU00059,EE304,3,68,64,94.12
STU00059,EE305,4,63,57,90.48
STU00059,EE301,5,58,51,-1.0
STU00060,IT301,1,56,46,82.14
STU00060,IT303,2,62,55,88.71
STU00060,IT304,3,66,57,86.36
STU00060,IT305,4,56,51,91.07
STU00060,IT301,5,63,57,90.48
STU00060,IT305,6,67,50,74.63
STU00061,IT304,1,66,63,95.45
STU00061,IT302,2,56,45,80.36
STU00061,IT305,3,60,60,100.0
STU00061,IT303,4,60,57,95.0
STU00062,EC304,1,65,42,64.62
STU00062,EC304,2,59,48,81.36
STU00062,EC301,3,65,54,83.08
STU00062,EC305,4,68,44,64.71
STU00062,EC302,5,63,49,77.78
STU00062,EC301,6,65,52,80.0
STU00063,ME302,1,70,44,62.86
STU00063,ME303,2,66,44,66.67
STU00064,IT303,1,63,48,76.19
STU00064,IT305,2,63,35,55.56
STU00064,IT305,3,65,45,69.23
STU00064,IT304,4,60,38,63.33
STU00064,IT303,5,70,51,72.86
STU00065,EC305,1,69,65,94.2
STU00065,EC301,2,61,56,91.8
STU00065,EC302,3,56,52,92.86
STU00066,CE302,1,56,47,83.93
STU00066,CE304,2,63,63,100.0
STU00066,CE302,3,69,60,86.96
STU00067,CE301,1,70,62,88.57
STU00067,CE301,2,69,63,91.3
STU00067,CE303,3,70,55,78.57
STU00067,CE304,4,70,58,82.86
STU00067,CE301,5,59,52,88.14
STU00068,ME303,1,57,51,89.47
STU00068,ME302,2,64,52,81.25
STU00069,CE302,1,63,54,85.71
STU00069,CE305,2,61,61,100.0
STU00069,CE305,3,55,55,100.0
STU00070,EE305,1,60,44,73.33
STU00070,EE304,2,57,49,85.96
STU00070,EE302,3,70,45,64.29
STU00070,EE301,4,65,40,61.54
STU00070,EE301,5,64,42,65.62
STU00070,EE301,6,67,51,76.12
STU00071,ME305,1,58,39,67.24
STU00071,ME303,2,59,46,77.97
STU00071,ME301,3,57,47,82.46
STU00071,ME304,4,70,46,65.71
STU00072,ME303,1,55,51,92.73
STU00072,ME303,2,56,49,87.5
STU00072,ME305,3,69,58,84.06
STU00072,ME303,4,59,56,94.92
STU00072,ME302,5,56,48,85.71
STU00073,IT303,1,56,35,62.5
STU00073,IT301,2,67,43,64.18
STU00073,IT301,3,67,42,62.69
STU00073,IT303,4,60,41,68.33
STU00074,IT304,1,57,38,66.67
STU00074,IT301,2,61,39,63.93
STU00074,IT302,3,67,46,68.66
STU00075,IT303,1,59,50,84.75
STU00075,IT301,2,64,56,87.5
STU00075,IT304,3,68,56,82.35
STU00075,IT303,4,59,50,84.75
STU00075,IT303,5,58,58,100.0
STU00076,IT305,1,61,49,80.33
STU00076,IT304,2,69,56,81.16
STU00076,IT304,3,70,58,82.86
STU00076,IT303,4,68,53,77.94
STU00077,IT304,1,66,36,54.55
STU00077,IT305,2,60,46,76.67
STU00078,IT304,1,57,32,56.14
STU00078,IT301,2,65,49,75.38
STU00078,IT304,3,62,38,61.29
STU00078,IT302,4,70,51,72.86
STU00078,IT305,5,57,45,78.95
STU00079,ME304,1,68,52,76.47
STU00079,ME301,2,70,50,71.43
STU00079,ME303,3,59,41,69.49
STU00079,ME302,4,64,52,81.25
STU00080,CE305,1,68,51,75.0
STU00080,CE303,2,56,35,62.5
STU00080,CE305,3,57,46,80.7
STU00081,EE305,1,58,42,72.41
STU00081,EE305,2,68,50,73.53
STU00082,CS301,1,69,50,72.46
STU00082,CS305,2,63,50,79.37
STU00082,CS303,3,63,39,61.9
STU00082,CS305,4,57,42,73.68
STU00082,CS305,5,55,29,52.73
STU00083,EC304,1,60,43,71.67
STU00083,EC302,2,67,55,82.09
STU00084,CE301,1,68,45,66.18
STU00084,CE303,2,65,39,60.0
STU00085,CE304,1,69,46,66.67
STU00085,CE305,2,63,55,87.3
STU00085,CE303,3,60,39,65.0
STU00085,CE302,4,60,45,75.0
STU00085,CE301,5,63,50,79.37
STU00085,CE301,6,68,50,73.53
STU00086,CS301,1,55,48,87.27
STU00086,CS304,2,58,58,100.0
STU00086,CS301,3,60,55,91.67
STU00086,CS304,4,69,69,100.0
STU00086,CS304,5,70,69,98.57
STU00086,CS303,6,66,62,93.94
STU00087,CS303,1,57,41,71.93
STU00087,CS302,2,59,45,76.27
STU00087,CS301,3,61,55,90.16
STU00087,CS301,4,55,33,60.0
STU00087,CS302,5,55,43,78.18
STU00088,EE304,1,59,42,71.19
STU00088,EE302,2,68,51,75.0
STU00088,EE305,3,61,52,85.25
STU00089,IT303,1,69,62,89.86
STU00089,IT302,2,70,48,68.57
STU00090,ME301,1,58,52,89.66
STU00090,ME302,2,59,51,86.44
STU00090,ME304,3,70,58,82.86
STU00090,ME304,4,55,55,100.0
STU00090,ME304,5,62,53,85.48
STU00091,EE303,1,67,36,53.73
STU00091,EE301,2,65,48,73.85
STU00091,EE301,3,58,41,70.69
STU00092,EC304,1,70,59,84.29
STU00092,EC305,2,64,40,62.5
STU00092,EC301,3,70,49,70.0
STU00092,EC304,4,70,54,77.14
STU00092,EC305,5,70,51,72.86
STU00093,EC301,1,55,39,70.91
STU00093,EC304,2,65,41,63.08
STU00093,EC305,3,57,30,52.63
STU00094,CS304,1,70,53,75.71
STU00094,CS301,2,70,51,72.86
STU00094,CS305,3,66,47,71.21
STU00094,CS304,4,68,55,80.88
STU00095,CS302,1,64,53,82.81
STU00095,CS302,2,70,50,71.43
STU00096,IT304,1,62,51,82.26
STU00096,IT305,2,62,55,88.71
STU00096,IT305,3,65,54,83.08
STU00096,IT305,4,69,69,100.0
STU00097,CE303,1,67,53,79.1
STU00097,CE304,2,66,57,86.36
STU00097,CE304,3,60,57,95.0
STU00098,CS302,1,64,47,73.44
STU00098,CS301,2,70,56,80.0
STU00098,CS302,3,60,57,95.0
STU00098,CS302,4,60,51,85.0
STU00098,CS305,5,70,62,88.57
STU00098,CS301,6,68,45,66.18
STU00099,EE303,1,62,57,91.94
STU00099,EE302,2,56,41,73.21
STU00099,EE301,3,66,58,87.88
STU00099,EE303,4,66,48,72.73
STU00099,EE302,5,60,51,85.0
STU00100,CE301,1,57,39,68.42
STU00100,CE303,2,68,46,67.65
STU00100,CE301,3,62,43,69.35
STU00100,CE301,4,62,38,61.29
STU00100,CE304,5,63,47,74.6
STU00100,CE303,6,66,51,77.27
STU00101,EC305,1,63,45,71.43
STU00101,EC302,2,58,43,74.14
STU00102,ME304,1,69,53,76.81
STU00102,ME301,2,58,50,86.21
STU00103,ME305,1,58,33,56.9
STU00103,ME305,2,56,45,80.36
STU00103,ME305,3,58,47,81.03
STU00103,ME302,4,58,44,75.86
STU00103,ME302,5,66,44,66.67
STU00103,ME302,6,64,52,81.25
STU00104,ME305,1,70,51,72.86
STU00104,ME301,2,59,49,83.05
STU00104,ME303,3,65,51,78.46
STU00104,ME302,4,58,45,77.59
STU00104,ME302,5,69,63,91.3
STU00105,CS301,1,62,46,74.19
STU00105,CS304,2,65,44,67.69
STU00105,CS303,3,60,44,73.33
STU00105,CS301,4,63,44,69.84
STU00105,CS303,5,68,44,64.71
STU00106,EC302,1,59,47,79.66
STU00106,EC305,2,68,54,79.41
STU00106,EC302,3,59,44,74.58
STU00106,EC304,4,68,55,80.88
STU00107,EE304,1,66,54,81.82
STU00107,EE301,2,69,55,79.71
STU00107,EE302,3,55,45,81.82
STU00107,EE305,4,57,49,85.96
STU00107,EE301,5,65,50,76.92
STU00108,EC304,1,60,23,38.33
STU00108,EC304,2,56,31,55.36
STU00108,EC304,3,56,37,66.07
STU00108,EC302,4,56,36,64.29
STU00109,IT303,1,68,58,85.29
STU00109,IT304,2,64,55,85.94
STU00109,IT303,3,66,52,78.79
STU00109,IT301,4,63,59,93.65
STU00109,IT305,5,59,52,88.14
STU00109,IT304,6,69,63,91.3
STU00110,CS305,1,69,45,65.22
STU00110,CS303,2,67,46,68.66
STU00110,CS302,3,64,44,68.75
STU00111,ME301,1,65,48,73.85
STU00111,ME304,2,59,50,84.75
STU00112,CS305,1,64,50,78.12
STU00112,CS302,2,57,47,82.46
STU00112,CS305,3,64,46,71.88
STU00112,CS305,4,65,49,75.38
STU00112,CS302,5,55,46,83.64
STU00112,CS301,6,63,46,73.02
STU00113,EE303,1,68,35,51.47
STU00113,EE305,2,58,46,79.31
STU00113,EE301,3,66,45,68.18
STU00114,IT305,1,66,44,66.67
STU00114,IT301,2,56,52,92.86
STU00114,IT301,3,69,54,78.26
STU00114,IT303,4,55,49,89.09
STU00115,ME303,1,62,40,64.52
STU00115,ME305,2,62,56,90.32
STU00115,ME303,3,64,51,79.69
STU00115,ME303,4,59,41,69.49
STU00115,ME304,5,62,54,87.1
STU00116,CE303,1,61,47,77.05
STU00116,CE303,2,69,51,73.91
STU00117,EC302,1,68,49,72.06
STU00117,EC304,2,57,34,59.65
STU00118,ME301,1,68,61,89.71
STU00118,ME302,2,70,63,90.0
STU00119,EC304,1,57,51,89.47
STU00119,EC303,2,67,48,71.64
STU00119,EC305,3,67,52,77.61
STU00120,EE305,1,70,50,71.43
STU00120,EE304,2,69,62,89.86
STU00120,EE304,3,68,55,80.88
STU00120,EE302,4,59,56,94.92
STU00121,CE302,1,70,47,67.14
STU00121,CE304,2,59,44,74.58
STU00121,CE305,3,58,47,81.03
STU00121,CE302,4,69,47,68.12
STU00121,CE304,5,56,47,83.93
STU00121,CE302,6,66,55,83.33
STU00122,IT305,1,68,45,66.18
STU00122,IT301,2,58,43,74.14
STU00123,EE305,1,64,46,71.88
STU00123,EE301,2,59,46,77.97
STU00123,EE301,3,66,50,75.76
STU00123,EE303,4,66,45,68.18
STU00124,EE303,1,70,57,81.43
STU00124,EE301,2,59,47,79.66
STU00124,EE302,3,68,58,85.29
STU00124,EE301,4,64,52,81.25
STU00125,EC302,1,60,38,63.33
STU00125,EC304,2,55,37,67.27
STU00125,EC301,3,66,54,81.82
STU00125,EC301,4,56,28,50.0
STU00126,CS304,1,64,39,60.94
STU00126,CS305,2,69,46,66.67
STU00126,CS303,3,67,39,58.21
STU00126,CS304,4,59,40,67.8
STU00126,CS302,5,69,56,81.16
STU00127,CS304,1,59,46,77.97
STU00127,CS303,2,57,49,85.96
STU00127,CS305,3,68,45,66.18
STU00127,CS304,4,62,53,85.48
STU00127,CS304,5,65,56,86.15
STU00128,EE301,1,69,56,81.16
STU00128,EE303,2,57,46,80.7
STU00128,EE302,3,55,47,85.45
STU00128,EE305,4,64,46,71.88
STU00128,EE305,5,58,46,79.31
STU00128,EE305,6,57,51,89.47
STU00129,IT305,1,56,52,-1.0
STU00129,IT305,2,61,54,88.52
STU00129,IT304,3,55,48,87.27
STU00130,CS305,1,60,44,73.33
STU00130,CS301,2,63,47,74.6
STU00131,CE302,1,69,39,56.52
STU00131,CE301,2,65,43,66.15
STU00131,CE304,3,56,46,82.14
STU00132,EC301,1,65,49,75.38
STU00132,EC304,2,60,48,80.0
STU00132,EC304,3,55,47,85.45
STU00132,EC305,4,65,53,81.54
STU00132,EC304,5,63,48,76.19
STU00133,IT301,1,58,38,65.52
STU00133,IT305,2,60,46,76.67
STU00134,ME302,1,60,33,55.0
STU00134,ME303,2,57,51,89.47
STU00134,ME302,3,64,47,73.44
STU00134,ME304,4,60,56,93.33
STU00135,EC305,1,65,61,93.85
STU00135,EC302,2,55,42,76.36
STU00136,EC303,1,67,46,68.66
STU00136,EC301,2,65,52,80.0
STU00137,ME304,1,65,36,55.38
STU00137,ME303,2,67,52,77.61
STU00137,ME301,3,56,40,71.43
STU00138,CS302,1,62,39,62.9
STU00138,CS304,2,67,45,67.16
STU00138,CS301,3,63,45,71.43
STU00139,CE303,1,69,58,84.06
STU00139,CE305,2,68,53,77.94
STU00140,EC304,1,55,43,78.18
STU00140,EC304,2,62,42,67.74
STU00141,CE303,1,58,38,65.52
STU00141,CE302,2,59,42,71.19
STU00142,ME305,1,68,55,80.88
STU00142,ME304,2,57,40,70.18
STU00142,ME305,3,61,52,85.25
STU00142,ME302,4,66,51,77.27
STU00143,EE302,1,62,41,66.13
STU00143,EE305,2,68,42,61.76
STU00143,EE305,3,69,45,65.22
STU00143,EE301,4,55,37,67.27
STU00143,EE304,5,64,46,71.88
STU00143,EE302,6,55,48,87.27
STU00144,EE304,1,63,40,63.49
STU00144,EE305,2,63,48,76.19
STU00145,CE303,1,61,42,68.85
STU00145,CE305,2,64,60,93.75
STU00145,CE301,3,60,36,60.0
STU00145,CE305,4,57,35,61.4
STU00145,CE303,5,57,45,78.95
STU00146,CS301,1,59,34,57.63
STU00146,CS305,2,63,36,57.14
STU00146,CS304,3,61,40,65.57
STU00146,CS305,4,65,34,52.31
STU00146,CS303,5,63,38,60.32
STU00147,EC303,1,62,53,85.48
STU00147,EC303,2,65,45,69.23
STU00147,EC302,3,69,62,89.86
STU00147,EC305,4,65,50,76.92
STU00147,EC301,5,59,49,83.05
STU00148,IT305,1,70,65,92.86
STU00148,IT301,2,55,44,80.0
STU00149,CS304,1,70,59,84.29
STU00149,CS304,2,57,54,94.74
STU00149,CS301,3,55,35,63.64
STU00150,CE301,1,66,48,72.73
STU00150,CE304,2,66,51,77.27
STU00150,CE304,3,60,44,73.33
STU00150,CE301,4,58,43,74.14
STU00150,CE304,5,66,59,89.39
STU00151,EE304,1,55,36,65.45
STU00151,EE302,2,55,28,50.91
STU00151,EE303,3,66,45,68.18
STU00152,ME301,1,64,58,90.62
STU00152,ME302,2,62,49,79.03
STU00152,ME304,3,66,53,80.3
STU00153,EE303,1,70,32,45.71
STU00153,EE305,2,61,34,55.74
STU00154,CS302,1,67,40,59.7
STU00154,CS301,2,63,47,74.6
STU00155,CE305,1,70,54,77.14
STU00155,CE302,2,61,44,72.13
STU00155,CE305,3,60,36,60.0
STU00155,CE301,4,59,33,55.93
STU00155,CE301,5,59,33,55.93
STU00155,CE303,6,62,42,67.74
STU00156,CE303,1,61,47,77.05
STU00156,CE301,2,63,51,80.95
STU00156,CE305,3,69,61,88.41
STU00156,CE301,4,68,64,94.12
STU00156,CE301,5,65,49,75.38
STU00156,CE304,6,68,62,91.18
STU00157,IT301,1,69,43,62.32
STU00157,IT304,2,66,51,77.27
STU00157,IT305,3,56,35,62.5
STU00157,IT302,4,56,34,60.71
STU00158,ME304,1,69,54,78.26
STU00158,ME303,2,55,55,100.0
STU00158,ME304,3,61,59,96.72
STU00158,ME303,4,57,45,78.95
STU00159,EC301,1,62,49,79.03
STU00159,EC304,2,57,42,73.68
STU00159,EC302,3,61,45,73.77
STU00159,EC302,4,65,50,76.92
STU00159,EC303,5,57,39,68.42
STU00159,EC301,6,55,48,87.27
STU00160,CE304,1,55,51,92.73
STU00160,CE305,2,65,51,78.46
STU00160,CE303,3,62,43,69.35
STU00160,CE301,4,70,59,84.29
STU00160,CE302,5,65,56,86.15
STU00161,EC303,1,62,40,64.52
STU00161,EC301,2,69,51,73.91
STU00162,CE304,1,58,46,79.31
STU00162,CE301,2,56,44,78.57
STU00163,CS304,1,65,60,92.31
STU00163,CS301,2,59,52,88.14
STU00164,EE304,1,56,41,73.21
STU00164,EE303,2,68,50,73.53
STU00165,ME301,1,56,37,66.07
STU00165,ME305,2,56,42,75.0
STU00166,ME304,1,67,51,76.12
STU00166,ME301,2,68,68,100.0
STU00166,ME302,3,55,43,78.18
STU00166,ME304,4,67,59,88.06
STU00167,IT304,1,58,50,86.21
STU00167,IT303,2,55,35,63.64
STU00167,IT304,3,65,38,58.46
STU00167,IT305,4,61,47,77.05
STU00167,IT301,5,58,38,65.52
STU00168,EC305,1,57,44,77.19
STU00168,EC305,2,61,41,67.21
STU00169,CE302,1,63,50,79.37
STU00169,CE303,2,68,53,77.94
STU00169,CE304,3,69,59,85.51
STU00169,CE302,4,62,52,83.87
STU00169,CE302,5,56,46,82.14
STU00169,CE301,6,59,45,76.27
STU00170,ME305,1,68,58,85.29
STU00170,ME305,2,66,53,80.3
STU00170,ME303,3,59,53,89.83
STU00170,ME302,4,70,65,92.86
STU00171,EC305,1,65,47,72.31
STU00171,EC303,2,66,50,75.76
STU00171,EC301,3,59,30,50.85
STU00171,EC301,4,62,50,80.65
STU00172,EC305,1,56,48,85.71
STU00172,EC304,2,66,66,100.0
STU00172,EC302,3,61,52,85.25
STU00172,EC302,4,57,57,100.0
STU00172,EC303,5,61,58,95.08
STU00172,EC304,6,69,54,78.26
STU00173,CE303,1,65,52,80.0
STU00173,CE305,2,64,47,73.44
STU00173,CE304,3,65,49,75.38
STU00173,CE302,4,58,48,82.76
STU00173,CE304,5,56,33,58.93
STU00173,CE304,6,62,50,80.65
STU00174,ME302,1,62,48,77.42
STU00174,ME304,2,61,50,81.97
STU00175,CS304,1,65,41,63.08
STU00175,CS304,2,61,47,77.05
STU00175,CS304,3,60,50,83.33
STU00176,EE303,1,55,48,87.27
STU00176,EE301,2,66,49,74.24
STU00177,CS305,1,58,47,81.03
STU00177,CS302,2,64,51,79.69
STU00178,EE302,1,66,55,83.33
STU00178,EE301,2,55,38,69.09
STU00178,EE302,3,61,46,75.41
STU00178,EE303,4,60,45,75.0
STU00178,EE302,5,63,49,77.78
STU00179,IT303,1,62,43,69.35
STU00179,IT302,2,61,44,72.13
STU00179,IT301,3,60,39,65.0
STU00180,EC301,1,55,41,74.55
STU00180,EC302,2,67,57,85.07
STU00180,EC301,3,65,54,83.08
STU00180,EC302,4,64,58,90.62
STU00181,EE302,1,66,58,87.88
STU00181,EE303,2,60,59,98.33
STU00181,EE305,3,68,56,82.35
STU00181,EE301,4,58,55,94.83
STU00181,EE302,5,59,56,94.92
STU00182,ME302,1,67,48,71.64
STU00182,ME303,2,65,57,87.69
STU00182,ME305,3,68,67,98.53
STU00183,CS301,1,61,41,67.21
STU00183,CS305,2,64,52,81.25
STU00183,CS302,3,65,46,70.77
STU00184,EC301,1,63,49,77.78
STU00184,EC302,2,70,63,90.0
STU00184,EC302,3,57,53,92.98
STU00185,ME305,1,57,44,77.19
STU00185,ME302,2,67,45,67.16
STU00185,ME305,3,66,49,74.24
STU00185,ME304,4,69,63,91.3
STU00185,ME302,5,65,42,64.62
STU00186,CE305,1,70,62,88.57
STU00186,CE304,2,70,36,51.43
STU00186,CE303,3,67,54,80.6
STU00186,CE305,4,56,38,67.86
STU00187,IT302,1,61,41,67.21
STU00187,IT304,2,62,32,51.61
STU00187,IT304,3,61,40,65.57
STU00188,CE304,1,67,55,82.09
STU00188,CE305,2,60,42,70.0
STU00188,CE303,3,63,45,71.43
STU00188,CE305,4,57,50,87.72
STU00189,EE301,1,64,48,75.0
STU00189,EE304,2,66,34,51.52
STU00189,EE302,3,56,39,69.64
STU00190,IT305,1,65,51,78.46
STU00190,IT304,2,69,52,75.36
STU00190,IT304,3,68,60,88.24
STU00190,IT304,4,66,39,59.09
STU00190,IT304,5,65,43,66.15
STU00191,EE304,1,55,31,56.36
STU00191,EE302,2,69,40,57.97
STU00191,EE302,3,63,35,55.56
STU00191,EE301,4,66,40,60.61
STU00192,CS303,1,57,57,100.0
STU00192,CS303,2,62,57,91.94
STU00193,CE301,1,57,46,80.7
STU00193,CE303,2,56,37,66.07
STU00194,IT302,1,65,43,66.15
STU00194,IT302,2,65,39,60.0
STU00194,IT303,3,64,40,62.5
STU00194,IT303,4,61,34,55.74
STU00194,IT305,5,59,47,79.66
STU00194,IT305,6,63,30,47.62
STU00195,IT303,1,64,51,79.69
STU00195,IT303,2,67,59,88.06
STU00196,CE305,1,55,34,61.82
STU00196,CE304,2,59,39,66.1
STU00196,CE304,3,62,32,51.61
STU00196,CE302,4,61,48,78.69
STU00196,CE304,5,62,40,64.52
STU00197,IT305,1,69,50,72.46
STU00197,IT304,2,65,50,76.92
STU00197,IT301,3,65,49,75.38
STU00197,IT302,4,68,42,61.76
STU00197,IT304,5,61,43,70.49
STU00197,IT304,6,69,54,78.26
STU00198,CE301,1,66,53,80.3
STU00198,CE302,2,59,39,66.1
STU00198,CE303,3,55,41,74.55
STU00198,CE304,4,66,52,78.79
STU00198,CE303,5,62,42,67.74
STU00198,CE304,6,68,41,60.29
STU00199,CS305,1,64,45,70.31
STU00199,CS303,2,55,29,52.73
STU00199,CS305,3,56,33,58.93
STU00199,CS302,4,59,36,61.02
STU00199,CS303,5,67,45,67.16
STU00200,CS302,1,67,52,77.61
STU00200,CS301,2,67,51,76.12
STU00200,CS302,3,70,56,80.0
STU00200,CS301,4,65,70,75.38
STU00200,CS305,5,69,50,72.46
STU00201,ME301,1,60,56,93.33
STU00201,ME301,2,60,55,91.67
STU00201,ME301,3,70,66,94.29
STU00201,ME301,4,60,59,98.33
STU00202,EC301,1,67,51,76.12
STU00202,EC303,2,61,48,78.69
STU00202,EC302,3,64,46,71.88
STU00203,EC301,1,69,52,75.36
STU00203,EC301,2,66,47,71.21
STU00203,EC305,3,55,42,76.36
STU00203,EC302,4,65,47,72.31
STU00203,EC304,5,67,47,70.15
STU00203,EC302,6,58,45,77.59
STU00204,EC305,1,68,49,72.06
STU00204,EC304,2,57,56,98.25
STU00204,EC304,3,61,47,77.05
STU00205,EE302,1,64,37,57.81
STU00205,EE304,2,70,43,61.43
STU00205,EE302,3,64,40,62.5
STU00206,CE302,1,69,53,76.81
STU00206,CE303,2,61,41,67.21
STU00206,CE301,3,59,55,93.22
STU00206,CE304,4,57,48,84.21
STU00206,CE304,5,62,58,93.55
STU00206,CE305,6,65,50,76.92
STU00207,CE304,1,69,53,76.81
STU00207,CE304,2,56,41,73.21
STU00207,CE301,3,64,58,90.62
STU00207,CE304,4,66,48,72.73
STU00207,CE303,5,67,53,79.1
STU00207,CE305,6,60,41,68.33
STU00208,EE302,1,60,35,58.33
STU00208,EE305,2,68,48,70.59
STU00208,EE304,3,67,47,70.15
STU00208,EE302,4,58,42,72.41
STU00208,EE304,5,56,41,73.21
STU00209,CS302,1,63,53,84.13
STU00209,CS305,2,64,56,87.5
STU00209,CS301,3,61,51,83.61
STU00210,IT304,1,58,43,74.14
STU00210,IT303,2,57,41,71.93
STU00210,IT301,3,65,53,81.54
STU00210,IT304,4,69,52,75.36
STU00210,IT302,5,63,46,73.02
STU00211,IT305,1,56,36,64.29
STU00211,IT304,2,55,32,58.18
STU00211,IT301,3,69,49,71.01
STU00212,CE303,1,67,51,76.12
STU00212,CE302,2,67,58,86.57
STU00212,CE301,3,55,36,65.45
STU00212,CE303,4,58,47,81.03
STU00212,CE302,5,65,44,67.69
STU00213,CE304,1,69,52,75.36
STU00213,CE301,2,57,42,73.68
STU00213,CE305,3,62,33,53.23
STU00213,CE304,4,59,55,93.22
STU00213,CE304,5,63,49,77.78
STU00214,ME302,1,55,43,78.18
STU00214,ME305,2,58,41,70.69
STU00214,ME302,3,64,51,79.69
STU00215,CS305,1,67,43,64.18
STU00215,CS302,2,57,40,70.18
STU00216,IT303,1,59,48,81.36
STU00216,IT304,2,66,44,66.67
STU00217,CE302,1,56,52,92.86
STU00217,CE305,2,61,56,91.8
STU00217,CE304,3,56,43,76.79
STU00218,ME301,1,67,51,76.12
STU00218,ME303,2,69,46,66.67
STU00218,ME301,3,55,44,80.0
STU00218,ME301,4,67,50,74.63
STU00218,ME302,5,62,46,74.19
STU00218,ME303,6,62,44,70.97
STU00219,EC301,1,55,46,83.64
STU00219,EC304,2,55,49,89.09
STU00219,EC301,3,65,65,100.0
STU00220,CS301,1,62,53,85.48
STU00220,CS301,2,60,50,83.33
STU00220,CS302,3,56,43,76.79
STU00221,IT305,1,58,39,67.24
STU00221,IT303,2,65,47,72.31
STU00221,IT305,3,61,51,83.61
STU00221,IT305,4,61,49,80.33
STU00221,IT305,5,67,49,73.13
STU00222,ME301,1,62,51,82.26
STU00222,ME302,2,58,51,87.93
STU00222,ME303,3,65,45,69.23
STU00222,ME302,4,55,36,65.45
STU00222,ME304,5,65,52,80.0
STU00223,CS304,1,61,55,90.16
STU00223,CS304,2,62,54,87.1
STU00224,CE303,1,66,58,87.88
STU00224,CE301,2,57,50,87.72
STU00225,EE304,1,64,54,84.38
STU00225,EE305,2,70,62,88.57
STU00225,EE301,3,60,52,86.67
STU00226,EC301,1,65,58,89.23
STU00226,EC304,2,59,59,100.0
STU00226,EC303,3,60,52,86.67
STU00226,EC303,4,70,59,84.29
STU00227,CE303,1,55,40,72.73
STU00227,CE305,2,69,50,72.46
STU00228,EC305,1,62,59,95.16
STU00228,EC305,2,55,50,90.91
STU00228,EC302,3,55,53,96.36
STU00228,EC305,4,58,52,89.66
STU00228,EC303,5,62,56,90.32
STU00229,IT302,1,57,42,73.68
STU00229,IT301,2,59,52,88.14
STU00229,IT303,3,70,63,90.0
STU00229,IT303,4,61,42,68.85
STU00229,IT302,5,67,49,73.13
STU00230,CS301,1,62,36,58.06
STU00230,CS305,2,69,50,72.46
STU00230,CS303,3,59,44,74.58
STU00231,ME303,1,56,37,66.07
STU00231,ME305,2,68,52,76.47
STU00231,ME303,3,55,41,74.55
STU00231,ME302,4,65,57,87.69
STU00232,EC302,1,61,35,57.38
STU00232,EC305,2,56,38,67.86
STU00232,EC302,3,62,37,59.68
STU00232,EC305,4,67,43,64.18
STU00233,CS303,1,60,37,61.67
STU00233,CS304,2,55,33,60.0
STU00233,CS301,3,70,54,77.14
STU00233,CS301,4,61,51,83.61
STU00233,CS301,5,59,39,66.1
STU00233,CS302,6,59,36,61.02
STU00234,ME302,1,61,37,60.66
STU00234,ME302,2,57,45,78.95
STU00235,ME304,1,64,64,100.0
STU00235,ME302,2,61,56,91.8
STU00235,ME302,3,68,65,95.59
STU00235,ME302,4,62,57,91.94
STU00235,ME303,5,64,64,100.0
STU00236,EE304,1,61,50,81.97
STU00236,EE303,2,70,54,77.14
STU00236,EE301,3,66,50,75.76
STU00236,EE304,4,67,54,80.6
STU00236,EE302,5,70,48,68.57
STU00236,EE304,6,68,60,88.24
STU00237,CE305,1,68,48,70.59
STU00237,CE302,2,70,55,78.57
STU00237,CE301,3,67,35,52.24
STU00237,CE304,4,57,39,68.42
STU00237,CE303,5,59,37,62.71
STU00237,CE305,6,60,32,53.33
STU00238,EE304,1,69,56,81.16
STU00238,EE303,2,69,63,91.3
STU00238,EE303,3,67,56,83.58
STU00238,EE305,4,70,46,65.71
STU00239,IT303,1,59,48,81.36
STU00239,IT304,2,61,41,67.21
STU00240,ME302,1,55,55,100.0
STU00240,ME301,2,66,56,84.85
STU00240,ME304,3,67,67,100.0
STU00241,EC304,1,66,49,74.24
STU00241,EC304,2,70,54,77.14
STU00241,EC303,3,57,48,84.21
STU00241,EC304,4,56,41,73.21
STU00241,EC301,5,67,43,64.18
STU00242,CE302,1,61,52,85.25
STU00242,CE304,2,63,47,74.6
STU00242,CE303,3,70,64,91.43
STU00242,CE303,4,56,50,89.29
STU00242,CE304,5,68,57,83.82
STU00242,CE302,6,62,49,79.03
STU00243,EE301,1,66,49,74.24
STU00243,EE301,2,59,44,74.58
STU00243,EE303,3,69,47,68.12
STU00243,EE302,4,63,47,74.6
STU00243,EE302,5,60,45,75.0
STU00244,EE301,1,57,47,82.46
STU00244,EE304,2,67,46,68.66
STU00245,ME301,1,61,41,67.21
STU00245,ME304,2,60,42,70.0
STU00245,ME304,3,63,45,71.43
STU00245,ME303,4,67,60,89.55
STU00245,ME305,5,64,47,73.44
STU00245,ME304,6,57,38,66.67
STU00246,CS305,1,66,44,66.67
STU00246,CS302,2,63,35,55.56
STU00247,IT304,1,64,42,65.62
STU00247,IT301,2,60,31,51.67
STU00247,IT304,3,55,45,81.82
STU00248,IT301,1,68,59,86.76
STU00248,IT305,2,68,64,94.12
STU00249,ME304,1,60,52,86.67
STU00249,ME302,2,66,57,86.36
STU00249,ME302,3,59,50,84.75
STU00249,ME302,4,70,61,87.14
STU00250,EE305,1,58,36,62.07
STU00250,EE304,2,61,34,55.74
STU00250,EE302,3,61,37,60.66
STU00251,ME302,1,61,47,77.05
STU00251,ME303,2,68,40,58.82
STU00252,EE305,1,58,39,67.24
STU00252,EE302,2,57,44,77.19
STU00252,EE303,3,57,37,64.91
STU00252,EE304,4,58,39,67.24
STU00252,EE303,5,57,44,77.19
STU00253,CS301,1,62,54,87.1
STU00253,CS304,2,70,70,100.0
STU00253,CS301,3,55,50,90.91
STU00253,CS301,4,63,58,92.06
STU00254,ME305,1,56,35,62.5
STU00254,ME301,2,61,37,60.66
STU00255,ME301,1,67,51,76.12
STU00255,ME305,2,63,48,76.19
STU00255,ME304,3,70,47,67.14
STU00255,ME303,4,68,47,69.12
STU00255,ME303,5,66,43,65.15
STU00255,ME303,6,65,51,78.46
STU00256,IT303,1,67,45,67.16
STU00256,IT304,2,56,43,76.79
STU00256,IT303,3,65,36,55.38
STU00257,EE301,1,69,50,72.46
STU00257,EE304,2,59,64,79.66
STU00258,EC305,1,58,36,62.07
STU00258,EC305,2,63,40,63.49
STU00259,EC303,1,69,61,88.41
STU00259,EC305,2,70,63,90.0
STU00259,EC305,3,68,67,98.53
STU00260,EE301,1,65,56,86.15
STU00260,EE301,2,66,53,80.3
STU00260,EE301,3,65,42,64.62
STU00261,EC302,1,70,55,78.57
STU00261,EC304,2,57,38,66.67
STU00261,EC303,3,68,45,66.18
STU00261,EC304,4,58,39,67.24
STU00261,EC304,5,64,50,78.12
STU00262,EE302,1,59,51,86.44
STU00262,EE305,2,56,55,98.21
STU00262,EE302,3,70,60,85.71
STU00262,EE301,4,64,56,87.5
STU00262,EE305,5,69,61,88.41
STU00262,EE302,6,69,65,94.2
STU00263,CE304,1,62,55,88.71
STU00263,CE302,2,61,55,90.16
STU00264,CE301,1,58,42,72.41
STU00264,CE304,2,55,41,74.55
STU00264,CE302,3,65,39,60.0
STU00265,ME303,1,62,57,91.94
STU00265,ME303,2,70,60,85.71
STU00265,ME301,3,59,48,81.36
STU00265,ME305,4,70,52,74.29
STU00265,ME301,5,65,57,87.69
STU00266,IT305,1,57,49,85.96
STU00266,IT303,2,67,56,83.58
STU00266,IT304,3,68,45,66.18
STU00267,IT302,1,63,52,82.54
STU00267,IT301,2,64,43,67.19
STU00267,IT301,3,58,49,84.48
STU00268,ME303,1,61,54,88.52
STU00268,ME301,2,66,65,98.48
STU00269,EC303,1,67,52,77.61
STU00269,EC305,2,55,50,90.91
STU00269,EC303,3,56,43,76.79
STU00270,IT305,1,61,38,62.3
STU00270,IT304,2,68,55,80.88
STU00270,IT303,3,66,54,81.82
STU00270,IT302,4,62,56,90.32
STU00270,IT301,5,67,53,79.1
STU00270,IT301,6,69,55,79.71
STU00271,CS302,1,64,46,71.88
STU00271,CS302,2,70,49,70.0
STU00271,CS304,3,59,47,79.66
STU00271,CS305,4,64,49,76.56
STU00272,EC301,1,65,45,69.23
STU00272,EC303,2,58,49,84.48
STU00272,EC303,3,70,54,77.14
STU00273,EE304,1,64,39,60.94
STU00273,EE304,2,56,38,67.86
STU00273,EE303,3,59,23,38.98
STU00274,CS302,1,56,43,76.79
STU00274,CS302,2,70,61,87.14
STU00274,CS304,3,64,38,59.38
STU00275,CS301,1,67,41,61.19
STU00275,CS303,2,68,51,75.0
STU00275,CS304,3,66,37,56.06
STU00276,CE304,1,57,49,85.96
STU00276,CE305,2,64,59,92.19
STU00276,CE303,3,61,46,75.41
STU00276,CE305,4,67,66,98.51
STU00276,CE301,5,59,55,93.22
STU00277,IT305,1,56,50,89.29
STU00277,IT303,2,69,57,82.61
STU00277,IT302,3,59,47,79.66
STU00277,IT304,4,70,69,98.57
STU00278,ME302,1,61,41,67.21
STU00278,ME302,2,61,49,80.33
STU00278,ME301,3,66,33,50.0
STU00278,ME305,4,58,38,65.52
STU00279,EC304,1,68,42,61.76
STU00279,EC302,2,56,31,55.36
STU00279,EC301,3,66,52,78.79
STU00280,CE302,1,56,37,66.07
STU00280,CE301,2,65,48,73.85
STU00280,CE305,3,68,48,70.59
STU00280,CE302,4,67,47,70.15
STU00280,CE302,5,56,38,67.86
STU00281,EE302,1,67,63,94.03
STU00281,EE304,2,64,53,82.81
STU00282,IT302,1,67,56,83.58
STU00282,IT301,2,69,59,85.51
STU00282,IT304,3,63,57,90.48
STU00282,IT304,4,66,54,81.82
STU00282,IT301,5,58,49,84.48
STU00282,IT301,6,57,42,73.68
STU00283,EE304,1,62,44,70.97
STU00283,EE301,2,70,45,64.29
STU00284,EC301,1,60,50,83.33
STU00284,EC304,2,70,62,88.57
STU00284,EC304,3,64,48,75.0
STU00284,EC305,4,59,49,83.05
STU00285,EC303,1,57,41,71.93
STU00285,EC305,2,60,65,71.67
STU00286,ME301,1,67,57,85.07
STU00286,ME305,2,70,55,78.57
STU00286,ME301,3,58,47,81.03
STU00286,ME302,4,58,49,84.48
STU00286,ME302,5,60,49,81.67
STU00287,EE305,1,69,60,86.96
STU00287,EE303,2,58,50,86.21
STU00288,CE302,1,61,57,93.44
STU00288,CE302,2,57,41,71.93
STU00289,ME303,1,56,42,75.0
STU00289,ME301,2,58,35,60.34
STU00289,ME305,3,64,33,51.56
STU00289,ME303,4,60,42,70.0
STU00289,ME304,5,55,38,69.09
STU00289,ME302,6,64,39,60.94
STU00290,IT305,1,64,54,84.38
STU00290,IT305,2,69,66,95.65
STU00291,ME305,1,70,61,87.14
STU00291,ME303,2,66,53,80.3
STU00291,ME305,3,61,50,81.97
STU00292,EC301,1,62,38,61.29
STU00292,EC301,2,61,44,72.13
STU00293,IT303,1,61,37,60.66
STU00293,IT302,2,61,45,73.77
STU00293,IT305,3,66,50,75.76
STU00294,EE302,1,68,53,77.94
STU00294,EE301,2,63,52,82.54
STU00294,EE303,3,67,57,85.07
STU00294,EE302,4,67,50,74.63
STU00295,CS301,1,63,33,52.38
STU00295,CS304,2,59,34,57.63
STU00295,CS305,3,61,33,54.1
STU00295,CS301,4,63,44,69.84
STU00295,CS302,5,66,36,54.55
STU00296,EC305,1,60,42,70.0
STU00296,EC304,2,59,42,71.19
STU00296,EC303,3,68,46,67.65
STU00296,EC304,4,55,39,70.91
STU00296,EC305,5,62,48,77.42
STU00296,EC301,6,63,46,73.02
STU00297,IT305,1,58,50,86.21
STU00297,IT305,2,68,48,70.59
STU00298,ME303,1,57,40,70.18
STU00298,ME303,2,65,48,73.85
STU00299,CE302,1,62,44,70.97
STU00299,CE303,2,55,45,81.82
STU00299,CE301,3,67,58,86.57
STU00299,CE302,4,67,50,74.63
STU00300,EE301,1,60,47,78.33
STU00300,EE305,2,64,57,89.06
STU00301,ME304,1,58,50,86.21
STU00301,ME305,2,66,41,62.12
STU00301,ME305,3,64,57,89.06
STU00301,ME305,4,63,59,93.65
STU00301,ME305,5,58,49,84.48
STU00301,ME301,6,60,46,76.67
STU00302,EE304,1,60,45,75.0
STU00302,EE303,2,67,50,74.63
STU00302,EE304,3,59,57,96.61
STU00302,EE303,4,55,38,69.09
STU00303,CE302,1,59,45,76.27
STU00303,CE302,2,67,51,76.12
STU00303,CE305,3,63,55,87.3
STU00303,CE301,4,66,40,60.61
STU00303,CE302,5,68,66,97.06
STU00303,CE304,6,60,47,78.33
STU00304,EE303,1,69,51,73.91
STU00304,EE305,2,64,64,100.0
STU00304,EE303,3,68,59,86.76
STU00304,EE305,4,62,59,95.16
STU00304,EE303,5,57,55,96.49
STU00305,EC304,1,65,52,80.0
STU00305,EC301,2,57,48,84.21
STU00305,EC301,3,62,56,90.32
STU00305,EC301,4,60,57,95.0
STU00306,EC301,1,57,48,84.21
STU00306,EC303,2,70,52,74.29
STU00306,EC301,3,68,55,80.88
STU00306,EC305,4,59,42,71.19
STU00306,EC304,5,70,52,74.29
STU00306,EC305,6,58,54,93.1
STU00307,CE301,1,61,57,93.44
STU00307,CE301,2,68,65,95.59
STU00307,CE305,3,66,55,-1.0
STU00307,CE302,4,56,56,100.0
STU00307,CE305,5,69,52,75.36
STU00308,EE305,1,62,48,77.42
STU00308,EE302,2,57,42,73.68
STU00308,EE303,3,59,36,61.02
STU00309,EC303,1,56,42,75.0
STU00309,EC304,2,70,50,71.43
STU00309,EC304,3,60,41,68.33
STU00309,EC303,4,58,51,87.93
STU00309,EC303,5,62,40,64.52
STU00309,EC305,6,58,48,82.76
STU00310,EC303,1,70,45,64.29
STU00310,EC303,2,63,32,50.79
STU00310,EC302,3,55,32,58.18
STU00310,EC305,4,67,48,71.64
STU00311,CS303,1,56,46,82.14
STU00311,CS304,2,70,56,80.0
STU00311,CS301,3,66,44,66.67
STU00312,ME305,1,69,52,75.36
STU00312,ME303,2,64,55,85.94
STU00313,EC301,1,55,40,72.73
STU00313,EC303,2,60,35,58.33
STU00313,EC304,3,66,46,69.7
STU00313,EC301,4,58,39,67.24
STU00314,IT304,1,61,53,86.89
STU00314,IT301,2,59,48,81.36
STU00314,IT304,3,58,53,91.38
STU00314,IT304,4,55,44,80.0
STU00314,IT302,5,63,51,80.95
STU00315,IT304,1,67,52,77.61
STU00315,IT303,2,64,58,90.62
STU00315,IT303,3,68,56,82.35
STU00316,EE305,1,63,60,95.24
STU00316,EE301,2,69,60,86.96
STU00316,EE304,3,60,59,98.33
STU00317,CE303,1,68,50,73.53
STU00317,CE301,2,66,49,74.24
STU00317,CE302,3,58,40,68.97
STU00318,ME303,1,56,41,73.21
STU00318,ME302,2,67,40,59.7
STU00318,ME304,3,65,41,63.08
STU00319,CE302,1,61,44,72.13
STU00319,CE304,2,63,49,77.78
STU00320,ME304,1,70,59,84.29
STU00320,ME305,2,70,67,95.71
STU00321,IT303,1,67,61,91.04
STU00321,IT305,2,67,58,86.57
STU00321,IT302,3,58,48,82.76
STU00322,CE301,1,59,35,59.32
STU00322,CE302,2,66,54,81.82
STU00323,IT301,1,62,48,77.42
STU00323,IT301,2,65,53,81.54
STU00323,IT304,3,55,43,78.18
STU00323,IT304,4,70,63,90.0
STU00323,IT303,5,64,57,89.06
STU00323,IT304,6,57,52,91.23
STU00324,EC302,1,59,42,71.19
STU00324,EC305,2,60,42,70.0
STU00324,EC302,3,63,68,74.6
STU00324,EC301,4,63,50,79.37
STU00324,EC302,5,68,55,80.88
STU00325,CE304,1,58,40,68.97
STU00325,CE305,2,60,39,65.0
STU00325,CE302,3,59,46,77.97
STU00326,EC301,1,59,49,83.05
STU00326,EC304,2,56,40,71.43
STU00326,EC303,3,61,52,85.25
STU00327,ME304,1,55,42,76.36
STU00327,ME305,2,61,46,75.41
STU00327,ME301,3,56,41,73.21
STU00328,EE304,1,64,43,67.19
STU00328,EE302,2,62,40,64.52
STU00328,EE303,3,68,57,83.82
STU00328,EE304,4,56,34,60.71
STU00328,EE305,5,68,73,80.88
STU00329,IT303,1,58,38,65.52
STU00329,IT303,2,66,49,74.24
STU00330,IT303,1,68,67,98.53
STU00330,IT302,2,65,55,84.62
STU00330,IT301,3,60,52,86.67
STU00330,IT301,4,55,51,92.73
STU00331,EC303,1,61,46,75.41
STU00331,EC303,2,70,55,78.57
STU00332,EC305,1,58,47,81.03
STU00332,EC304,2,60,44,73.33
STU00332,EC303,3,70,49,70.0
STU00332,EC303,4,65,59,90.77
STU00333,CS301,1,58,39,67.24
STU00333,CS301,2,59,39,66.1
STU00333,CS303,3,66,47,71.21
STU00333,CS303,4,66,40,60.61
STU00334,IT303,1,61,56,91.8
STU00334,IT305,2,67,43,64.18
STU00334,IT301,3,58,44,75.86
STU00335,ME305,1,58,45,77.59
STU00335,ME301,2,61,39,63.93
STU00335,ME302,3,69,51,73.91
STU00336,IT301,1,65,44,67.69
STU00336,IT303,2,70,45,64.29
STU00337,CE305,1,59,40,67.8
STU00337,CE301,2,59,36,61.02
STU00337,CE302,3,68,41,60.29
STU00338,IT303,1,66,47,71.21
STU00338,IT303,2,69,41,59.42
STU00338,IT301,3,68,37,54.41
STU00338,IT301,4,70,35,50.0
STU00338,IT304,5,55,45,81.82
STU00338,IT302,6,63,46,73.02
STU00339,ME303,1,56,44,78.57
STU00339,ME305,2,56,39,69.64
STU00339,ME302,3,67,54,80.6
STU00340,EC305,1,57,37,64.91
STU00340,EC302,2,69,51,73.91
STU00340,EC305,3,67,43,64.18
STU00340,EC305,4,67,47,70.15
STU00340,EC304,5,63,37,58.73
STU00341,CS302,1,55,51,92.73
STU00341,CS302,2,61,59,96.72
STU00341,CS305,3,55,46,83.64
STU00342,CE304,1,63,43,68.25
STU00342,CE303,2,62,47,75.81
STU00342,CE303,3,63,46,73.02
STU00342,CE305,4,58,46,79.31
STU00342,CE302,5,62,40,64.52
STU00342,CE301,6,62,47,75.81
STU00343,IT301,1,59,45,76.27
STU00343,IT303,2,59,51,86.44
STU00343,IT303,3,56,46,82.14
STU00343,IT302,4,61,49,80.33
STU00344,EC301,1,55,41,74.55
STU00344,EC303,2,66,47,71.21
STU00344,EC303,3,57,48,84.21
STU00344,EC305,4,63,47,74.6
STU00344,EC302,5,68,59,86.76
STU00344,EC305,6,64,57,89.06
STU00345,IT301,1,55,41,74.55
STU00345,IT303,2,62,49,79.03
STU00345,IT303,3,60,53,88.33
STU00345,IT303,4,55,38,69.09
STU00346,EC305,1,58,49,84.48
STU00346,EC304,2,63,50,79.37
STU00346,EC305,3,61,44,72.13
STU00346,EC304,4,62,58,93.55
STU00346,EC303,5,63,36,57.14
STU00346,EC302,6,67,50,74.63
STU00347,ME304,1,62,43,69.35
STU00347,ME304,2,66,45,68.18
STU00347,ME302,3,70,40,57.14
STU00348,ME304,1,60,49,81.67
STU00348,ME304,2,60,47,78.33
STU00349,ME302,1,70,60,85.71
STU00349,ME302,2,64,51,79.69
STU00349,ME301,3,64,50,78.12
STU00350,ME302,1,67,48,71.64
STU00350,ME305,2,61,53,86.89
STU00350,ME301,3,59,49,83.05
STU00351,EC304,1,62,46,74.19
STU00351,EC304,2,67,37,55.22
STU00352,IT305,1,59,51,86.44
STU00352,IT301,2,58,43,74.14
STU00353,EE304,1,55,50,90.91
STU00353,EE301,2,55,49,89.09
STU00353,EE301,3,59,49,83.05
STU00353,EE302,4,57,55,96.49
STU00353,EE303,5,59,56,94.92
STU00354,CS301,1,55,38,69.09
STU00354,CS301,2,65,49,75.38
STU00354,CS301,3,61,50,81.97
STU00354,CS302,4,70,61,87.14
STU00354,CS305,5,69,56,81.16
STU00354,CS302,6,64,56,87.5
STU00355,EE304,1,59,56,94.92
STU00355,EE302,2,56,56,100.0
STU00355,EE305,3,63,61,96.83
STU00355,EE305,4,58,52,89.66
STU00356,ME301,1,58,55,94.83
STU00356,ME305,2,64,59,92.19
STU00357,EE305,1,68,50,73.53
STU00357,EE302,2,55,44,80.0
STU00358,EC301,1,62,49,79.03
STU00358,EC304,2,67,52,77.61
STU00358,EC302,3,66,58,87.88
STU00359,EC302,1,67,57,85.07
STU00359,EC301,2,70,47,67.14
STU00359,EC302,3,58,51,87.93
STU00359,EC302,4,58,47,81.03
STU00360,ME303,1,57,44,77.19
STU00360,ME305,2,65,61,93.85
STU00360,ME301,3,66,46,69.7
STU00360,ME301,4,56,43,76.79
STU00361,EC302,1,60,57,95.0
STU00361,EC304,2,65,65,100.0
STU00361,EC305,3,60,58,96.67
STU00361,EC304,4,59,57,96.61
STU00361,EC303,5,64,60,93.75
STU00361,EC303,6,58,58,100.0
STU00362,EC304,1,66,60,90.91
STU00362,EC303,2,57,49,85.96
STU00362,EC301,3,59,46,77.97
STU00362,EC302,4,65,51,78.46
STU00363,EE304,1,69,50,72.46
STU00363,EE304,2,57,57,100.0
STU00363,EE301,3,68,58,85.29
STU00364,EC302,1,57,36,63.16
STU00364,EC303,2,59,39,66.1
STU00364,EC302,3,67,48,71.64
STU00364,EC303,4,65,47,72.31
STU00365,EE304,1,70,55,78.57
STU00365,EE304,2,65,57,87.69
STU00365,EE302,3,62,49,79.03
STU00365,EE304,4,68,56,82.35
STU00365,EE305,5,70,67,95.71
STU00366,CS305,1,70,58,82.86
STU00366,CS305,2,62,44,70.97
STU00366,CS304,3,57,49,85.96
STU00366,CS305,4,68,53,77.94
STU00366,CS305,5,62,43,69.35
STU00366,CS301,6,62,52,83.87
STU00367,ME301,1,61,53,86.89
STU00367,ME301,2,66,55,83.33
STU00367,ME305,3,70,65,92.86
STU00367,ME302,4,58,40,68.97
STU00368,EE303,1,66,36,54.55
STU00368,EE302,2,64,51,79.69
STU00369,CE302,1,68,56,82.35
STU00369,CE302,2,61,61,100.0
STU00369,CE302,3,56,47,83.93
STU00369,CE302,4,58,46,79.31
STU00369,CE302,5,67,57,85.07
STU00370,EE304,1,66,53,80.3
STU00370,EE301,2,58,51,87.93
STU00371,EC301,1,70,58,82.86
STU00371,EC305,2,60,50,83.33
STU00371,EC301,3,59,50,84.75
STU00371,EC303,4,59,49,83.05
STU00371,EC301,5,62,57,91.94
STU00371,EC301,6,55,53,96.36
STU00372,CE304,1,59,37,62.71
STU00372,CE302,2,70,57,81.43
STU00372,CE302,3,64,43,67.19
STU00372,CE304,4,68,57,83.82
STU00372,CE303,5,69,41,59.42
STU00372,CE301,6,64,48,75.0
STU00373,EE302,1,56,49,87.5
STU00373,EE301,2,60,42,70.0
STU00374,CS302,1,55,53,96.36
STU00374,CS304,2,68,68,100.0
STU00374,CS304,3,63,58,92.06
STU00374,CS305,4,64,54,84.38
STU00374,CS302,5,68,59,86.76
STU00374,CS302,6,63,55,87.3
STU00375,IT305,1,67,64,95.52
STU00375,IT302,2,61,44,72.13
STU00376,CS305,1,56,37,66.07
STU00376,CS302,2,67,51,76.12
STU00376,CS302,3,57,39,68.42
STU00376,CS304,4,70,43,61.43
STU00376,CS303,5,67,38,56.72
STU00377,CS302,1,56,40,71.43
STU00377,CS303,2,68,49,72.06
STU00377,CS302,3,63,51,80.95
STU00377,CS301,4,58,40,68.97
STU00377,CS301,5,66,50,75.76
STU00378,IT303,1,55,44,80.0
STU00378,IT302,2,64,53,82.81
STU00378,IT302,3,58,54,93.1
STU00378,IT301,4,61,49,80.33
STU00378,IT305,5,55,41,74.55
STU00378,IT303,6,61,52,85.25
STU00379,ME302,1,56,50,89.29
STU00379,ME302,2,63,61,96.83
STU00379,ME301,3,56,45,80.36
STU00379,ME305,4,70,59,84.29
STU00379,ME301,5,56,48,85.71
STU00379,ME303,6,57,44,77.19
STU00380,ME301,1,66,44,66.67
STU00380,ME303,2,67,50,74.63
STU00380,ME305,3,61,42,68.85
STU00380,ME303,4,67,41,61.19
STU00381,CE302,1,58,53,91.38
STU00381,CE303,2,68,56,82.35
STU00381,CE305,3,58,55,94.83
STU00381,CE305,4,59,49,83.05
STU00382,EE305,1,67,43,64.18
STU00382,EE304,2,56,49,87.5
STU00383,CE302,1,59,46,77.97
STU00383,CE304,2,57,36,63.16
STU00383,CE301,3,62,46,74.19
STU00383,CE302,4,59,40,67.8
STU00384,EE305,1,65,62,95.38
STU00384,EE304,2,59,43,72.88
STU00384,EE303,3,64,55,85.94
STU00385,EE305,1,68,57,83.82
STU00385,EE301,2,67,55,82.09
STU00385,EE302,3,61,49,80.33
STU00385,EE305,4,57,53,92.98
STU00386,IT305,1,70,63,90.0
STU00386,IT301,2,55,49,89.09
STU00386,IT302,3,64,59,92.19
STU00387,ME301,1,70,62,88.57
STU00387,ME301,2,69,58,84.06
STU00387,ME303,3,60,49,81.67
STU00387,ME303,4,60,48,80.0
STU00387,ME301,5,63,63,100.0
STU00387,ME305,6,66,57,86.36
STU00388,IT301,1,57,54,94.74
STU00388,IT302,2,69,56,81.16
STU00388,IT303,3,70,55,78.57
STU00388,IT303,4,69,55,79.71
STU00389,CE301,1,70,54,77.14
STU00389,CE301,2,66,48,72.73
STU00389,CE303,3,67,51,76.12
STU00390,EC305,1,59,51,86.44
STU00390,EC304,2,66,40,60.61
STU00390,EC305,3,65,46,70.77
STU00390,EC303,4,57,38,66.67
STU00390,EC304,5,69,58,84.06
STU00391,EE301,1,56,51,91.07
STU00391,EE302,2,55,50,90.91
STU00391,EE302,3,58,46,79.31
STU00391,EE303,4,67,54,80.6
STU00392,EC305,1,67,43,64.18
STU00392,EC301,2,62,28,45.16
STU00392,EC304,3,69,45,65.22
STU00393,ME303,1,69,44,63.77
STU00393,ME304,2,69,54,78.26
STU00394,EE301,1,60,51,85.0
STU00394,EE301,2,67,57,85.07
STU00395,IT302,1,67,53,79.1
STU00395,IT303,2,57,46,80.7
STU00395,IT303,3,65,46,70.77
STU00395,IT305,4,70,54,77.14
STU00395,IT302,5,70,66,94.29
STU00396,CE303,1,69,35,50.72
STU00396,CE301,2,59,36,61.02
STU00397,ME302,1,61,46,75.41
STU00397,ME303,2,56,46,82.14
STU00397,ME305,3,67,49,73.13
STU00397,ME301,4,66,42,63.64
STU00397,ME304,5,70,55,78.57
STU00398,IT301,1,61,46,75.41
STU00398,IT301,2,68,55,80.88
STU00398,IT303,3,63,54,85.71
STU00399,EE301,1,59,43,72.88
STU00399,EE301,2,63,56,88.89
STU00399,EE304,3,57,44,77.19
STU00400,CS304,1,68,56,82.35
STU00400,CS305,2,61,54,88.52
STU00400,CS303,3,60,46,76.67
STU00400,CS301,4,57,48,84.21
STU00401,CS303,1,64,59,92.19
STU00401,CS302,2,61,58,95.08
STU00401,CS303,3,68,55,80.88
STU00401,CS304,4,70,61,87.14
STU00401,CS305,5,60,55,91.67
STU00402,CE303,1,67,66,98.51
STU00402,CE301,2,61,66,83.61
STU00402,CE301,3,59,40,67.8
STU00402,CE303,4,65,59,90.77
STU00402,CE301,5,59,51,86.44
STU00403,EC302,1,70,42,60.0
STU00403,EC303,2,58,24,41.38
STU00403,EC304,3,63,42,66.67
STU00403,EC305,4,55,27,49.09
STU00403,EC304,5,59,43,72.88
STU00404,CE305,1,58,48,82.76
STU00404,CE301,2,61,50,81.97
STU00404,CE302,3,68,59,86.76
STU00404,CE305,4,60,53,88.33
STU00404,CE305,5,67,62,92.54
STU00405,CE303,1,61,47,77.05
STU00405,CE302,2,55,46,83.64
STU00405,CE303,3,66,48,72.73
STU00406,CE303,1,64,48,75.0
STU00406,CE305,2,58,45,77.59
STU00407,ME304,1,68,41,60.29
STU00407,ME304,2,66,39,59.09
STU00407,ME303,3,68,32,47.06
STU00407,ME305,4,65,45,69.23
STU00407,ME301,5,60,44,73.33
STU00408,CS304,1,66,52,78.79
STU00408,CS302,2,60,49,81.67
STU00408,CS305,3,68,51,75.0
STU00408,CS304,4,64,47,73.44
STU00408,CS304,5,64,49,76.56
STU00409,ME301,1,57,48,84.21
STU00409,ME301,2,57,51,89.47
STU00409,ME301,3,68,56,82.35
STU00409,ME301,4,70,55,78.57
STU00409,ME305,5,58,58,100.0
STU00409,ME304,6,56,47,83.93
STU00410,CE304,1,61,44,72.13
STU00410,CE302,2,69,52,75.36
STU00410,CE305,3,67,60,89.55
STU00410,CE301,4,61,52,85.25
STU00411,CE301,1,66,46,69.7
STU00411,CE304,2,68,46,67.65
STU00411,CE304,3,55,40,72.73
STU00411,CE303,4,62,50,80.65
STU00411,CE305,5,64,47,73.44
STU00412,EC303,1,64,46,71.88
STU00412,EC304,2,62,54,87.1
STU00412,EC301,3,68,64,94.12
STU00412,EC301,4,55,49,89.09
STU00413,EE302,1,66,44,66.67
STU00413,EE305,2,65,43,66.15
STU00414,CS302,1,68,49,72.06
STU00414,CS302,2,67,49,73.13
STU00414,CS302,3,67,53,79.1
STU00414,CS301,4,68,55,80.88
STU00415,CS304,1,60,53,88.33
STU00415,CS304,2,65,60,92.31
STU00415,CS305,3,60,58,96.67
STU00416,CS302,1,58,40,68.97
STU00416,CS302,2,58,40,68.97
STU00416,CS305,3,67,50,74.63
STU00416,CS303,4,60,47,78.33
STU00416,CS303,5,61,39,63.93
STU00417,CS301,1,55,55,100.0
STU00417,CS304,2,55,55,100.0
STU00418,EC302,1,55,45,81.82
STU00418,EC305,2,57,42,73.68
STU00418,EC305,3,67,46,68.66
STU00418,EC301,4,59,38,64.41
STU00418,EC304,5,66,54,81.82
STU00418,EC302,6,62,39,62.9
STU00419,ME303,1,61,48,78.69
STU00419,ME305,2,62,46,74.19
STU00419,ME304,3,63,52,82.54
STU00420,EE303,1,57,50,87.72
STU00420,EE302,2,55,41,74.55
STU00421,EE301,1,58,37,63.79
STU00421,EE304,2,58,35,60.34
STU00421,EE301,3,59,41,69.49
STU00421,EE303,4,63,34,53.97
STU00421,EE302,5,57,33,57.89
STU00421,EE301,6,70,48,68.57
STU00422,CS302,1,67,58,86.57
STU00422,CS301,2,70,66,94.29
STU00422,CS301,3,68,58,85.29
STU00422,CS301,4,70,65,92.86
STU00423,EE302,1,68,51,75.0
STU00423,EE304,2,65,48,73.85
STU00424,EC302,1,60,57,95.0
STU00424,EC303,2,55,50,90.91
STU00424,EC302,3,56,49,-1.0
STU00424,EC301,4,65,49,75.38
STU00424,EC303,5,70,59,84.29
STU00425,CS305,1,55,42,76.36
STU00425,CS302,2,63,42,66.67
STU00425,CS301,3,61,44,72.13
STU00425,CS305,4,55,35,63.64
STU00425,CS305,5,55,38,69.09
STU00425,CS305,6,59,49,83.05
STU00426,ME303,1,58,45,77.59
STU00426,ME302,2,55,40,72.73
STU00426,ME303,3,59,45,76.27
STU00427,CS301,1,59,37,62.71
STU00427,CS303,2,63,35,55.56
STU00427,CS304,3,61,47,77.05
STU00428,EE303,1,64,64,100.0
STU00428,EE304,2,70,70,100.0
STU00429,IT305,1,67,49,73.13
STU00429,IT302,2,63,43,68.25
STU00429,IT302,3,61,42,68.85
STU00429,IT303,4,67,54,80.6
STU00429,IT301,5,64,54,84.38
STU00430,ME302,1,70,63,90.0
STU00430,ME304,2,69,48,69.57
STU00430,ME304,3,63,43,68.25
STU00431,CE305,1,58,44,75.86
STU00431,CE305,2,67,53,79.1
STU00431,CE304,3,61,39,63.93
STU00431,CE305,4,66,51,77.27
STU00432,EE301,1,69,41,59.42
STU00432,EE302,2,56,29,51.79
STU00432,EE305,3,63,40,63.49
STU00432,EE305,4,68,39,57.35
STU00433,EE305,1,66,48,72.73
STU00433,EE304,2,55,35,63.64
STU00433,EE301,3,60,48,80.0
STU00433,EE303,4,68,62,91.18
STU00434,EE303,1,62,47,75.81
STU00434,EE301,2,61,41,67.21
STU00434,EE303,3,66,56,84.85
STU00435,ME303,1,58,49,84.48
STU00435,ME301,2,65,55,84.62
STU00435,ME301,3,65,57,87.69
STU00436,EC304,1,65,64,98.46
STU00436,EC302,2,57,40,70.18
STU00436,EC304,3,64,41,64.06
STU00437,CS302,1,61,58,95.08
STU00437,CS301,2,63,54,85.71
STU00437,CS305,3,57,49,85.96
STU00437,CS305,4,68,55,80.88
STU00437,CS304,5,65,65,100.0
STU00437,CS303,6,61,50,81.97
STU00438,CE301,1,70,46,65.71
STU00438,CE304,2,56,42,75.0
STU00438,CE303,3,68,53,77.94
STU00439,EE301,1,69,46,66.67
STU00439,EE302,2,65,51,78.46
STU00440,EC304,1,62,51,82.26
STU00440,EC305,2,55,51,92.73
STU00440,EC303,3,55,47,85.45
STU00440,EC305,4,55,46,83.64
STU00440,EC304,5,64,52,81.25
STU00440,EC302,6,67,62,92.54
STU00441,CS305,1,56,48,85.71
STU00441,CS303,2,55,46,83.64
STU00442,CS304,1,58,51,87.93
STU00442,CS304,2,64,44,68.75
STU00443,IT303,1,66,49,74.24
STU00443,IT304,2,57,47,82.46
STU00443,IT305,3,65,49,75.38
STU00443,IT304,4,56,51,91.07
STU00444,CE303,1,69,69,100.0
STU00444,CE304,2,58,51,87.93
STU00444,CE303,3,58,50,86.21
STU00444,CE301,4,62,62,100.0
STU00444,CE301,5,55,46,83.64
STU00445,CE301,1,65,41,63.08
STU00445,CE304,2,62,46,74.19
STU00445,CE302,3,57,41,71.93
STU00446,ME303,1,55,33,60.0
STU00446,ME301,2,63,42,66.67
STU00446,ME301,3,58,38,65.52
STU00447,ME303,1,57,51,89.47
STU00447,ME303,2,65,51,78.46
STU00448,CE304,1,63,42,66.67
STU00448,CE302,2,59,35,59.32
STU00448,CE305,3,69,56,81.16
STU00448,CE301,4,59,46,77.97
STU00448,CE303,5,59,53,89.83
STU00448,CE305,6,68,51,75.0
STU00449,EE301,1,62,50,80.65
STU00449,EE305,2,70,51,72.86
STU00449,EE304,3,63,40,63.49
STU00449,EE303,4,70,56,80.0
STU00449,EE302,5,57,53,92.98
STU00450,EE303,1,57,48,84.21
STU00450,EE303,2,62,40,64.52
STU00450,EE302,3,57,46,80.7
STU00450,EE301,4,70,58,82.86
STU00451,EC302,1,55,39,70.91
STU00451,EC302,2,69,60,86.96
STU00452,CS302,1,70,47,67.14
STU00452,CS301,2,65,40,61.54
STU00452,CS302,3,65,48,73.85
STU00452,CS303,4,69,53,76.81
STU00452,CS302,5,58,50,86.21
STU00453,IT302,1,66,58,87.88
STU00453,IT304,2,69,67,97.1
STU00453,IT305,3,61,56,91.8
STU00454,CS302,1,57,35,61.4
STU00454,CS303,2,68,44,64.71
STU00454,CS302,3,64,45,70.31
STU00454,CS305,4,58,47,81.03
STU00454,CS302,5,69,49,71.01
STU00455,IT301,1,62,30,48.39
STU00455,IT301,2,69,42,60.87
STU00456,ME303,1,55,39,70.91
STU00456,ME304,2,69,56,81.16
STU00456,ME303,3,63,46,73.02
STU00457,CE305,1,57,45,78.95
STU00457,CE303,2,68,59,86.76
STU00458,ME302,1,67,61,91.04
STU00458,ME305,2,68,56,82.35
STU00458,ME305,3,65,48,73.85
STU00459,CS304,1,63,38,60.32
STU00459,CS303,2,58,45,77.59
STU00460,IT304,1,68,50,73.53
STU00460,IT302,2,64,45,70.31
STU00461,ME304,1,60,60,100.0
STU00461,ME305,2,63,59,93.65
STU00461,ME305,3,70,67,95.71
STU00462,CS304,1,58,39,67.24
STU00462,CS301,2,62,43,69.35
STU00462,CS301,3,62,46,74.19
STU00462,CS301,4,56,43,76.79
STU00462,CS301,5,63,49,77.78
STU00462,CS302,6,57,40,70.18
STU00463,EE301,1,63,44,-1.0
STU00463,EE302,2,67,60,89.55
STU00463,EE304,3,67,49,73.13
STU00463,EE301,4,62,47,75.81
STU00463,EE303,5,70,64,91.43
STU00463,EE302,6,60,50,83.33
STU00464,IT303,1,64,39,60.94
STU00464,IT305,2,64,57,89.06
STU00464,IT301,3,58,46,79.31
STU00465,EC305,1,70,48,68.57
STU00465,EC303,2,62,39,62.9
STU00465,EC302,3,65,40,61.54
STU00466,CE302,1,60,57,95.0
STU00466,CE303,2,69,51,73.91
STU00467,ME301,1,70,60,85.71
STU00467,ME304,2,65,62,95.38
STU00467,ME301,3,60,60,100.0
STU00468,ME301,1,60,40,66.67
STU00468,ME301,2,66,46,69.7
STU00468,ME304,3,55,60,67.27
STU00468,ME304,4,62,48,77.42
STU00469,IT301,1,56,41,73.21
STU00469,IT301,2,64,49,76.56
STU00469,IT302,3,60,45,75.0
STU00469,IT302,4,58,45,77.59
STU00469,IT301,5,64,50,78.12
STU00470,ME304,1,70,49,70.0
STU00470,ME303,2,63,50,79.37
STU00470,ME304,3,63,52,82.54
STU00470,ME303,4,69,52,75.36
STU00471,IT303,1,64,55,85.94
STU00471,IT303,2,70,67,95.71
STU00472,ME303,1,55,32,58.18
STU00472,ME302,2,68,45,66.18
STU00473,CE302,1,66,46,69.7
STU00473,CE304,2,55,43,78.18
STU00473,CE302,3,68,56,82.35
STU00474,EE302,1,57,32,56.14
STU00474,EE302,2,67,58,86.57
STU00474,EE301,3,63,51,80.95
STU00474,EE305,4,69,54,78.26
STU00475,EC302,1,63,57,90.48
STU00475,EC303,2,65,43,66.15
STU00475,EC304,3,68,48,70.59
STU00475,EC303,4,64,44,68.75
STU00475,EC302,5,56,34,60.71
STU00475,EC305,6,65,49,75.38
STU00476,CS301,1,68,56,82.35
STU00476,CS304,2,66,47,71.21
STU00476,CS303,3,58,39,67.24
STU00476,CS301,4,70,45,64.29
STU00476,CS302,5,69,60,86.96
STU00476,CS302,6,64,48,75.0
STU00477,CE305,1,60,35,58.33
STU00477,CE303,2,70,42,60.0
STU00477,CE303,3,57,38,66.67
STU00477,CE303,4,55,35,63.64
STU00477,CE304,5,56,37,66.07
STU00477,CE302,6,64,36,56.25
STU00478,EC301,1,56,44,78.57
STU00478,EC304,2,64,53,82.81
STU00478,EC301,3,68,52,76.47
STU00478,EC303,4,55,45,81.82
STU00478,EC301,5,63,47,74.6
STU00478,EC302,6,66,49,74.24
STU00479,ME305,1,59,52,88.14
STU00479,ME301,2,63,54,85.71
STU00479,ME302,3,61,56,91.8
STU00479,ME304,4,57,45,78.95
STU00480,CE302,1,56,35,62.5
STU00480,CE304,2,66,45,68.18
STU00480,CE302,3,67,39,58.21
STU00480,CE304,4,67,39,58.21
STU00481,ME303,1,64,57,89.06
STU00481,ME305,2,64,44,68.75
STU00482,IT305,1,68,50,73.53
STU00482,IT303,2,59,46,77.97
STU00482,IT302,3,63,35,55.56
STU00483,ME304,1,61,47,77.05
STU00483,ME303,2,64,51,79.69
STU00483,ME301,3,64,54,84.38
STU00484,CE304,1,60,42,70.0
STU00484,CE304,2,68,44,64.71
STU00484,CE301,3,59,47,79.66
STU00484,CE305,4,69,53,76.81
STU00484,CE303,5,66,47,71.21
STU00484,CE304,6,66,53,80.3
STU00485,EE304,1,68,61,89.71
STU00485,EE304,2,69,51,73.91
STU00485,EE301,3,55,41,74.55
STU00485,EE304,4,57,38,66.67
STU00485,EE302,5,64,48,75.0
STU00486,EC305,1,66,50,75.76
STU00486,EC302,2,64,55,85.94
STU00486,EC301,3,67,50,74.63
STU00487,ME304,1,55,53,96.36
STU00487,ME304,2,69,63,91.3
STU00487,ME301,3,57,49,85.96
STU00488,EC303,1,58,47,81.03
STU00488,EC303,2,58,43,74.14
STU00489,EE305,1,70,47,67.14
STU00489,EE303,2,56,36,64.29
STU00489,EE301,3,56,32,57.14
STU00489,EE302,4,59,50,84.75
STU00490,EE304,1,59,45,76.27
STU00490,EE302,2,59,50,84.75
STU00490,EE303,3,64,50,78.12
STU00490,EE301,4,70,51,72.86
STU00490,EE305,5,61,49,80.33
STU00490,EE301,6,57,42,73.68
STU00491,EE302,1,58,38,65.52
STU00491,EE305,2,58,51,87.93
STU00492,CE302,1,58,40,68.97
STU00492,CE304,2,55,44,80.0
STU00492,CE305,3,69,51,73.91
STU00493,IT301,1,58,37,63.79
STU00493,IT303,2,67,51,76.12
STU00493,IT304,3,60,32,53.33
STU00493,IT302,4,63,45,71.43
STU00493,IT305,5,69,53,76.81
STU00494,CS301,1,68,54,79.41
STU00494,CS302,2,55,34,61.82
STU00494,CS302,3,59,39,66.1
STU00494,CS302,4,60,51,85.0
STU00494,CS305,5,61,40,65.57
STU00494,CS304,6,70,48,68.57
STU00495,ME303,1,58,36,62.07
STU00495,ME305,2,70,40,57.14
STU00495,ME303,3,63,48,76.19
STU00495,ME304,4,67,59,88.06
STU00496,IT304,1,68,57,83.82
STU00496,IT304,2,59,54,91.53
STU00497,CS303,1,69,62,89.86
STU00497,CS301,2,67,65,97.01
STU00498,CE305,1,64,46,71.88
STU00498,CE301,2,69,56,81.16
STU00499,EE303,1,59,46,77.97
STU00499,EE304,2,69,59,85.51
STU00500,ME301,1,60,55,91.67
STU00500,ME303,2,61,50,81.97
STU00500,ME303,3,67,54,80.6
STU00500,ME305,4,57,57,100.0
STU00501,CS302,1,66,41,62.12
STU00501,CS305,2,65,45,69.23
STU00501,CS304,3,59,33,55.93
STU00502,CE303,1,67,64,95.52
STU00502,CE301,2,70,61,87.14
STU00502,CE304,3,70,55,78.57
STU00502,CE305,4,60,42,70.0
STU00503,CS305,1,63,49,77.78
STU00503,CS302,2,65,52,80.0
STU00503,CS305,3,66,62,93.94
STU00503,CS305,4,67,67,100.0
STU00503,CS301,5,56,47,83.93
STU00503,CS301,6,60,53,88.33
STU00504,CS301,1,58,47,81.03
STU00504,CS304,2,70,55,78.57
STU00504,CS303,3,62,47,75.81
STU00505,EE301,1,60,44,73.33
STU00505,EE304,2,68,61,89.71
STU00505,EE301,3,56,42,75.0
STU00506,EE303,1,58,44,75.86
STU00506,EE301,2,57,48,84.21
STU00506,EE304,3,66,58,87.88
STU00506,EE305,4,55,47,85.45
STU00506,EE302,5,65,59,90.77
STU00506,EE301,6,69,51,73.91
STU00507,EC302,1,61,54,88.52
STU00507,EC302,2,63,57,90.48
STU00507,EC304,3,69,58,84.06
STU00507,EC303,4,62,56,90.32
STU00507,EC302,5,60,47,78.33
STU00508,IT305,1,61,50,81.97
STU00508,IT301,2,55,40,72.73
STU00508,IT301,3,61,45,73.77
STU00508,IT301,4,59,40,67.8
STU00508,IT301,5,66,50,75.76
STU00509,EE305,1,57,44,77.19
STU00509,EE303,2,60,48,80.0
STU00509,EE305,3,70,52,74.29
STU00509,EE302,4,61,60,98.36
STU00509,EE305,5,70,58,82.86
STU00510,IT303,1,66,52,78.79
STU00510,IT305,2,59,43,72.88
STU00510,IT301,3,69,58,84.06
STU00510,IT304,4,67,51,76.12
STU00510,IT301,5,57,44,77.19
STU00510,IT302,6,64,55,85.94
STU00511,CS301,1,70,64,91.43
STU00511,CS302,2,56,45,80.36
STU00512,EC305,1,65,54,83.08
STU00512,EC301,2,62,55,88.71
STU00512,EC303,3,63,54,85.71
STU00512,EC304,4,66,58,87.88
STU00512,EC301,5,60,53,88.33
STU00512,EC303,6,57,54,94.74
STU00513,EE305,1,62,43,69.35
STU00513,EE305,2,64,51,79.69
STU00513,EE304,3,56,42,75.0
STU00513,EE305,4,58,49,84.48
STU00513,EE305,5,70,68,97.14
STU00513,EE303,6,55,43,78.18
STU00514,EE303,1,68,55,80.88
STU00514,EE303,2,61,49,80.33
STU00515,CE301,1,59,55,93.22
STU00515,CE302,2,65,51,78.46
STU00515,CE301,3,62,53,85.48
STU00515,CE304,4,57,46,80.7
STU00516,IT305,1,56,50,89.29
STU00516,IT303,2,57,45,78.95
STU00516,IT304,3,57,43,75.44
STU00516,IT305,4,70,67,95.71
STU00516,IT302,5,63,43,68.25
STU00516,IT301,6,58,43,74.14
STU00517,ME304,1,62,54,87.1
STU00517,ME303,2,68,65,95.59
STU00518,CS303,1,62,50,80.65
STU00518,CS301,2,56,47,83.93
STU00518,CS301,3,61,46,75.41
STU00518,CS305,4,67,48,71.64
STU00518,CS301,5,70,51,72.86
STU00519,IT304,1,67,45,67.16
STU00519,IT302,2,68,40,58.82
STU00520,CE305,1,59,34,57.63
STU00520,CE301,2,69,50,72.46
STU00520,CE301,3,66,44,66.67
STU00520,CE303,4,61,37,60.66
STU00520,CE303,5,68,46,67.65
STU00521,ME302,1,62,60,96.77
STU00521,ME301,2,55,48,87.27
STU00522,EC304,1,56,41,73.21
STU00522,EC301,2,62,45,72.58
STU00522,EC301,3,57,42,73.68
STU00523,ME302,1,69,62,89.86
STU00523,ME302,2,64,39,60.94
STU00524,CS303,1,66,41,62.12
STU00524,CS305,2,62,38,61.29
STU00525,CS302,1,67,47,70.15
STU00525,CS304,2,58,32,55.17
STU00525,CS301,3,57,38,66.67
STU00525,CS303,4,61,38,62.3
STU00526,ME303,1,62,50,80.65
STU00526,ME304,2,64,54,84.38
STU00526,ME303,3,64,56,87.5
STU00526,ME302,4,63,55,87.3
STU00526,ME303,5,58,45,77.59
STU00527,EE303,1,68,68,100.0
STU00527,EE305,2,70,67,95.71
STU00528,IT301,1,61,45,73.77
STU00528,IT302,2,62,41,66.13
STU00528,IT303,3,61,45,73.77
STU00528,IT301,4,66,50,75.76
STU00529,CE301,1,62,41,66.13
STU00529,CE304,2,69,44,63.77
STU00529,CE301,3,55,32,58.18
STU00530,ME301,1,63,54,85.71
STU00530,ME303,2,67,56,83.58
STU00530,ME303,3,57,53,92.98
STU00530,ME301,4,63,47,74.6
STU00530,ME305,5,67,60,89.55
STU00531,EC301,1,67,52,77.61
STU00531,EC304,2,69,48,69.57
STU00531,EC301,3,62,42,67.74
STU00531,EC302,4,67,46,68.66
STU00531,EC302,5,68,50,73.53
STU00532,ME301,1,64,55,85.94
STU00532,ME301,2,66,57,86.36
STU00532,ME301,3,65,42,64.62
STU00532,ME303,4,61,47,77.05
STU00532,ME301,5,65,50,76.92
STU00532,ME305,6,68,59,86.76
STU00533,IT301,1,58,40,68.97
STU00533,IT305,2,67,44,65.67
STU00533,IT303,3,69,54,78.26
STU00533,IT304,4,63,52,82.54
STU00533,IT302,5,67,50,74.63
STU00534,ME302,1,59,40,67.8
STU00534,ME301,2,63,51,80.95
STU00534,ME303,3,57,44,77.19
STU00534,ME302,4,64,42,65.62
STU00534,ME303,5,67,49,73.13
STU00535,EC305,1,63,53,84.13
STU00535,EC303,2,63,55,87.3
STU00536,ME305,1,55,47,85.45
STU00536,ME301,2,64,44,68.75
STU00536,ME305,3,65,50,76.92
STU00536,ME303,4,60,47,78.33
STU00537,ME304,1,55,29,52.73
STU00537,ME304,2,55,39,70.91
STU00537,ME304,3,56,45,80.36
STU00537,ME303,4,70,41,58.57
STU00537,ME305,5,61,50,81.97
STU00538,CE301,1,57,38,66.67
STU00538,CE303,2,65,44,67.69
STU00538,CE301,3,69,45,65.22
STU00538,CE302,4,63,46,73.02
STU00538,CE303,5,63,51,80.95
STU00539,EE302,1,62,46,74.19
STU00539,EE302,2,59,44,74.58
STU00539,EE305,3,56,32,57.14
STU00539,EE302,4,58,42,72.41
STU00539,EE301,5,60,38,63.33
STU00540,EC304,1,65,52,80.0
STU00540,EC301,2,62,53,85.48
STU00540,EC301,3,63,61,96.83
STU00540,EC303,4,55,43,78.18
STU00540,EC303,5,56,34,60.71
STU00540,EC305,6,62,62,100.0
STU00541,CS301,1,57,38,66.67
STU00541,CS305,2,69,48,69.57
STU00541,CS301,3,57,39,68.42
STU00541,CS302,4,61,30,49.18
STU00542,CE305,1,66,53,80.3
STU00542,CE304,2,57,39,68.42
STU00542,CE304,3,64,50,78.12
STU00542,CE302,4,55,38,69.09
STU00543,CS305,1,66,59,89.39
STU00543,CS303,2,68,60,88.24
STU00543,CS303,3,70,70,100.0
STU00543,CS303,4,55,44,80.0
STU00544,CE303,1,56,41,73.21
STU00544,CE303,2,59,52,88.14
STU00544,CE305,3,55,45,81.82
STU00545,CS305,1,61,45,73.77
STU00545,CS303,2,66,57,86.36
STU00546,ME304,1,56,40,71.43
STU00546,ME302,2,67,51,76.12
STU00546,ME301,3,57,43,75.44
STU00547,ME305,1,68,47,69.12
STU00547,ME305,2,58,32,55.17
STU00547,ME305,3,56,39,69.64
STU00548,IT304,1,69,49,71.01
STU00548,IT303,2,63,56,88.89
STU00548,IT302,3,64,44,68.75
STU00548,IT302,4,65,51,78.46
STU00548,IT302,5,66,60,90.91
STU00548,IT302,6,69,55,79.71
STU00549,ME301,1,62,48,77.42
STU00549,ME304,2,68,48,70.59
STU00549,ME303,3,57,37,64.91
STU00549,ME303,4,57,40,70.18
STU00550,CE304,1,62,53,85.48
STU00550,CE304,2,68,46,67.65
STU00550,CE302,3,59,42,71.19
STU00550,CE305,4,62,34,54.84
STU00551,EC305,1,59,55,93.22
STU00551,EC305,2,63,50,79.37
STU00551,EC303,3,65,65,100.0
STU00551,EC303,4,58,55,94.83
STU00551,EC301,5,68,63,92.65
STU00552,ME305,1,59,40,67.8
STU00552,ME305,2,70,38,54.29
STU00552,ME302,3,60,37,61.67
STU00552,ME304,4,55,36,65.45
STU00552,ME302,5,58,31,53.45
STU00553,IT303,1,70,53,75.71
STU00553,IT301,2,59,47,79.66
STU00553,IT301,3,68,60,88.24
STU00553,IT301,4,60,42,70.0
STU00553,IT301,5,59,49,83.05
STU00554,CS305,1,67,43,64.18
STU00554,CS304,2,66,51,77.27
STU00554,CS302,3,67,54,80.6
STU00554,CS305,4,62,44,70.97
STU00554,CS303,5,58,48,82.76
STU00554,CS303,6,65,53,81.54
STU00555,CS305,1,58,54,93.1
STU00555,CS301,2,57,53,92.98
STU00555,CS303,3,69,59,85.51
STU00555,CS304,4,69,52,75.36
STU00555,CS304,5,64,50,78.12
STU00555,CS304,6,59,41,69.49
STU00556,EC305,1,57,56,98.25
STU00556,EC302,2,55,43,78.18
STU00556,EC305,3,66,56,84.85
STU00557,IT304,1,65,49,75.38
STU00557,IT304,2,60,53,88.33
STU00557,IT305,3,63,56,88.89
STU00557,IT301,4,62,54,87.1
STU00557,IT303,5,70,51,72.86
STU00558,EC301,1,68,64,94.12
STU00558,EC303,2,65,59,90.77
STU00558,EC304,3,65,63,96.92
STU00558,EC302,4,59,59,100.0
STU00559,EC302,1,68,49,72.06
STU00559,EC305,2,63,50,79.37
STU00560,EC305,1,65,59,90.77
STU00560,EC301,2,66,53,80.3
STU00560,EC303,3,60,47,78.33
STU00560,EC301,4,64,57,89.06
STU00560,EC303,5,70,70,100.0
STU00560,EC304,6,62,55,88.71
STU00561,EC303,1,63,53,84.13
STU00561,EC305,2,58,49,84.48
STU00561,EC302,3,63,46,73.02
STU00562,CE301,1,61,59,96.72
STU00562,CE305,2,60,51,85.0
STU00562,CE301,3,56,56,100.0
STU00563,CE305,1,61,57,93.44
STU00563,CE301,2,70,65,92.86
STU00563,CE301,3,66,63,95.45
STU00563,CE302,4,64,57,89.06
STU00563,CE305,5,68,61,89.71
STU00563,CE304,6,59,48,81.36
STU00564,EE303,1,58,52,89.66
STU00564,EE301,2,69,64,92.75
STU00564,EE304,3,70,52,74.29
STU00564,EE303,4,57,48,84.21
STU00564,EE302,5,63,46,73.02
STU00565,ME303,1,57,37,64.91
STU00565,ME302,2,57,39,68.42
STU00566,IT302,1,65,54,83.08
STU00566,IT303,2,69,59,85.51
STU00566,IT305,3,57,49,85.96
STU00566,IT303,4,56,48,85.71
STU00567,IT301,1,65,42,64.62
STU00567,IT302,2,56,41,73.21
STU00567,IT301,3,62,38,61.29
STU00567,IT302,4,67,51,76.12
STU00567,IT302,5,61,53,86.89
STU00568,EE304,1,59,49,83.05
STU00568,EE304,2,60,50,83.33
STU00568,EE304,3,64,54,84.38
STU00568,EE302,4,61,50,81.97
STU00569,EC305,1,61,47,77.05
STU00569,EC301,2,68,49,72.06
STU00570,EE304,1,61,43,70.49
STU00570,EE302,2,56,45,80.36
STU00571,IT303,1,67,45,67.16
STU00571,IT305,2,62,39,62.9
STU00571,IT303,3,70,47,67.14
STU00571,IT305,4,60,32,53.33
STU00571,IT303,5,62,35,56.45
STU00572,IT304,1,70,50,71.43
STU00572,IT304,2,66,45,68.18
STU00572,IT305,3,70,45,64.29
STU00572,IT303,4,58,48,82.76
STU00573,EC301,1,64,39,60.94
STU00573,EC304,2,69,54,78.26
STU00573,EC303,3,62,41,66.13
STU00574,IT301,1,60,40,66.67
STU00574,IT304,2,65,46,70.77
STU00574,IT301,3,66,47,71.21
STU00574,IT304,4,59,40,67.8
STU00574,IT304,5,70,48,68.57
STU00575,CS304,1,62,41,66.13
STU00575,CS301,2,64,47,73.44
STU00575,CS303,3,61,42,68.85
STU00575,CS304,4,56,43,76.79
STU00575,CS305,5,65,53,81.54
STU00575,CS303,6,65,49,75.38
STU00576,CS304,1,69,64,92.75
STU00576,CS304,2,67,61,91.04
STU00576,CS303,3,56,53,94.64
STU00576,CS303,4,70,55,78.57
STU00576,CS302,5,65,54,83.08
STU00577,IT303,1,69,50,72.46
STU00577,IT304,2,62,47,75.81
STU00578,EE302,1,61,49,80.33
STU00578,EE301,2,65,50,76.92
STU00578,EE302,3,55,36,65.45
STU00578,EE301,4,67,52,77.61
STU00578,EE301,5,65,46,70.77
STU00578,EE303,6,57,42,73.68
STU00579,EE305,1,61,52,85.25
STU00579,EE303,2,61,42,68.85
STU00580,CE305,1,67,57,85.07
STU00580,CE302,2,64,62,96.88
STU00580,CE302,3,66,58,87.88
STU00581,EE304,1,61,47,77.05
STU00581,EE305,2,62,42,67.74
STU00581,EE301,3,56,31,55.36
STU00581,EE301,4,58,35,60.34
STU00582,IT304,1,70,42,60.0
STU00582,IT301,2,60,42,70.0
STU00582,IT303,3,64,49,76.56
STU00582,IT301,4,62,44,70.97
STU00582,IT302,5,56,41,73.21
STU00582,IT303,6,58,42,72.41
STU00583,EC304,1,59,48,81.36
STU00583,EC303,2,57,53,92.98
STU00583,EC301,3,57,57,100.0
STU00583,EC305,4,68,58,85.29
STU00583,EC301,5,55,36,65.45
STU00584,EE305,1,59,55,93.22
STU00584,EE301,2,67,67,100.0
STU00584,EE302,3,64,52,81.25
STU00584,EE303,4,68,48,70.59
STU00584,EE305,5,55,47,85.45
STU00584,EE303,6,63,63,100.0
STU00585,CE302,1,58,41,70.69
STU00585,CE303,2,70,56,80.0
STU00585,CE304,3,64,62,96.88
STU00585,CE304,4,57,49,85.96
STU00585,CE302,5,68,65,95.59
STU00586,ME303,1,70,68,97.14
STU00586,ME303,2,62,52,83.87
STU00586,ME304,3,55,47,85.45
STU00586,ME304,4,67,46,68.66
STU00586,ME303,5,58,46,79.31
STU00586,ME304,6,62,48,77.42
STU00587,CE301,1,67,44,65.67
STU00587,CE302,2,69,52,75.36
STU00587,CE303,3,70,53,75.71
STU00587,CE305,4,58,49,84.48
STU00587,CE303,5,65,48,73.85
STU00587,CE302,6,57,44,77.19
STU00588,ME305,1,60,43,71.67
STU00588,ME302,2,70,51,72.86
STU00589,EC302,1,57,41,71.93
STU00589,EC302,2,67,50,74.63
STU00589,EC305,3,70,54,77.14
STU00589,EC305,4,62,50,80.65
STU00589,EC301,5,70,51,72.86
STU00589,EC303,6,68,52,76.47
STU00590,ME303,1,59,54,91.53
STU00590,ME301,2,65,49,75.38
STU00590,ME305,3,68,68,100.0
STU00590,ME301,4,63,60,95.24
STU00591,EC305,1,70,44,62.86
STU00591,EC305,2,70,44,62.86
STU00591,EC303,3,62,46,74.19
STU00592,EE304,1,70,45,64.29
STU00592,EE305,2,57,47,82.46
STU00592,EE301,3,68,54,79.41
STU00592,EE301,4,67,61,91.04
STU00593,EC301,1,60,43,71.67
STU00593,EC305,2,58,50,86.21
STU00593,EC302,3,61,48,78.69
STU00594,EE301,1,56,46,82.14
STU00594,EE304,2,70,47,67.14
STU00594,EE302,3,70,47,67.14
STU00594,EE302,4,68,61,89.71
STU00594,EE304,5,55,42,76.36
STU00595,CS301,1,68,53,77.94
STU00595,CS303,2,63,36,57.14
STU00595,CS305,3,65,49,75.38
STU00595,CS305,4,66,42,63.64
STU00596,CS302,1,59,44,74.58
STU00596,CS303,2,61,56,91.8
STU00596,CS305,3,66,54,81.82
STU00596,CS305,4,63,54,85.71
STU00596,CS304,5,69,51,73.91
STU00596,CS302,6,65,54,83.08
STU00597,EC302,1,70,59,84.29
STU00597,EC301,2,65,61,93.85
STU00597,EC304,3,60,51,85.0
STU00598,CS304,1,57,56,98.25
STU00598,CS301,2,64,55,85.94
STU00598,CS302,3,61,51,83.61
STU00599,CE305,1,69,60,86.96
STU00599,CE303,2,58,54,93.1
STU00600,ME305,1,69,58,84.06
STU00600,ME305,2,60,51,85.0
STU00601,CE303,1,62,57,91.94
STU00601,CE303,2,55,41,74.55
STU00602,EC303,1,64,47,73.44
STU00602,EC304,2,64,42,65.62
STU00602,EC303,3,67,38,56.72
STU00603,IT305,1,61,46,75.41
STU00603,IT301,2,59,42,71.19
STU00603,IT301,3,61,48,78.69
STU00603,IT303,4,60,52,86.67
STU00604,IT305,1,58,56,96.55
STU00604,IT302,2,67,50,74.63
STU00604,IT303,3,63,41,65.08
STU00604,IT305,4,70,60,85.71
STU00605,CE302,1,55,44,80.0
STU00605,CE302,2,61,44,72.13
STU00605,CE301,3,59,37,62.71
STU00606,CS302,1,70,46,65.71
STU00606,CS301,2,65,55,84.62
STU00606,CS301,3,56,35,62.5
STU00607,EC305,1,69,47,68.12
STU00607,EC304,2,70,43,61.43
STU00607,EC303,3,64,47,73.44
STU00608,EE301,1,62,38,61.29
STU00608,EE305,2,67,54,80.6
STU00608,EE304,3,67,50,74.63
STU00608,EE304,4,66,42,63.64
STU00608,EE303,5,65,48,73.85
STU00608,EE305,6,57,42,73.68
STU00609,CS302,1,60,39,65.0
STU00609,CS303,2,59,38,64.41
STU00609,CS304,3,69,42,60.87
STU00609,CS304,4,63,42,66.67
STU00609,CS301,5,68,39,57.35
STU00609,CS303,6,60,47,78.33
STU00610,IT303,1,69,45,65.22
STU00610,IT303,2,68,55,80.88
STU00611,CS305,1,61,54,88.52
STU00611,CS304,2,66,48,72.73
STU00611,CS302,3,55,44,80.0
STU00612,CS304,1,66,39,59.09
STU00612,CS305,2,61,39,63.93
STU00612,CS301,3,64,42,65.62
STU00613,ME301,1,66,50,75.76
STU00613,ME303,2,55,34,61.82
STU00613,ME305,3,63,49,77.78
STU00613,ME301,4,63,53,84.13
STU00614,CS304,1,56,36,64.29
STU00614,CS303,2,63,49,77.78
STU00614,CS301,3,55,38,69.09
STU00614,CS304,4,69,54,78.26
STU00614,CS304,5,60,41,68.33
STU00615,CS305,1,58,45,77.59
STU00615,CS301,2,66,49,74.24
STU00615,CS301,3,59,40,67.8
STU00615,CS302,4,59,41,69.49
STU00615,CS301,5,68,54,79.41
STU00616,ME301,1,69,53,76.81
STU00616,ME301,2,65,53,81.54
STU00617,ME305,1,63,49,77.78
STU00617,ME302,2,55,39,70.91
STU00618,EC303,1,60,46,76.67
STU00618,EC305,2,66,46,69.7
STU00618,EC305,3,55,39,70.91
STU00618,EC304,4,68,40,58.82
STU00619,IT301,1,61,48,78.69
STU00619,IT305,2,59,53,89.83
STU00620,EE301,1,60,49,81.67
STU00620,EE304,2,56,37,66.07
STU00620,EE303,3,61,41,67.21
STU00620,EE305,4,68,40,58.82
STU00621,CS301,1,64,50,78.12
STU00621,CS303,2,66,50,75.76
STU00621,CS301,3,65,50,76.92
STU00622,EC305,1,57,53,92.98
STU00622,EC305,2,69,69,100.0
STU00622,EC301,3,58,54,93.1
STU00622,EC301,4,60,56,93.33
STU00622,EC301,5,60,56,93.33
STU00623,CS305,1,55,54,98.18
STU00623,CS302,2,55,42,76.36
STU00623,CS302,3,66,59,89.39
STU00623,CS304,4,57,50,87.72
STU00624,IT303,1,61,53,86.89
STU00624,IT302,2,64,58,90.62
STU00624,IT301,3,67,44,65.67
STU00625,ME302,1,63,54,85.71
STU00625,ME302,2,65,49,75.38
STU00625,ME304,3,62,52,83.87
STU00625,ME302,4,63,42,66.67
STU00626,IT302,1,64,42,65.62
STU00626,IT303,2,69,53,76.81
STU00626,IT303,3,57,40,70.18
STU00627,EE303,1,66,48,72.73
STU00627,EE303,2,69,60,86.96
STU00627,EE302,3,56,36,64.29
STU00627,EE305,4,67,52,77.61
STU00627,EE302,5,61,52,85.25
STU00628,IT303,1,64,42,65.62
STU00628,IT302,2,65,50,76.92
STU00628,IT305,3,63,41,65.08
STU00628,IT301,4,61,31,50.82
STU00628,IT303,5,61,37,60.66
STU00629,ME303,1,56,51,91.07
STU00629,ME301,2,60,54,90.0
STU00629,ME304,3,59,56,94.92
STU00629,ME304,4,65,57,87.69
STU00629,ME303,5,67,53,79.1
STU00630,CE301,1,65,52,80.0
STU00630,CE301,2,66,55,83.33
STU00630,CE301,3,60,49,81.67
STU00630,CE304,4,70,60,85.71
STU00630,CE303,5,65,59,90.77
STU00630,CE301,6,60,53,88.33
STU00631,EC303,1,60,45,75.0
STU00631,EC304,2,60,42,70.0
STU00631,EC301,3,69,48,69.57
STU00631,EC305,4,69,42,60.87
STU00632,CE305,1,68,54,79.41
STU00632,CE304,2,70,56,80.0
STU00632,CE302,3,63,39,61.9
STU00632,CE303,4,65,44,67.69
STU00632,CE304,5,67,47,70.15
STU00632,CE303,6,56,39,69.64
STU00633,ME305,1,58,43,74.14
STU00633,ME304,2,68,55,80.88
STU00633,ME303,3,67,53,79.1
STU00634,IT301,1,60,40,66.67
STU00634,IT305,2,60,45,75.0
STU00634,IT303,3,61,53,86.89
STU00634,IT305,4,59,50,84.75
STU00634,IT302,5,65,41,63.08
STU00634,IT301,6,57,48,84.21
STU00635,ME302,1,66,47,71.21
STU00635,ME304,2,67,54,80.6
STU00635,ME302,3,69,57,82.61
STU00635,ME301,4,59,51,86.44
STU00636,EE302,1,64,37,57.81
STU00636,EE303,2,57,41,71.93
STU00636,EE302,3,62,42,67.74
STU00637,CS304,1,57,48,84.21
STU00637,CS302,2,59,51,86.44
STU00637,CS305,3,66,51,77.27
STU00638,EE304,1,60,49,81.67
STU00638,EE303,2,58,46,79.31
STU00639,CE305,1,67,57,85.07
STU00639,CE302,2,70,48,68.57
STU00639,CE304,3,69,43,62.32
STU00639,CE302,4,58,34,58.62
STU00639,CE304,5,59,38,64.41
STU00640,ME302,1,67,49,73.13
STU00640,ME303,2,64,47,73.44
STU00640,ME304,3,67,49,73.13
STU00640,ME305,4,57,44,77.19
STU00641,EE304,1,55,42,76.36
STU00641,EE302,2,60,46,76.67
STU00641,EE302,3,66,47,71.21
STU00641,EE303,4,65,47,72.31
STU00642,ME301,1,67,59,88.06
STU00642,ME301,2,62,48,77.42
STU00642,ME302,3,70,66,94.29
STU00642,ME302,4,56,49,87.5
STU00642,ME302,5,64,59,92.19
STU00642,ME304,6,57,45,78.95
STU00643,EE304,1,60,46,76.67
STU00643,EE304,2,59,46,77.97
STU00643,EE303,3,64,44,68.75
STU00643,EE304,4,70,43,61.43
STU00644,EE303,1,68,58,85.29
STU00644,EE302,2,60,57,95.0
STU00645,CE305,1,58,43,74.14
STU00645,CE304,2,57,51,89.47
STU00645,CE303,3,58,50,86.21
STU00645,CE304,4,55,42,76.36
STU00645,CE302,5,65,62,95.38
STU00646,CE305,1,67,61,91.04
STU00646,CE304,2,55,48,87.27
STU00646,CE304,3,67,56,83.58
STU00647,IT301,1,64,54,84.38
STU00647,IT304,2,63,48,76.19
STU00647,IT301,3,69,51,73.91
STU00647,IT305,4,66,45,68.18
STU00647,IT304,5,65,44,67.69
STU00648,EC303,1,58,52,89.66
STU00648,EC302,2,68,48,70.59
STU00648,EC305,3,67,59,88.06
STU00648,EC301,4,59,53,89.83
STU00648,EC301,5,65,60,92.31
STU00648,EC305,6,63,51,80.95
STU00649,EC305,1,69,46,66.67
STU00649,EC304,2,56,35,62.5
STU00649,EC304,3,64,38,59.38
STU00650,ME301,1,70,49,70.0
STU00650,ME304,2,66,46,69.7
STU00651,IT305,1,66,66,100.0
STU00651,IT303,2,68,67,98.53
STU00652,EE303,1,55,48,87.27
STU00652,EE305,2,63,47,74.6
STU00652,EE302,3,64,57,89.06
STU00652,EE303,4,68,54,79.41
STU00653,CS304,1,65,51,78.46
STU00653,CS303,2,56,41,73.21
STU00654,CS301,1,66,58,87.88
STU00654,CS301,2,67,58,86.57
STU00654,CS302,3,60,60,100.0
STU00654,CS301,4,58,50,86.21
STU00654,CS302,5,59,58,98.31
STU00654,CS304,6,68,52,76.47
STU00655,ME303,1,69,44,63.77
STU00655,ME305,2,62,54,87.1
STU00655,ME305,3,69,49,71.01
STU00655,ME301,4,57,42,73.68
STU00656,EC303,1,56,47,83.93
STU00656,EC302,2,58,50,86.21
STU00656,EC304,3,57,50,87.72
STU00656,EC303,4,64,52,81.25
STU00657,CE304,1,55,47,85.45
STU00657,CE302,2,63,59,93.65
STU00657,CE301,3,68,68,100.0
STU00657,CE301,4,61,57,93.44
STU00657,CE305,5,63,63,100.0
STU00658,EC305,1,62,57,91.94
STU00658,EC301,2,66,66,100.0
STU00658,EC305,3,70,61,87.14
STU00658,EC302,4,68,53,77.94
STU00659,EC302,1,63,44,69.84
STU00659,EC305,2,56,35,62.5
STU00659,EC305,3,67,45,67.16
STU00659,EC302,4,64,44,68.75
STU00660,EE301,1,68,45,66.18
STU00660,EE302,2,55,49,89.09
STU00660,EE304,3,59,48,81.36
STU00660,EE303,4,63,51,80.95
STU00661,IT305,1,65,64,98.46
STU00661,IT301,2,62,56,90.32
STU00661,IT302,3,55,44,80.0
STU00661,IT303,4,62,60,96.77
STU00661,IT301,5,64,49,76.56
STU00662,CS304,1,68,48,70.59
STU00662,CS305,2,65,40,61.54
STU00662,CS305,3,67,46,68.66
STU00662,CS304,4,55,43,78.18
STU00662,CS303,5,65,44,67.69
STU00662,CS303,6,66,52,78.79
STU00663,CE302,1,69,52,75.36
STU00663,CE304,2,61,45,73.77
STU00663,CE305,3,60,43,71.67
STU00663,CE304,4,63,47,74.6
STU00663,CE304,5,56,53,94.64
STU00664,ME301,1,70,60,85.71
STU00664,ME305,2,66,38,57.58
STU00664,ME301,3,61,55,90.16
STU00664,ME305,4,66,42,63.64
STU00664,ME303,5,64,53,82.81
STU00664,ME303,6,69,52,75.36
STU00665,IT301,1,59,43,72.88
STU00665,IT305,2,60,38,63.33
STU00665,IT305,3,66,46,69.7
STU00665,IT305,4,68,51,75.0
STU00665,IT304,5,55,53,96.36
STU00666,ME305,1,70,54,77.14
STU00666,ME302,2,67,60,89.55
STU00666,ME305,3,59,42,71.19
STU00666,ME304,4,58,47,81.03
STU00667,ME304,1,61,44,72.13
STU00667,ME302,2,58,36,62.07
STU00668,CS303,1,60,46,76.67
STU00668,CS302,2,67,60,89.55
STU00668,CS305,3,68,40,58.82
STU00668,CS303,4,61,43,70.49
STU00668,CS304,5,63,52,82.54
STU00668,CS303,6,66,47,71.21
STU00669,EC303,1,67,56,83.58
STU00669,EC302,2,67,52,77.61
STU00670,IT304,1,64,55,85.94
STU00670,IT304,2,60,60,100.0
STU00670,IT302,3,67,59,88.06
STU00670,IT303,4,55,47,85.45
STU00670,IT305,5,65,62,95.38
STU00671,EE302,1,58,45,77.59
STU00671,EE304,2,68,45,66.18
STU00671,EE304,3,68,43,63.24
STU00671,EE302,4,55,40,72.73
STU00671,EE305,5,62,56,90.32
STU00672,ME305,1,57,55,96.49
STU00672,ME305,2,68,67,98.53
STU00672,ME301,3,65,65,100.0
STU00673,ME302,1,60,65,81.67
STU00673,ME305,2,70,59,84.29
STU00673,ME301,3,66,47,71.21
STU00673,ME301,4,67,51,76.12
STU00673,ME305,5,61,49,80.33
STU00673,ME302,6,69,57,82.61
STU00674,CS302,1,60,53,88.33
STU00674,CS304,2,61,54,88.52
STU00674,CS303,3,59,48,81.36
STU00674,CS303,4,57,41,71.93
STU00675,ME302,1,69,42,60.87
STU00675,ME304,2,62,46,74.19
STU00676,ME304,1,62,48,77.42
STU00676,ME302,2,69,49,71.01
STU00676,ME305,3,58,52,89.66
STU00676,ME305,4,65,53,81.54
STU00676,ME302,5,62,53,85.48
STU00676,ME304,6,57,39,68.42
STU00677,ME301,1,68,45,66.18
STU00677,ME305,2,70,54,77.14
STU00678,CS301,1,68,49,72.06
STU00678,CS303,2,58,41,70.69
STU00678,CS305,3,55,44,80.0
STU00678,CS304,4,70,53,75.71
STU00678,CS301,5,64,53,82.81
STU00679,CS301,1,66,58,87.88
STU00679,CS304,2,69,64,92.75
STU00679,CS304,3,58,41,70.69
STU00679,CS301,4,59,44,74.58
STU00679,CS303,5,58,42,72.41
STU00680,EC303,1,68,54,79.41
STU00680,EC303,2,59,38,64.41
STU00680,EC302,3,70,51,72.86
STU00681,CE303,1,58,55,94.83
STU00681,CE303,2,57,54,94.74
STU00681,CE304,3,70,54,77.14
STU00682,ME303,1,65,37,-1.0
STU00682,ME303,2,69,39,56.52
STU00682,ME303,3,69,43,62.32
STU00683,EE305,1,63,34,53.97
STU00683,EE305,2,56,46,82.14
STU00683,EE302,3,59,35,59.32
STU00683,EE305,4,64,38,59.38
STU00684,CE302,1,66,44,66.67
STU00684,CE305,2,66,47,71.21
STU00685,EC303,1,60,48,80.0
STU00685,EC305,2,64,50,78.12
STU00685,EC304,3,69,49,71.01
STU00685,EC303,4,59,46,77.97
STU00686,CE302,1,64,60,93.75
STU00686,CE304,2,63,54,85.71
STU00686,CE302,3,55,55,100.0
STU00687,ME305,1,64,64,100.0
STU00687,ME302,2,55,55,100.0
STU00687,ME303,3,66,55,83.33
STU00688,CE305,1,67,52,77.61
STU00688,CE304,2,60,41,68.33
STU00688,CE303,3,59,42,71.19
STU00688,CE305,4,65,45,69.23
STU00688,CE305,5,66,39,59.09
STU00688,CE304,6,70,57,81.43
STU00689,CS305,1,70,40,57.14
STU00689,CS302,2,70,53,75.71
STU00689,CS304,3,55,28,50.91
STU00690,CS303,1,62,46,74.19
STU00690,CS303,2,61,48,78.69
STU00691,CS302,1,63,52,82.54
STU00691,CS305,2,58,46,79.31
STU00691,CS302,3,66,46,69.7
STU00692,ME304,1,55,47,85.45
STU00692,ME305,2,62,51,82.26
STU00692,ME302,3,66,63,95.45
STU00692,ME301,4,67,56,83.58
STU00692,ME301,5,65,53,81.54
STU00693,IT301,1,63,35,55.56
STU00693,IT305,2,57,40,70.18
STU00693,IT301,3,69,44,63.77
STU00693,IT305,4,62,47,75.81
STU00693,IT302,5,63,45,71.43
STU00693,IT302,6,62,35,56.45
STU00694,CS304,1,60,48,80.0
STU00694,CS301,2,63,40,63.49
STU00694,CS305,3,63,45,71.43
STU00695,IT302,1,57,40,70.18
STU00695,IT302,2,64,46,71.88
STU00696,CE302,1,62,54,87.1
STU00696,CE302,2,70,65,92.86
STU00697,EC301,1,56,40,71.43
STU00697,EC303,2,57,49,85.96
STU00697,EC302,3,70,42,60.0
STU00697,EC301,4,69,51,73.91
STU00697,EC301,5,70,55,78.57
STU00698,EE301,1,61,49,80.33
STU00698,EE305,2,70,42,60.0
STU00698,EE303,3,55,42,76.36
STU00699,CE304,1,58,41,70.69
STU00699,CE304,2,61,33,54.1
STU00699,CE305,3,69,51,73.91
STU00699,CE301,4,63,44,69.84
STU00699,CE304,5,63,47,74.6
STU00699,CE304,6,60,40,66.67
STU00700,CS305,1,70,75,81.43
STU00700,CS305,2,64,48,75.0
STU00700,CS303,3,63,44,69.84
STU00700,CS305,4,62,48,77.42
STU00701,IT303,1,64,54,84.38
STU00701,IT304,2,58,43,74.14
STU00701,IT302,3,70,70,100.0
STU00701,IT301,4,65,51,78.46
STU00702,CS304,1,70,54,77.14
STU00702,CS302,2,60,51,85.0
STU00702,CS301,3,68,46,67.65
STU00702,CS303,4,58,51,87.93
STU00702,CS304,5,65,47,72.31
STU00702,CS305,6,60,41,68.33
STU00703,IT301,1,62,41,66.13
STU00703,IT302,2,64,48,75.0
STU00703,IT305,3,64,43,67.19
STU00704,ME305,1,70,44,62.86
STU00704,ME301,2,64,42,65.62
STU00704,ME305,3,61,42,68.85
STU00704,ME305,4,59,42,71.19
STU00705,EC302,1,61,50,81.97
STU00705,EC304,2,60,44,73.33
STU00705,EC302,3,60,58,96.67
STU00705,EC303,4,70,55,78.57
STU00706,EE304,1,63,47,74.6
STU00706,EE302,2,63,47,74.6
STU00706,EE304,3,64,45,70.31
STU00706,EE303,4,59,41,69.49
STU00706,EE303,5,65,43,66.15
STU00706,EE303,6,65,52,80.0
STU00707,IT303,1,68,60,88.24
STU00707,IT305,2,67,62,92.54
STU00707,IT304,3,55,45,81.82
STU00707,IT304,4,56,55,98.21
STU00707,IT304,5,66,42,63.64
STU00708,EE304,1,63,44,69.84
STU00708,EE301,2,61,51,83.61
STU00708,EE302,3,63,44,69.84
STU00709,EE303,1,55,54,98.18
STU00709,EE303,2,68,62,91.18
STU00709,EE304,3,65,53,81.54
STU00709,EE305,4,61,58,95.08
STU00710,EE305,1,69,65,94.2
STU00710,EE303,2,58,46,79.31
STU00710,EE301,3,62,39,62.9
STU00711,CE303,1,70,50,71.43
STU00711,CE305,2,70,48,68.57
STU00711,CE301,3,67,54,80.6
STU00712,EC302,1,63,53,84.13
STU00712,EC305,2,67,56,83.58
STU00712,EC301,3,58,50,86.21
STU00712,EC301,4,65,52,80.0
STU00712,EC303,5,66,51,77.27
STU00713,EE303,1,58,44,75.86
STU00713,EE304,2,59,37,62.71
STU00713,EE301,3,65,52,80.0
STU00713,EE304,4,59,54,91.53
STU00713,EE302,5,64,48,75.0
STU00714,CS302,1,57,46,80.7
STU00714,CS304,2,62,43,69.35
STU00714,CS303,3,63,34,53.97
STU00714,CS305,4,64,39,60.94
STU00714,CS301,5,59,38,64.41
STU00714,CS301,6,65,37,56.92
STU00715,EE304,1,61,46,75.41
STU00715,EE302,2,65,39,60.0
STU00715,EE304,3,62,46,74.19
STU00715,EE304,4,66,55,83.33
STU00716,IT302,1,63,44,69.84
STU00716,IT303,2,55,31,56.36
STU00716,IT302,3,58,35,60.34
STU00716,IT304,4,68,38,55.88
STU00717,EC304,1,56,42,75.0
STU00717,EC305,2,56,46,82.14
STU00717,EC305,3,66,42,63.64
STU00717,EC301,4,68,58,85.29
STU00717,EC301,5,65,50,76.92
STU00718,EE304,1,64,50,78.12
STU00718,EE305,2,65,45,69.23
STU00718,EE301,3,57,42,73.68
STU00718,EE305,4,57,35,61.4
STU00718,EE305,5,58,63,79.31
STU00718,EE305,6,60,52,86.67
STU00719,EC301,1,69,58,84.06
STU00719,EC305,2,61,47,77.05
STU00719,EC301,3,68,49,72.06
STU00719,EC303,4,69,43,62.32
STU00719,EC304,5,59,45,76.27
STU00719,EC303,6,57,48,84.21
STU00720,ME305,1,65,51,78.46
STU00720,ME304,2,68,64,94.12
STU00720,ME301,3,67,52,77.61
STU00721,CS303,1,55,30,54.55
STU00721,CS305,2,67,35,52.24
STU00721,CS301,3,55,35,63.64
STU00721,CS302,4,65,39,60.0
STU00721,CS304,5,59,43,72.88
STU00721,CS303,6,62,40,64.52
STU00722,EC303,1,69,53,76.81
STU00722,EC302,2,66,62,93.94
STU00722,EC305,3,59,54,91.53
STU00722,EC302,4,59,58,98.31
STU00722,EC302,5,64,53,82.81
STU00722,EC302,6,58,51,87.93
STU00723,CE305,1,56,54,96.43
STU00723,CE302,2,66,62,93.94
STU00724,EC303,1,65,65,100.0
STU00724,EC302,2,61,58,95.08
STU00725,CS303,1,60,44,73.33
STU00725,CS304,2,63,47,74.6
STU00725,CS302,3,61,44,72.13
STU00726,ME301,1,59,39,66.1
STU00726,ME304,2,58,51,87.93
STU00726,ME304,3,55,45,81.82
STU00726,ME304,4,61,43,70.49
STU00727,CS301,1,69,55,79.71
STU00727,CS304,2,67,55,82.09
STU00727,CS302,3,61,55,90.16
STU00727,CS304,4,58,45,77.59
STU00727,CS301,5,60,52,86.67
STU00728,CS305,1,58,54,93.1
STU00728,CS302,2,61,55,90.16
STU00728,CS301,3,70,50,71.43
STU00728,CS305,4,66,66,100.0
STU00728,CS303,5,68,56,82.35
STU00728,CS302,6,61,58,95.08
STU00729,CS305,1,66,62,93.94
STU00729,CS304,2,63,38,60.32
STU00730,ME301,1,69,48,69.57
STU00730,ME301,2,55,34,61.82
STU00730,ME304,3,68,46,67.65
STU00730,ME304,4,58,52,89.66
STU00730,ME303,5,66,51,77.27
STU00730,ME303,6,57,44,77.19
STU00731,IT303,1,62,55,88.71
STU00731,IT301,2,67,52,77.61
STU00731,IT304,3,55,45,81.82
STU00731,IT303,4,65,45,69.23
STU00731,IT301,5,59,55,93.22
STU00732,EE302,1,55,51,92.73
STU00732,EE302,2,59,48,81.36
STU00732,EE302,3,70,61,87.14
STU00733,EE301,1,61,39,63.93
STU00733,EE303,2,66,46,69.7
STU00734,CS304,1,60,54,90.0
STU00734,CS304,2,60,45,75.0
STU00734,CS302,3,59,49,83.05
STU00734,CS302,4,66,44,66.67
STU00734,CS301,5,60,43,71.67
STU00734,CS301,6,70,52,74.29
STU00735,IT303,1,67,51,76.12
STU00735,IT303,2,63,44,69.84
STU00735,IT305,3,65,45,69.23
STU00736,CE301,1,65,63,96.92
STU00736,CE301,2,70,58,82.86
STU00737,CE302,1,68,54,79.41
STU00737,CE301,2,67,56,83.58
STU00738,EE305,1,60,44,73.33
STU00738,EE302,2,58,55,94.83
STU00738,EE301,3,66,58,87.88
STU00738,EE302,4,57,49,85.96
STU00738,EE304,5,57,42,73.68
STU00738,EE301,6,70,59,84.29
STU00739,ME304,1,69,57,82.61
STU00739,ME302,2,55,45,81.82
STU00739,ME303,3,70,60,85.71
STU00739,ME304,4,63,53,84.13
STU00739,ME302,5,65,47,72.31
STU00740,CE303,1,58,55,94.83
STU00740,CE304,2,70,65,92.86
STU00740,CE305,3,61,48,78.69
STU00740,CE302,4,62,55,88.71
STU00740,CE305,5,59,52,88.14
STU00740,CE302,6,62,51,82.26
STU00741,EC301,1,67,54,80.6
STU00741,EC303,2,58,32,55.17
STU00742,EE302,1,63,51,80.95
STU00742,EE302,2,64,39,60.94
STU00742,EE303,3,69,52,75.36
STU00743,CS305,1,63,49,77.78
STU00743,CS302,2,65,57,87.69
STU00743,CS304,3,66,52,78.79
STU00743,CS302,4,56,47,83.93
STU00743,CS304,5,56,51,91.07
STU00743,CS302,6,60,45,75.0
STU00744,ME302,1,56,52,92.86
STU00744,ME302,2,60,59,98.33
STU00745,EC303,1,55,35,63.64
STU00745,EC305,2,70,38,54.29
STU00745,EC304,3,66,48,72.73
STU00745,EC302,4,67,40,59.7
STU00745,EC304,5,61,45,73.77
STU00746,CS305,1,63,57,90.48
STU00746,CS305,2,69,56,81.16
STU00746,CS301,3,63,56,88.89
STU00746,CS305,4,65,59,90.77
STU00746,CS303,5,60,60,100.0
STU00747,EE303,1,70,60,85.71
STU00747,EE305,2,69,50,72.46
STU00747,EE301,3,65,70,73.85
STU00747,EE305,4,63,48,76.19
STU00748,EC303,1,68,55,80.88
STU00748,EC301,2,59,44,74.58
STU00749,CS302,1,69,57,82.61
STU00749,CS301,2,58,48,82.76
STU00750,CE303,1,59,37,62.71
STU00750,CE303,2,64,41,64.06
STU00750,CE304,3,68,58,85.29
STU00750,CE305,4,57,38,66.67
STU00750,CE305,5,60,39,65.0
STU00750,CE304,6,61,42,68.85
STU00751,IT302,1,55,46,83.64
STU00751,IT302,2,66,55,83.33
STU00751,IT305,3,59,47,79.66
STU00752,EC305,1,56,45,80.36
STU00752,EC305,2,66,44,66.67
STU00752,EC305,3,62,48,77.42
STU00752,EC305,4,60,45,75.0
STU00752,EC303,5,60,41,68.33
STU00752,EC301,6,60,42,70.0
STU00753,EC302,1,59,45,76.27
STU00753,EC305,2,68,55,80.88
STU00753,EC302,3,63,51,80.95
STU00753,EC301,4,67,50,74.63
STU00753,EC303,5,67,53,79.1
STU00753,EC305,6,68,52,76.47
STU00754,CE304,1,65,55,84.62
STU00754,CE302,2,64,46,71.88
STU00754,CE301,3,57,37,64.91
STU00754,CE303,4,64,54,84.38
STU00754,CE302,5,57,40,70.18
STU00755,EC304,1,59,43,72.88
STU00755,EC302,2,70,45,64.29
STU00756,EE302,1,67,59,88.06
STU00756,EE302,2,68,52,76.47
STU00756,EE304,3,61,53,86.89
STU00757,IT303,1,57,35,61.4
STU00757,IT302,2,63,43,68.25
STU00757,IT302,3,67,53,79.1
STU00758,EE305,1,59,47,79.66
STU00758,EE302,2,69,60,86.96
STU00759,EC303,1,65,46,70.77
STU00759,EC301,2,58,43,74.14
STU00759,EC305,3,64,42,65.62
STU00760,IT301,1,70,64,91.43
STU00760,IT302,2,69,53,76.81
STU00760,IT303,3,58,52,89.66
STU00760,IT305,4,69,69,100.0
STU00760,IT302,5,57,53,92.98
STU00760,IT303,6,63,61,96.83
STU00761,IT304,1,63,47,74.6
STU00761,IT301,2,69,56,81.16
STU00762,EE305,1,60,49,81.67
STU00762,EE304,2,64,49,76.56
STU00762,EE302,3,58,50,86.21
STU00762,EE301,4,66,43,65.15
STU00762,EE302,5,70,53,75.71
STU00763,EC304,1,56,52,92.86
STU00763,EC301,2,63,58,92.06
STU00763,EC303,3,63,45,71.43
STU00763,EC305,4,65,59,90.77
STU00763,EC304,5,63,56,88.89
STU00764,IT301,1,55,45,81.82
STU00764,IT301,2,70,57,81.43
STU00764,IT302,3,70,59,84.29
STU00764,IT302,4,68,59,86.76
STU00765,CS301,1,70,54,77.14
STU00765,CS305,2,67,55,82.09
STU00765,CS305,3,67,55,82.09
STU00765,CS301,4,58,48,82.76
STU00766,EE301,1,58,44,75.86
STU00766,EE301,2,62,44,70.97
STU00766,EE303,3,68,52,76.47
STU00766,EE304,4,56,38,67.86
STU00766,EE303,5,69,53,76.81
STU00766,EE304,6,56,44,78.57
STU00767,EE304,1,55,45,81.82
STU00767,EE302,2,60,40,66.67
STU00767,EE301,3,65,48,73.85
STU00767,EE301,4,64,57,89.06
STU00767,EE304,5,55,40,72.73
STU00768,IT303,1,66,50,75.76
STU00768,IT303,2,66,47,71.21
STU00768,IT302,3,63,41,65.08
STU00768,IT304,4,56,34,60.71
STU00768,IT303,5,69,53,76.81
STU00769,ME302,1,61,44,-1.0
STU00769,ME305,2,65,47,72.31
STU00769,ME304,3,66,52,78.79
STU00769,ME302,4,70,45,64.29
STU00770,CE303,1,66,63,95.45
STU00770,CE305,2,62,48,77.42
STU00771,EC303,1,58,43,74.14
STU00771,EC301,2,67,51,76.12
STU00771,EC303,3,70,61,87.14
STU00771,EC302,4,67,66,98.51
STU00772,EE303,1,70,46,65.71
STU00772,EE303,2,65,52,80.0
STU00772,EE304,3,66,42,63.64
STU00773,EE302,1,65,63,96.92
STU00773,EE301,2,58,52,89.66
STU00773,EE302,3,64,49,76.56
STU00774,CS305,1,64,59,92.19
STU00774,CS305,2,60,56,93.33
STU00774,CS304,3,57,47,82.46
STU00774,CS302,4,57,42,73.68
STU00774,CS301,5,67,60,89.55
STU00774,CS303,6,59,49,83.05
STU00775,EC305,1,66,66,100.0
STU00775,EC304,2,59,57,96.61
STU00775,EC304,3,58,52,89.66
STU00775,EC303,4,57,57,100.0
STU00776,EC302,1,69,57,82.61
STU00776,EC301,2,62,49,79.03
STU00776,EC305,3,59,46,77.97
STU00776,EC303,4,55,40,72.73
STU00777,CS302,1,62,43,69.35
STU00777,CS302,2,62,44,70.97
STU00777,CS304,3,61,30,49.18
STU00777,CS302,4,55,44,80.0
STU00777,CS303,5,62,43,69.35
STU00778,EC305,1,70,39,55.71
STU00778,EC304,2,68,43,63.24
STU00779,IT305,1,61,43,70.49
STU00779,IT304,2,60,41,68.33
STU00779,IT305,3,67,40,59.7
STU00779,IT305,4,67,47,70.15
STU00779,IT303,5,66,55,83.33
STU00779,IT303,6,68,46,67.65
STU00780,IT303,1,62,52,83.87
STU00780,IT303,2,66,55,83.33
STU00780,IT301,3,59,46,77.97
STU00780,IT303,4,62,62,100.0
STU00781,CS305,1,59,43,72.88
STU00781,CS301,2,70,55,78.57
STU00781,CS305,3,65,47,72.31
STU00781,CS301,4,62,39,62.9
STU00781,CS303,5,62,41,66.13
STU00781,CS304,6,63,51,80.95
STU00782,IT301,1,69,56,81.16
STU00782,IT305,2,69,58,84.06
STU00782,IT304,3,68,50,73.53
STU00782,IT301,4,60,43,71.67
STU00782,IT301,5,69,44,63.77
STU00782,IT305,6,56,46,82.14
STU00783,IT304,1,59,43,72.88
STU00783,IT301,2,66,54,81.82
STU00783,IT301,3,63,46,73.02
STU00783,IT305,4,63,50,79.37
STU00784,EE305,1,70,46,65.71
STU00784,EE304,2,59,31,52.54
STU00785,EE302,1,69,62,89.86
STU00785,EE303,2,64,56,87.5
STU00785,EE303,3,62,51,82.26
STU00785,EE305,4,68,51,75.0
STU00785,EE302,5,65,57,87.69
STU00786,ME305,1,56,48,85.71
STU00786,ME303,2,58,46,79.31
STU00787,CS305,1,57,46,80.7
STU00787,CS305,2,68,56,82.35
STU00788,CS302,1,62,53,85.48
STU00788,CS305,2,60,48,80.0
STU00788,CS302,3,55,45,81.82
STU00789,CE301,1,65,49,75.38
STU00789,CE301,2,58,45,77.59
STU00789,CE304,3,67,50,74.63
STU00789,CE304,4,67,38,56.72
STU00789,CE304,5,59,45,76.27
STU00790,EC302,1,58,41,70.69
STU00790,EC303,2,66,45,68.18
STU00790,EC302,3,68,45,66.18
STU00790,EC303,4,70,51,72.86
STU00791,IT302,1,63,54,85.71
STU00791,IT304,2,61,43,70.49
STU00792,CE303,1,57,38,66.67
STU00792,CE303,2,69,45,65.22
STU00792,CE301,3,63,48,76.19
STU00793,ME305,1,56,56,100.0
STU00793,ME305,2,56,44,78.57
STU00794,EE301,1,60,40,66.67
STU00794,EE301,2,55,34,61.82
STU00794,EE301,3,65,56,86.15
STU00794,EE304,4,64,45,70.31
STU00795,EE305,1,66,51,77.27
STU00795,EE301,2,60,36,60.0
STU00796,IT305,1,70,48,68.57
STU00796,IT302,2,61,37,60.66
STU00796,IT303,3,58,34,58.62
STU00797,EC305,1,66,52,78.79
STU00797,EC305,2,60,48,80.0
STU00797,EC304,3,60,45,75.0
STU00798,EC302,1,69,59,85.51
STU00798,EC301,2,56,43,76.79
STU00798,EC305,3,58,48,82.76
STU00798,EC303,4,64,49,76.56
STU00798,EC301,5,66,45,68.18
STU00798,EC302,6,60,48,80.0
STU00799,CE304,1,61,42,68.85
STU00799,CE305,2,59,51,86.44
STU00800,EE303,1,69,49,71.01
STU00800,EE305,2,67,52,77.61
STU00800,EE304,3,58,46,79.31
STU00800,EE305,4,57,44,77.19
STU00800,EE303,5,62,48,77.42
STU00800,EE303,6,59,41,69.49
STU00801,EC304,1,61,50,81.97
STU00801,EC304,2,56,50,89.29
STU00801,EC303,3,56,51,91.07
STU00802,IT305,1,58,50,86.21
STU00802,IT305,2,57,49,85.96
STU00802,IT303,3,67,55,82.09
STU00802,IT305,4,61,53,86.89
STU00802,IT303,5,65,65,100.0
STU00803,EC304,1,61,46,75.41
STU00803,EC303,2,68,56,82.35
STU00803,EC304,3,68,52,76.47
STU00804,CE301,1,70,58,82.86
STU00804,CE301,2,70,55,78.57
STU00804,CE301,3,65,56,86.15
STU00804,CE305,4,70,61,87.14
STU00804,CE305,5,67,44,65.67
STU00805,CS304,1,64,42,65.62
STU00805,CS301,2,56,48,85.71
STU00805,CS302,3,57,56,98.25
STU00805,CS303,4,60,50,83.33
STU00806,EC301,1,55,53,96.36
STU00806,EC301,2,64,57,89.06
STU00806,EC304,3,61,46,75.41
STU00806,EC303,4,56,46,82.14
STU00807,EC305,1,60,54,90.0
STU00807,EC305,2,66,61,92.42
STU00807,EC301,3,61,60,98.36
STU00807,EC301,4,69,66,95.65
STU00807,EC302,5,62,57,91.94
STU00808,ME301,1,61,37,60.66
STU00808,ME304,2,61,42,68.85
STU00808,ME305,3,55,29,52.73
STU00808,ME301,4,67,72,61.19
STU00809,EE301,1,64,49,76.56
STU00809,EE301,2,62,51,82.26
STU00809,EE303,3,60,52,86.67
STU00810,ME302,1,66,46,69.7
STU00810,ME304,2,56,41,73.21
STU00810,ME302,3,59,44,74.58
STU00810,ME305,4,62,55,88.71
STU00810,ME305,5,63,44,69.84
STU00811,CE305,1,64,52,81.25
STU00811,CE302,2,63,36,57.14
STU00811,CE304,3,55,31,56.36
STU00811,CE304,4,68,40,58.82
STU00811,CE304,5,63,54,85.71
STU00812,EE304,1,63,42,66.67
STU00812,EE305,2,55,37,67.27
STU00812,EE304,3,56,42,75.0
STU00813,EE302,1,62,46,74.19
STU00813,EE301,2,58,40,68.97
STU00813,EE301,3,60,50,83.33
STU00813,EE304,4,57,36,63.16
STU00813,EE302,5,65,46,70.77
STU00814,CS303,1,67,52,77.61
STU00814,CS303,2,64,43,67.19
STU00814,CS303,3,63,46,73.02
STU00815,EC301,1,67,58,86.57
STU00815,EC302,2,57,44,77.19
STU00816,ME304,1,61,43,70.49
STU00816,ME302,2,56,34,60.71
STU00816,ME304,3,70,48,68.57
STU00816,ME301,4,58,43,74.14
STU00816,ME302,5,56,35,62.5
STU00816,ME304,6,60,43,71.67
STU00817,EC301,1,62,60,96.77
STU00817,EC304,2,66,66,100.0
STU00818,IT302,1,69,69,100.0
STU00818,IT305,2,56,56,100.0
STU00818,IT305,3,61,57,93.44
STU00818,IT302,4,65,60,92.31
STU00818,IT301,5,55,50,90.91
STU00819,IT303,1,63,51,80.95
STU00819,IT302,2,66,61,92.42
STU00819,IT304,3,61,53,86.89
STU00820,EC304,1,67,65,97.01
STU00820,EC302,2,64,58,90.62
STU00821,CS301,1,62,45,72.58
STU00821,CS302,2,61,42,68.85
STU00821,CS303,3,69,40,57.97
STU00821,CS301,4,69,53,76.81
STU00821,CS301,5,62,44,70.97
STU00821,CS305,6,64,46,71.88
STU00822,CE302,1,59,48,81.36
STU00822,CE305,2,65,38,58.46
STU00822,CE301,3,58,42,72.41
STU00822,CE301,4,68,48,70.59
STU00822,CE305,5,55,37,67.27
STU00822,CE305,6,60,38,63.33
STU00823,ME303,1,56,42,75.0
STU00823,ME302,2,58,41,70.69
STU00823,ME302,3,55,38,69.09
STU00823,ME304,4,55,41,74.55
STU00824,ME301,1,67,58,86.57
STU00824,ME305,2,58,52,89.66
STU00824,ME302,3,56,50,89.29
STU00824,ME305,4,57,50,87.72
STU00824,ME301,5,70,61,87.14
STU00824,ME305,6,67,67,100.0
STU00825,EC305,1,67,49,73.13
STU00825,EC304,2,62,46,74.19
STU00825,EC304,3,63,29,46.03
STU00825,EC303,4,69,47,68.12
STU00826,CE302,1,69,60,86.96
STU00826,CE305,2,66,55,83.33
STU00826,CE302,3,59,52,88.14
STU00826,CE303,4,60,53,88.33
STU00826,CE304,5,63,45,71.43
STU00827,ME303,1,55,54,98.18
STU00827,ME304,2,64,61,95.31
STU00827,ME302,3,56,51,91.07
STU00828,IT304,1,62,39,62.9
STU00828,IT304,2,59,43,72.88
STU00828,IT303,3,61,38,62.3
STU00828,IT304,4,68,54,79.41
STU00828,IT304,5,69,56,81.16
STU00829,IT304,1,67,54,80.6
STU00829,IT304,2,66,57,86.36
STU00829,IT303,3,65,46,70.77
STU00829,IT304,4,59,41,69.49
STU00829,IT305,5,61,47,77.05
STU00830,CE302,1,61,42,68.85
STU00830,CE305,2,61,45,73.77
STU00830,CE305,3,66,39,59.09
STU00831,CE305,1,68,53,77.94
STU00831,CE303,2,64,60,93.75
STU00831,CE302,3,67,57,85.07
STU00831,CE302,4,70,64,91.43
STU00831,CE301,5,69,59,85.51
STU00832,CE305,1,68,52,76.47
STU00832,CE301,2,61,52,85.25
STU00832,CE302,3,65,56,86.15
STU00832,CE305,4,60,49,81.67
STU00833,CE305,1,68,47,69.12
STU00833,CE302,2,69,60,86.96
STU00833,CE301,3,61,52,85.25
STU00833,CE304,4,60,37,61.67
STU00833,CE303,5,59,39,66.1
STU00834,ME305,1,61,49,80.33
STU00834,ME302,2,68,49,72.06
STU00834,ME303,3,69,55,79.71
STU00834,ME302,4,59,44,74.58
STU00834,ME304,5,65,55,84.62
STU00835,EE305,1,56,36,64.29
STU00835,EE301,2,57,45,78.95
STU00835,EE301,3,55,46,83.64
STU00835,EE301,4,56,45,80.36
STU00835,EE303,5,57,38,66.67
STU00835,EE303,6,66,47,71.21
STU00836,ME302,1,61,50,81.97
STU00836,ME303,2,57,36,63.16
STU00836,ME303,3,65,47,72.31
STU00837,CS304,1,70,51,72.86
STU00837,CS303,2,60,41,68.33
STU00837,CS303,3,64,44,68.75
STU00837,CS301,4,60,33,55.0
STU00837,CS302,5,60,46,76.67
STU00837,CS304,6,58,46,79.31
STU00838,EC305,1,68,51,75.0
STU00838,EC302,2,70,49,70.0
STU00838,EC303,3,62,50,80.65
STU00838,EC301,4,59,39,66.1
STU00838,EC304,5,58,52,89.66
STU00838,EC301,6,59,39,66.1
STU00839,CS304,1,67,50,74.63
STU00839,CS304,2,60,44,73.33
STU00839,CS301,3,66,57,86.36
STU00839,CS304,4,60,39,65.0
STU00839,CS304,5,55,45,81.82
STU00840,EE305,1,66,50,75.76
STU00840,EE303,2,57,44,77.19
STU00840,EE303,3,57,43,75.44
STU00840,EE302,4,59,43,72.88
STU00840,EE305,5,64,58,90.62
STU00841,CE302,1,58,50,86.21
STU00841,CE302,2,65,42,64.62
STU00841,CE303,3,57,32,56.14
STU00841,CE303,4,70,53,75.71
STU00841,CE301,5,68,55,80.88
STU00842,EC303,1,63,56,88.89
STU00842,EC302,2,63,56,88.89
STU00842,EC305,3,55,53,96.36
STU00843,EE303,1,60,45,75.0
STU00843,EE301,2,62,52,83.87
STU00843,EE303,3,63,42,66.67
STU00843,EE304,4,68,41,60.29
STU00843,EE303,5,56,27,48.21
STU00844,CS304,1,57,38,66.67
STU00844,CS303,2,56,47,83.93
STU00844,CS302,3,55,40,72.73
STU00844,CS305,4,55,41,74.55
STU00845,IT304,1,61,44,72.13
STU00845,IT304,2,67,52,77.61
STU00845,IT304,3,56,29,51.79
STU00845,IT303,4,67,47,70.15
STU00846,EE303,1,68,56,82.35
STU00846,EE304,2,65,65,100.0
STU00846,EE302,3,66,55,83.33
STU00846,EE303,4,61,60,98.36
STU00847,CE303,1,63,50,79.37
STU00847,CE301,2,69,43,62.32
STU00847,CE301,3,65,55,84.62
STU00847,CE305,4,58,49,84.48
STU00847,CE301,5,59,38,64.41
STU00848,CS302,1,57,54,94.74
STU00848,CS302,2,66,57,86.36
STU00849,IT302,1,62,46,74.19
STU00849,IT301,2,57,43,75.44
STU00850,EE301,1,65,40,61.54
STU00850,EE305,2,57,37,64.91
STU00851,ME305,1,69,56,81.16
STU00851,ME303,2,58,53,91.38
STU00851,ME305,3,58,58,100.0
STU00852,ME302,1,61,61,100.0
STU00852,ME301,2,60,53,88.33
STU00853,CS301,1,55,44,80.0
STU00853,CS304,2,62,52,83.87
STU00854,EE301,1,57,37,64.91
STU00854,EE304,2,65,48,73.85
STU00854,EE305,3,61,40,65.57
STU00855,ME302,1,70,67,95.71
STU00855,ME305,2,60,43,71.67
STU00855,ME304,3,64,56,87.5
STU00855,ME305,4,56,43,76.79
STU00855,ME304,5,60,55,91.67
STU00856,IT301,1,57,48,84.21
STU00856,IT302,2,61,47,77.05
STU00856,IT303,3,59,50,84.75
STU00856,IT305,4,61,45,73.77
STU00856,IT301,5,57,44,77.19
STU00856,IT302,6,60,45,75.0
STU00857,CE302,1,60,38,63.33
STU00857,CE304,2,64,41,64.06
STU00857,CE305,3,68,48,70.59
STU00857,CE305,4,64,53,82.81
STU00858,IT304,1,63,41,65.08
STU00858,IT303,2,62,40,64.52
STU00858,IT305,3,55,36,65.45
STU00859,CE303,1,60,46,76.67
STU00859,CE301,2,56,48,85.71
STU00859,CE301,3,70,60,85.71
STU00859,CE303,4,56,44,78.57
STU00860,EE304,1,57,43,75.44
STU00860,EE304,2,55,50,90.91
STU00860,EE301,3,65,52,80.0
STU00860,EE305,4,66,59,89.39
STU00860,EE305,5,57,45,78.95
STU00860,EE305,6,63,51,80.95
STU00861,EC304,1,66,42,63.64
STU00861,EC304,2,66,42,63.64
STU00861,EC304,3,64,46,71.88
STU00861,EC304,4,65,39,60.0
STU00862,EC302,1,62,50,80.65
STU00862,EC305,2,60,46,76.67
STU00862,EC301,3,66,48,72.73
STU00862,EC304,4,69,43,62.32
STU00862,EC304,5,65,40,61.54
STU00862,EC304,6,69,48,69.57
STU00863,EE304,1,59,41,69.49
STU00863,EE302,2,67,49,73.13
STU00863,EE304,3,55,41,74.55
STU00863,EE302,4,65,40,61.54
STU00863,EE304,5,59,41,69.49
STU00864,EC303,1,55,45,81.82
STU00864,EC304,2,60,42,70.0
STU00864,EC302,3,60,43,71.67
STU00864,EC302,4,58,38,65.52
STU00864,EC301,5,67,50,74.63
STU00865,ME302,1,63,45,71.43
STU00865,ME303,2,61,45,73.77
STU00865,ME301,3,70,45,64.29
STU00865,ME304,4,60,34,56.67
STU00865,ME303,5,63,40,63.49
STU00866,CS302,1,70,52,74.29
STU00866,CS305,2,70,55,78.57
STU00866,CS304,3,68,53,77.94
STU00867,EC304,1,56,49,87.5
STU00867,EC303,2,58,50,86.21
STU00867,EC301,3,65,63,96.92
STU00868,CE305,1,64,55,85.94
STU00868,CE302,2,62,49,79.03
STU00868,CE305,3,70,48,68.57
STU00868,CE302,4,68,50,73.53
STU00868,CE304,5,55,45,81.82
STU00869,EE302,1,65,41,63.08
STU00869,EE303,2,68,47,69.12
STU00869,EE305,3,58,43,74.14
STU00869,EE305,4,59,38,64.41
STU00870,EE303,1,65,56,86.15
STU00870,EE303,2,59,46,77.97
STU00870,EE303,3,70,50,71.43
STU00870,EE301,4,55,42,76.36
STU00870,EE304,5,66,53,80.3
STU00870,EE304,6,62,59,95.16
STU00871,EE303,1,62,53,85.48
STU00871,EE303,2,70,60,85.71
STU00871,EE303,3,65,65,100.0
STU00872,ME303,1,61,45,73.77
STU00872,ME302,2,65,58,89.23
STU00872,ME305,3,62,51,82.26
STU00872,ME305,4,62,53,85.48
STU00872,ME302,5,70,63,90.0
STU00872,ME305,6,70,68,97.14
STU00873,ME303,1,58,63,100.0
STU00873,ME304,2,59,52,88.14
STU00874,EC303,1,57,42,73.68
STU00874,EC305,2,70,54,77.14
STU00874,EC304,3,63,51,80.95
STU00874,EC301,4,69,52,75.36
STU00874,EC304,5,61,48,78.69
STU00874,EC303,6,59,42,71.19
STU00875,EE301,1,70,42,60.0
STU00875,EE302,2,62,33,53.23
STU00875,EE301,3,65,45,69.23
STU00875,EE303,4,70,44,62.86
STU00876,CS302,1,63,43,68.25
STU00876,CS303,2,70,45,64.29
STU00876,CS303,3,61,40,65.57
STU00876,CS302,4,58,44,75.86
STU00876,CS303,5,56,43,76.79
STU00876,CS302,6,64,49,76.56
STU00877,EE304,1,68,53,77.94
STU00877,EE301,2,64,40,62.5
STU00877,EE303,3,61,48,78.69
STU00878,CE303,1,55,43,78.18
STU00878,CE301,2,68,49,72.06
STU00878,CE301,3,66,45,68.18
STU00879,ME302,1,69,57,82.61
STU00879,ME304,2,60,50,83.33
STU00879,ME305,3,69,59,85.51
STU00879,ME303,4,58,53,91.38
STU00879,ME303,5,69,59,85.51
STU00880,IT302,1,69,48,69.57
STU00880,IT303,2,60,47,78.33
STU00880,IT305,3,59,45,76.27
STU00880,IT303,4,55,43,78.18
STU00881,ME301,1,65,49,75.38
STU00881,ME305,2,70,60,85.71
STU00882,CS302,1,65,47,72.31
STU00882,CS304,2,55,42,76.36
STU00882,CS304,3,65,44,67.69
STU00882,CS304,4,60,48,80.0
STU00883,CE305,1,56,47,83.93
STU00883,CE303,2,65,65,100.0
STU00883,CE305,3,56,53,94.64
STU00883,CE305,4,56,47,83.93
STU00884,CS304,1,57,43,75.44
STU00884,CS301,2,59,54,91.53
STU00884,CS302,3,58,50,86.21
STU00885,EE302,1,62,48,77.42
STU00885,EE301,2,66,57,86.36
STU00885,EE303,3,65,33,50.77
STU00885,EE301,4,68,48,70.59
STU00885,EE303,5,57,43,75.44
STU00885,EE304,6,67,61,91.04
STU00886,IT301,1,68,48,70.59
STU00886,IT304,2,59,37,62.71
STU00886,IT305,3,57,32,56.14
STU00886,IT302,4,69,40,57.97
STU00886,IT302,5,58,42,72.41
STU00886,IT303,6,62,39,62.9
STU00887,CS301,1,55,40,72.73
STU00887,CS301,2,62,46,74.19
STU00887,CS304,3,56,38,67.86
STU00888,EC302,1,62,54,87.1
STU00888,EC302,2,59,40,67.8
STU00889,EE303,1,65,43,66.15
STU00889,EE304,2,67,42,62.69
STU00889,EE301,3,64,40,62.5
STU00889,EE304,4,55,46,83.64
STU00889,EE304,5,57,42,73.68
STU00889,EE301,6,61,42,68.85
STU00890,CS301,1,61,51,83.61
STU00890,CS302,2,70,53,75.71
STU00890,CS301,3,66,52,78.79
STU00890,CS301,4,66,50,75.76
STU00890,CS305,5,60,51,85.0
STU00890,CS304,6,61,50,81.97
STU00891,EC305,1,55,44,80.0
STU00891,EC305,2,64,51,79.69
STU00891,EC303,3,66,51,77.27
STU00892,ME304,1,60,47,78.33
STU00892,ME302,2,63,47,74.6
STU00892,ME303,3,61,50,81.97
STU00892,ME303,4,63,68,85.71
STU00892,ME304,5,58,49,84.48
STU00892,ME303,6,69,48,69.57
STU00893,IT304,1,67,60,89.55
STU00893,IT302,2,60,53,88.33
STU00894,CS301,1,67,54,80.6
STU00894,CS301,2,61,43,70.49
STU00895,IT305,1,64,44,68.75
STU00895,IT302,2,64,41,64.06
STU00895,IT303,3,69,46,66.67
STU00896,EE302,1,63,47,74.6
STU00896,EE302,2,55,40,72.73
STU00897,CS301,1,61,44,72.13
STU00897,CS302,2,65,42,64.62
STU00897,CS302,3,70,51,72.86
STU00897,CS304,4,65,49,75.38
STU00898,EE304,1,60,51,85.0
STU00898,EE304,2,70,55,78.57
STU00898,EE305,3,64,51,79.69
STU00898,EE302,4,57,62,77.19
STU00898,EE305,5,58,45,77.59
STU00899,ME301,1,56,56,100.0
STU00899,ME301,2,63,58,92.06
STU00900,EE303,1,69,59,85.51
STU00900,EE304,2,60,43,71.67
STU00901,CE301,1,66,59,89.39
STU00901,CE302,2,61,46,75.41
STU00902,EE303,1,57,48,84.21
STU00902,EE303,2,68,58,85.29
STU00902,EE301,3,64,52,81.25
STU00902,EE301,4,58,40,68.97
STU00902,EE303,5,59,41,69.49
STU00903,ME304,1,61,52,85.25
STU00903,ME301,2,55,51,92.73
STU00903,ME304,3,60,58,96.67
STU00903,ME301,4,58,43,74.14
STU00904,CS302,1,69,53,76.81
STU00904,CS305,2,63,53,84.13
STU00905,CS301,1,70,41,58.57
STU00905,CS301,2,59,33,55.93
STU00905,CS302,3,57,48,84.21
STU00905,CS304,4,67,44,65.67
STU00906,ME301,1,70,56,80.0
STU00906,ME304,2,69,52,75.36
STU00907,IT302,1,55,52,94.55
STU00907,IT305,2,56,48,85.71
STU00907,IT301,3,63,53,84.13
STU00907,IT303,4,70,67,95.71
STU00907,IT302,5,63,50,79.37
STU00908,CE303,1,61,55,90.16
STU00908,CE302,2,69,68,98.55
STU00909,IT301,1,68,47,69.12
STU00909,IT305,2,70,48,68.57
STU00910,CS301,1,64,40,62.5
STU00910,CS303,2,57,40,70.18
STU00910,CS305,3,66,54,81.82
STU00911,CE304,1,60,44,73.33
STU00911,CE303,2,66,49,74.24
STU00911,CE305,3,59,46,77.97
STU00911,CE303,4,66,50,75.76
STU00911,CE304,5,60,49,81.67
STU00912,EE304,1,66,42,63.64
STU00912,EE304,2,66,50,75.76
STU00912,EE303,3,59,44,74.58
STU00912,EE304,4,68,52,76.47
STU00912,EE303,5,68,37,54.41
STU00912,EE301,6,63,42,66.67
STU00913,IT303,1,66,57,86.36
STU00913,IT304,2,69,50,72.46
STU00913,IT305,3,60,54,90.0
STU00914,CS303,1,59,43,72.88
STU00914,CS305,2,65,45,69.23
STU00915,EC302,1,59,33,55.93
STU00915,EC302,2,67,40,59.7
STU00915,EC301,3,68,47,69.12
STU00915,EC301,4,56,30,53.57
STU00915,EC305,5,58,45,77.59
STU00915,EC305,6,55,35,63.64
STU00916,CS305,1,60,42,70.0
STU00916,CS302,2,65,41,63.08
STU00916,CS304,3,58,37,63.79
STU00916,CS303,4,66,42,63.64
STU00917,ME304,1,67,53,79.1
STU00917,ME302,2,66,56,84.85
STU00917,ME304,3,58,46,79.31
STU00917,ME302,4,69,57,82.61
STU00917,ME302,5,61,49,80.33
STU00917,ME301,6,58,42,72.41
STU00918,EC302,1,57,48,84.21
STU00918,EC303,2,62,56,90.32
STU00918,EC304,3,64,55,85.94
STU00918,EC302,4,58,51,87.93
STU00918,EC302,5,55,49,89.09
STU00919,IT301,1,64,61,95.31
STU00919,IT301,2,61,52,85.25
STU00920,ME301,1,57,47,82.46
STU00920,ME303,2,69,43,62.32
STU00920,ME301,3,68,48,70.59
STU00921,ME304,1,55,50,90.91
STU00921,ME305,2,64,51,79.69
STU00921,ME303,3,67,52,77.61
STU00921,ME303,4,61,45,73.77
STU00922,ME304,1,70,50,71.43
STU00922,ME305,2,56,41,73.21
STU00922,ME304,3,56,49,87.5
STU00922,ME304,4,65,47,72.31
STU00923,IT301,1,63,58,92.06
STU00923,IT304,2,67,59,88.06
STU00923,IT305,3,58,49,84.48
STU00923,IT304,4,66,48,72.73
STU00924,EC301,1,67,42,62.69
STU00924,EC301,2,70,47,67.14
STU00924,EC301,3,70,44,62.86
STU00924,EC303,4,57,34,59.65
STU00924,EC301,5,62,35,56.45
STU00925,EE304,1,67,59,88.06
STU00925,EE303,2,62,50,80.65
STU00926,CS304,1,56,51,91.07
STU00926,CS303,2,64,62,96.88
STU00926,CS305,3,69,63,91.3
STU00926,CS302,4,68,53,77.94
STU00926,CS301,5,55,47,85.45
STU00926,CS302,6,55,52,94.55
STU00927,CS304,1,57,47,82.46
STU00927,CS305,2,60,41,68.33
STU00927,CS304,3,63,47,74.6
STU00927,CS305,4,67,53,79.1
STU00927,CS305,5,56,52,92.86
STU00927,CS303,6,58,42,72.41
STU00928,IT304,1,60,43,71.67
STU00928,IT304,2,64,40,62.5
STU00928,IT302,3,56,36,64.29
STU00928,IT303,4,65,47,72.31
STU00928,IT304,5,58,40,68.97
STU00928,IT302,6,57,46,80.7
STU00929,EE304,1,70,45,64.29
STU00929,EE302,2,55,46,83.64
STU00929,EE304,3,60,49,81.67
STU00930,ME301,1,64,50,78.12
STU00930,ME302,2,62,49,79.03
STU00930,ME303,3,70,59,84.29
STU00930,ME302,4,69,63,91.3
STU00930,ME301,5,58,53,91.38
STU00931,CS302,1,59,49,-1.0
STU00931,CS305,2,55,50,90.91
STU00931,CS304,3,70,51,72.86
STU00932,EE304,1,55,34,61.82
STU00932,EE305,2,66,52,78.79
STU00932,EE305,3,58,34,58.62
STU00932,EE304,4,70,47,67.14
STU00933,EC303,1,68,53,77.94
STU00933,EC305,2,68,59,86.76
STU00934,CE301,1,57,40,70.18
STU00934,CE303,2,66,51,77.27
STU00935,CS304,1,62,46,74.19
STU00935,CS302,2,58,46,79.31
STU00935,CS301,3,60,46,76.67
STU00935,CS301,4,60,48,80.0
STU00935,CS302,5,69,55,79.71
STU00936,EE303,1,63,53,84.13
STU00936,EE304,2,57,49,85.96
STU00936,EE302,3,68,59,86.76
STU00936,EE301,4,56,54,96.43
STU00936,EE302,5,61,55,90.16
STU00936,EE302,6,64,55,85.94
STU00937,EE304,1,55,35,63.64
STU00937,EE303,2,56,44,78.57
STU00937,EE305,3,55,41,74.55
STU00938,EE305,1,63,55,87.3
STU00938,EE305,2,55,51,92.73
STU00939,EC302,1,65,48,73.85
STU00939,EC302,2,70,54,77.14
STU00939,EC302,3,61,49,80.33
STU00939,EC304,4,70,52,74.29
STU00940,IT302,1,58,55,94.83
STU00940,IT302,2,67,67,100.0
STU00940,IT305,3,57,54,94.74
STU00940,IT302,4,59,49,83.05
STU00940,IT305,5,59,49,83.05
STU00941,ME304,1,57,44,77.19
STU00941,ME305,2,60,39,65.0
STU00942,IT304,1,66,71,71.21
STU00942,IT302,2,63,51,80.95
STU00942,IT304,3,56,46,82.14
STU00943,CE301,1,65,48,73.85
STU00943,CE304,2,55,37,67.27
STU00943,CE302,3,66,46,69.7
STU00943,CE304,4,69,47,68.12
STU00943,CE305,5,62,40,64.52
STU00944,CS304,1,68,52,76.47
STU00944,CS302,2,62,47,75.81
STU00944,CS305,3,64,53,82.81
STU00945,EE301,1,68,55,80.88
STU00945,EE305,2,55,39,70.91
STU00945,EE304,3,57,45,78.95
STU00945,EE305,4,57,41,71.93
STU00945,EE302,5,56,46,82.14
STU00946,EE303,1,67,51,76.12
STU00946,EE303,2,69,61,88.41
STU00946,EE303,3,64,44,68.75
STU00946,EE305,4,65,42,64.62
STU00947,CS304,1,70,55,78.57
STU00947,CS304,2,59,49,83.05
STU00947,CS304,3,65,54,83.08
STU00947,CS301,4,70,46,65.71
STU00948,EC305,1,57,39,68.42
STU00948,EC303,2,63,38,60.32
STU00948,EC303,3,64,50,78.12
STU00948,EC305,4,62,50,80.65
STU00949,EC303,1,62,62,100.0
STU00949,EC305,2,61,49,80.33
STU00949,EC303,3,64,54,84.38
STU00949,EC302,4,65,51,78.46
STU00950,CE304,1,63,42,66.67
STU00950,CE303,2,68,38,55.88
STU00950,CE302,3,59,46,77.97
STU00950,CE303,4,61,40,65.57
STU00950,CE303,5,65,45,69.23
STU00950,CE302,6,69,50,72.46
STU00951,CE305,1,60,45,75.0
STU00951,CE301,2,64,55,85.94
STU00951,CE302,3,61,48,78.69
STU00951,CE305,4,65,49,75.38
STU00951,CE302,5,70,41,58.57
STU00951,CE303,6,62,40,64.52
STU00952,EC304,1,63,52,82.54
STU00952,EC305,2,69,52,75.36
STU00952,EC305,3,65,48,73.85
STU00952,EC302,4,63,55,87.3
STU00952,EC305,5,57,50,87.72
STU00953,EE301,1,67,63,94.03
STU00953,EE305,2,67,48,71.64
STU00953,EE301,3,57,55,96.49
STU00953,EE302,4,63,53,84.13
STU00954,IT304,1,63,45,71.43
STU00954,IT305,2,68,54,79.41
STU00954,IT302,3,63,45,71.43
STU00954,IT301,4,68,44,64.71
STU00954,IT304,5,58,44,75.86
STU00955,IT304,1,67,36,53.73
STU00955,IT303,2,58,39,67.24
STU00955,IT302,3,60,34,56.67
STU00955,IT301,4,66,51,77.27
STU00955,IT301,5,56,40,71.43
STU00956,EC303,1,58,37,63.79
STU00956,EC305,2,63,45,71.43
STU00957,EC301,1,68,45,66.18
STU00957,EC302,2,56,36,64.29
STU00957,EC305,3,56,44,78.57
STU00958,CE301,1,65,50,76.92
STU00958,CE305,2,63,46,73.02
STU00959,EE304,1,62,42,67.74
STU00959,EE302,2,62,44,70.97
STU00959,EE305,3,63,37,58.73
STU00959,EE305,4,66,46,69.7
STU00960,EC302,1,55,37,67.27
STU00960,EC305,2,65,45,69.23
STU00960,EC302,3,60,41,68.33
STU00961,EC302,1,55,37,67.27
STU00961,EC302,2,57,34,59.65
STU00961,EC305,3,63,41,65.08
STU00961,EC304,4,58,45,77.59
STU00961,EC301,5,62,42,67.74
STU00962,CS302,1,62,49,79.03
STU00962,CS304,2,60,41,68.33
STU00962,CS302,3,62,46,74.19
STU00962,CS303,4,58,44,75.86
STU00962,CS301,5,62,51,82.26
STU00963,EE304,1,67,55,82.09
STU00963,EE304,2,61,47,77.05
STU00963,EE302,3,58,40,68.97
STU00963,EE301,4,68,56,82.35
STU00964,CS304,1,59,48,81.36
STU00964,CS304,2,67,62,92.54
STU00964,CS301,3,63,48,76.19
STU00964,CS302,4,70,57,81.43
STU00964,CS304,5,65,62,95.38
STU00965,CS301,1,70,47,67.14
STU00965,CS305,2,67,53,79.1
STU00965,CS304,3,61,34,55.74
STU00965,CS303,4,59,38,64.41
STU00966,EC305,1,67,44,65.67
STU00966,EC302,2,67,52,77.61
STU00967,ME302,1,65,45,69.23
STU00967,ME303,2,67,46,68.66
STU00967,ME303,3,62,44,70.97
STU00968,EC302,1,67,67,100.0
STU00968,EC305,2,70,67,95.71
STU00968,EC301,3,62,53,85.48
STU00968,EC301,4,69,56,81.16
STU00969,CE304,1,66,61,92.42
STU00969,CE303,2,67,59,88.06
STU00970,CE304,1,68,56,82.35
STU00970,CE304,2,68,61,89.71
STU00971,EC304,1,63,52,82.54
STU00971,EC303,2,62,54,87.1
STU00972,CS303,1,63,58,92.06
STU00972,CS304,2,60,50,83.33
STU00972,CS302,3,62,52,83.87
STU00972,CS305,4,61,61,100.0
STU00973,EC304,1,66,55,83.33
STU00973,EC301,2,62,47,75.81
STU00974,ME302,1,57,52,91.23
STU00974,ME305,2,56,54,96.43
STU00975,EE301,1,63,44,69.84
STU00975,EE304,2,59,38,64.41
STU00975,EE303,3,59,42,71.19
STU00975,EE304,4,63,45,71.43
STU00976,CE302,1,68,65,95.59
STU00976,CE303,2,60,53,88.33
STU00976,CE305,3,57,45,78.95
STU00977,ME301,1,56,42,75.0
STU00977,ME305,2,60,52,86.67
STU00977,ME303,3,70,47,67.14
STU00978,ME302,1,62,56,90.32
STU00978,ME301,2,61,45,73.77
STU00978,ME305,3,57,48,84.21
STU00978,ME301,4,58,44,75.86
STU00978,ME303,5,60,51,85.0
STU00979,ME301,1,69,50,72.46
STU00979,ME305,2,66,71,62.12
STU00979,ME302,3,59,37,62.71
STU00979,ME305,4,60,46,76.67
STU00979,ME302,5,55,36,65.45
STU00979,ME303,6,60,39,65.0
STU00980,CS305,1,55,51,92.73
STU00980,CS305,2,56,48,85.71
STU00980,CS304,3,59,53,89.83
STU00980,CS302,4,56,41,73.21
STU00981,CE302,1,59,30,50.85
STU00981,CE302,2,66,46,69.7
STU00981,CE305,3,63,43,68.25
STU00981,CE304,4,62,46,74.19
STU00981,CE304,5,60,30,50.0
STU00982,EC302,1,60,46,76.67
STU00982,EC305,2,56,39,69.64
STU00983,EC304,1,59,47,79.66
STU00983,EC301,2,64,44,68.75
STU00984,CS305,1,70,59,84.29
STU00984,CS304,2,67,58,86.57
STU00984,CS305,3,69,59,85.51
STU00984,CS305,4,66,60,90.91
STU00984,CS305,5,67,67,100.0
STU00985,IT305,1,68,59,86.76
STU00985,IT302,2,70,70,100.0
STU00985,IT302,3,56,45,80.36
STU00985,IT302,4,57,49,85.96
STU00986,CS303,1,64,49,76.56
STU00986,CS301,2,68,48,70.59
STU00986,CS304,3,67,52,77.61
STU00986,CS303,4,66,48,72.73
STU00986,CS301,5,65,29,44.62
STU00986,CS304,6,61,48,78.69
STU00987,ME302,1,68,52,76.47
STU00987,ME302,2,69,52,75.36
STU00988,CS302,1,64,34,53.12
STU00988,CS304,2,62,39,62.9
STU00988,CS302,3,55,42,76.36
STU00988,CS302,4,69,40,57.97
STU00988,CS303,5,70,53,75.71
STU00988,CS304,6,69,53,76.81
STU00989,EC303,1,61,45,73.77
STU00989,EC304,2,59,48,81.36
STU00989,EC304,3,56,48,85.71
STU00989,EC302,4,59,46,77.97
STU00989,EC301,5,64,44,68.75
STU00990,CE301,1,66,59,89.39
STU00990,CE304,2,67,67,100.0
STU00990,CE304,3,57,56,98.25
STU00990,CE305,4,64,56,87.5
STU00991,IT305,1,70,61,87.14
STU00991,IT301,2,70,45,64.29
STU00991,IT301,3,66,50,75.76
STU00991,IT303,4,61,52,85.25
STU00992,IT305,1,60,44,73.33
STU00992,IT301,2,58,45,77.59
STU00992,IT302,3,63,54,85.71
STU00992,IT301,4,55,49,89.09
STU00993,EC302,1,66,52,78.79
STU00993,EC301,2,69,64,92.75
STU00993,EC304,3,65,59,90.77
STU00993,EC305,4,69,48,69.57
STU00993,EC303,5,65,54,83.08
STU00993,EC303,6,66,57,86.36
STU00994,ME305,1,58,46,79.31
STU00994,ME304,2,70,58,82.86
STU00995,EC305,1,56,42,75.0
STU00995,EC305,2,57,47,82.46
STU00995,EC302,3,67,52,77.61
STU00995,EC303,4,69,50,72.46
STU00995,EC303,5,59,59,100.0
STU00996,ME302,1,57,42,73.68
STU00996,ME305,2,67,52,77.61
STU00996,ME303,3,67,55,82.09
STU00997,CE301,1,56,28,50.0
STU00997,CE303,2,55,35,63.64
STU00997,CE302,3,61,42,68.85
STU00998,ME305,1,61,43,70.49
STU00998,ME304,2,59,50,84.75
STU00998,ME304,3,63,50,79.37
STU00998,ME302,4,55,42,76.36
STU00998,ME301,5,60,47,78.33
STU00999,CE303,1,70,59,84.29
STU00999,CE301,2,62,48,77.42
STU01000,ME302,1,70,60,85.71
STU01000,ME301,2,57,52,91.23
STU01000,ME304,3,65,57,87.69
STU01000,ME305,4,66,59,89.39
STU01000,ME304,5,63,52,82.54
STU01001,EE305,1,65,51,78.46
STU01001,EE303,2,59,45,76.27
STU01001,EE305,3,63,52,82.54
STU01001,EE305,4,62,53,85.48
STU01001,EE302,5,55,47,85.45
STU01001,EE304,6,70,46,65.71
STU01002,CS303,1,64,49,76.56
STU01002,CS304,2,67,52,77.61
STU01002,CS301,3,64,51,79.69
STU01002,CS303,4,58,48,82.76
STU01003,ME305,1,62,52,83.87
STU01003,ME302,2,62,51,82.26
STU01003,ME304,3,59,50,84.75
STU01004,CS305,1,66,49,74.24
STU01004,CS304,2,67,47,70.15
STU01005,ME305,1,65,54,83.08
STU01005,ME303,2,57,52,91.23
STU01005,ME302,3,60,43,71.67
STU01005,ME305,4,70,62,88.57
STU01005,ME301,5,65,54,83.08
STU01006,ME304,1,67,47,70.15
STU01006,ME304,2,59,51,86.44
STU01007,EC304,1,55,46,83.64
STU01007,EC303,2,66,58,87.88
STU01007,EC301,3,64,56,87.5
STU01007,EC302,4,70,54,77.14
STU01007,EC304,5,67,47,70.15
STU01008,IT302,1,67,51,76.12
STU01008,IT304,2,62,52,83.87
STU01008,IT303,3,62,50,80.65
STU01008,IT305,4,60,54,90.0
STU01008,IT303,5,60,49,81.67
STU01008,IT305,6,65,47,72.31
STU01009,IT304,1,57,39,68.42
STU01009,IT301,2,57,52,91.23
STU01009,IT301,3,55,46,83.64
STU01009,IT302,4,68,62,91.18
STU01009,IT304,5,57,43,75.44
STU01009,IT302,6,56,47,83.93
STU01010,CS304,1,60,55,91.67
STU01010,CS301,2,59,51,86.44
STU01011,EE303,1,66,55,83.33
STU01011,EE305,2,57,49,85.96
STU01011,EE301,3,60,38,63.33
STU01011,EE303,4,65,42,64.62
STU01012,EE301,1,57,49,85.96
STU01012,EE301,2,55,40,72.73
STU01013,CS302,1,67,43,64.18
STU01013,CS304,2,58,46,79.31
STU01013,CS303,3,64,37,57.81
STU01014,CE305,1,57,46,80.7
STU01014,CE305,2,64,49,76.56
STU01014,CE302,3,57,48,84.21
STU01014,CE304,4,63,47,74.6
STU01014,CE302,5,58,49,84.48
STU01014,CE304,6,62,42,67.74
STU01015,ME301,1,67,52,77.61
STU01015,ME303,2,60,37,61.67
STU01015,ME304,3,69,50,72.46
STU01015,ME303,4,64,43,67.19
STU01016,ME304,1,68,60,88.24
STU01016,ME302,2,64,46,71.88
STU01016,ME303,3,61,49,80.33
STU01016,ME302,4,69,55,79.71
STU01017,ME302,1,56,56,100.0
STU01017,ME301,2,56,49,87.5
STU01017,ME305,3,58,51,87.93
STU01018,IT301,1,69,62,89.86
STU01018,IT302,2,59,55,93.22
STU01018,IT301,3,64,58,90.62
STU01019,ME303,1,62,48,77.42
STU01019,ME304,2,68,49,72.06
STU01019,ME304,3,58,38,65.52
STU01019,ME305,4,64,48,75.0
STU01020,EC304,1,56,48,85.71
STU01020,EC303,2,60,47,78.33
STU01020,EC304,3,61,48,78.69
STU01021,ME301,1,56,45,80.36
STU01021,ME301,2,63,43,68.25
STU01021,ME304,3,60,45,75.0
STU01021,ME304,4,69,47,68.12
STU01022,IT303,1,69,59,85.51
STU01022,IT302,2,65,45,69.23
STU01022,IT304,3,65,49,75.38
STU01022,IT305,4,60,44,73.33
STU01022,IT301,5,60,44,73.33
STU01023,EE304,1,57,31,54.39
STU01023,EE304,2,65,35,53.85
STU01023,EE302,3,56,38,67.86
STU01023,EE302,4,62,41,66.13
STU01024,IT305,1,70,70,100.0
STU01024,IT303,2,61,61,100.0
STU01024,IT302,3,68,68,100.0
STU01024,IT301,4,55,45,81.82
STU01024,IT303,5,65,60,92.31
STU01024,IT305,6,66,65,98.48
STU01025,IT301,1,58,55,94.83
STU01025,IT304,2,61,45,73.77
STU01025,IT302,3,59,39,66.1
STU01025,IT303,4,63,47,74.6
STU01026,ME304,1,61,52,85.25
STU01026,ME304,2,56,51,91.07
STU01026,ME304,3,64,53,82.81
STU01026,ME305,4,69,66,95.65
STU01026,ME301,5,64,61,95.31
STU01026,ME303,6,55,53,96.36
STU01027,EC305,1,57,40,70.18
STU01027,EC304,2,68,58,85.29
STU01027,EC304,3,62,58,93.55
STU01027,EC303,4,62,46,74.19
STU01027,EC304,5,63,43,68.25
STU01028,CE301,1,62,57,91.94
STU01028,CE305,2,63,52,82.54
STU01028,CE304,3,63,44,69.84
STU01028,CE301,4,62,52,83.87
STU01029,ME302,1,69,50,72.46
STU01029,ME302,2,67,56,83.58
STU01030,IT304,1,56,40,71.43
STU01030,IT301,2,63,44,69.84
STU01031,ME305,1,68,44,64.71
STU01031,ME301,2,64,49,76.56
STU01031,ME305,3,56,37,66.07
STU01031,ME304,4,61,54,88.52
STU01031,ME305,5,64,44,68.75
STU01031,ME301,6,62,41,66.13
STU01032,CS305,1,65,39,60.0
STU01032,CS302,2,61,43,70.49
STU01032,CS301,3,68,54,79.41
STU01032,CS301,4,65,35,53.85
STU01032,CS302,5,70,51,72.86
STU01033,EE301,1,59,38,64.41
STU01033,EE303,2,60,42,70.0
STU01034,EE303,1,68,61,89.71
STU01034,EE302,2,68,62,91.18
STU01034,EE302,3,60,57,95.0
STU01034,EE303,4,58,52,89.66
STU01035,ME303,1,57,47,82.46
STU01035,ME301,2,59,49,83.05
STU01035,ME301,3,55,44,80.0
STU01035,ME302,4,57,44,77.19
STU01036,EC302,1,58,39,67.24
STU01036,EC304,2,65,46,70.77
STU01036,EC301,3,69,39,56.52
STU01036,EC305,4,58,39,67.24
STU01037,EE305,1,63,46,73.02
STU01037,EE301,2,66,51,77.27
STU01037,EE301,3,66,49,74.24
STU01037,EE302,4,67,47,70.15
STU01037,EE302,5,63,58,92.06
STU01038,CE305,1,57,52,91.23
STU01038,CE301,2,60,58,96.67
STU01039,IT303,1,60,36,60.0
STU01039,IT305,2,61,43,70.49
STU01039,IT304,3,66,53,80.3
STU01040,IT303,1,67,45,67.16
STU01040,IT304,2,58,45,77.59
STU01041,EE304,1,61,47,77.05
STU01041,EE302,2,61,39,63.93
STU01041,EE305,3,70,51,72.86
STU01041,EE305,4,57,45,78.95
STU01041,EE302,5,70,42,60.0
STU01041,EE305,6,69,43,62.32
STU01042,CS303,1,66,57,86.36
STU01042,CS302,2,56,49,87.5
STU01042,CS301,3,69,65,94.2
STU01042,CS302,4,55,48,87.27
STU01042,CS305,5,66,48,72.73
STU01043,EE303,1,65,59,90.77
STU01043,EE304,2,55,44,80.0
STU01044,CE304,1,57,42,73.68
STU01044,CE302,2,58,47,81.03
STU01044,CE305,3,58,45,77.59
STU01044,CE305,4,59,50,84.75
STU01045,EE304,1,65,44,67.69
STU01045,EE301,2,56,45,80.36
STU01045,EE303,3,62,37,59.68
STU01045,EE303,4,68,54,79.41
STU01045,EE303,5,56,37,66.07
STU01046,IT301,1,64,50,78.12
STU01046,IT302,2,63,60,95.24
STU01047,CE302,1,63,38,60.32
STU01047,CE303,2,68,46,67.65
STU01047,CE301,3,66,34,51.52
STU01047,CE301,4,70,41,58.57
STU01047,CE303,5,64,43,67.19
STU01048,ME301,1,55,51,92.73
STU01048,ME303,2,65,55,84.62
STU01048,ME302,3,57,49,85.96
STU01048,ME302,4,58,51,87.93
STU01048,ME303,5,58,54,93.1
STU01049,EE303,1,65,45,69.23
STU01049,EE303,2,58,37,63.79
STU01050,IT305,1,61,35,57.38
STU01050,IT305,2,57,36,63.16
STU01050,IT302,3,56,47,83.93
STU01051,ME303,1,57,46,80.7
STU01051,ME305,2,64,61,95.31
STU01051,ME305,3,64,64,100.0
STU01051,ME301,4,67,56,83.58
STU01052,ME303,1,68,59,86.76
STU01052,ME301,2,65,52,80.0
STU01053,CS301,1,59,51,86.44
STU01053,CS301,2,58,53,91.38
STU01053,CS305,3,55,51,92.73
STU01053,CS301,4,70,50,71.43
STU01054,EE304,1,66,48,72.73
STU01054,EE304,2,58,43,74.14
STU01055,CE302,1,62,51,82.26
STU01055,CE301,2,65,44,67.69
STU01055,CE302,3,60,43,71.67
STU01055,CE305,4,58,39,67.24
STU01056,IT304,1,61,41,67.21
STU01056,IT302,2,60,49,81.67
STU01057,EE302,1,68,61,89.71
STU01057,EE301,2,63,49,77.78
STU01057,EE305,3,61,50,81.97
STU01057,EE304,4,62,51,82.26
STU01057,EE301,5,68,60,88.24
STU01057,EE302,6,67,53,79.1
STU01058,CS305,1,64,69,62.5
STU01058,CS303,2,59,45,76.27
STU01058,CS304,3,68,51,75.0
STU01059,CE303,1,63,53,84.13
STU01059,CE302,2,58,52,89.66
STU01059,CE304,3,63,43,68.25
STU01059,CE305,4,70,61,87.14
STU01059,CE301,5,58,39,67.24
STU01059,CE304,6,61,42,68.85
STU01060,CE302,1,60,44,73.33
STU01060,CE305,2,58,46,79.31
STU01060,CE302,3,59,46,77.97
STU01060,CE301,4,62,45,72.58
STU01061,CS301,1,57,43,75.44
STU01061,CS304,2,59,57,96.61
STU01061,CS302,3,63,54,85.71
STU01062,CS305,1,55,35,63.64
STU01062,CS302,2,58,39,67.24
STU01063,ME304,1,58,58,100.0
STU01063,ME303,2,61,61,100.0
STU01064,CE302,1,59,53,89.83
STU01064,CE301,2,66,50,75.76
STU01064,CE303,3,68,45,66.18
STU01064,CE304,4,63,46,73.02
STU01064,CE304,5,61,43,70.49
STU01065,EE302,1,67,41,61.19
STU01065,EE303,2,61,43,70.49
STU01065,EE302,3,70,43,61.43
STU01066,CS303,1,68,48,70.59
STU01066,CS301,2,63,42,66.67
STU01066,CS301,3,68,50,73.53
STU01066,CS304,4,60,46,76.67
STU01066,CS301,5,56,38,67.86
STU01067,ME305,1,64,46,71.88
STU01067,ME302,2,68,53,77.94
STU01067,ME301,3,64,56,87.5
STU01067,ME302,4,64,54,84.38
STU01067,ME303,5,60,54,90.0
STU01068,IT301,1,70,47,67.14
STU01068,IT305,2,57,43,75.44
STU01068,IT305,3,69,47,68.12
STU01068,IT303,4,64,44,68.75
STU01068,IT302,5,69,58,84.06
STU01069,IT303,1,70,54,77.14
STU01069,IT304,2,63,55,87.3
STU01069,IT302,3,70,61,87.14
STU01070,CE304,1,59,45,76.27
STU01070,CE301,2,62,47,75.81
STU01070,CE304,3,67,55,82.09
STU01071,CE305,1,59,51,86.44
STU01071,CE301,2,63,56,88.89
STU01071,CE303,3,63,52,82.54
STU01072,EE303,1,64,42,65.62
STU01072,EE304,2,55,43,78.18
STU01073,CS305,1,58,29,50.0
STU01073,CS302,2,64,41,64.06
STU01074,EC302,1,60,55,91.67
STU01074,EC304,2,55,46,83.64
STU01074,EC302,3,55,42,76.36
STU01074,EC303,4,68,54,79.41
STU01075,EC303,1,55,41,74.55
STU01075,EC304,2,61,52,85.25
STU01075,EC302,3,58,40,68.97
STU01075,EC303,4,68,44,64.71
STU01075,EC303,5,63,47,74.6
STU01075,EC305,6,61,46,75.41
STU01076,EC305,1,66,60,90.91
STU01076,EC301,2,67,59,88.06
STU01076,EC304,3,61,40,65.57
STU01076,EC302,4,65,47,72.31
STU01076,EC301,5,65,62,95.38
STU01077,CS304,1,62,48,77.42
STU01077,CS305,2,65,48,73.85
STU01077,CS304,3,62,52,83.87
STU01077,CS304,4,55,43,78.18
STU01078,CS301,1,59,36,61.02
STU01078,CS302,2,68,53,77.94
STU01079,EE302,1,69,55,79.71
STU01079,EE304,2,57,49,85.96
STU01080,IT305,1,69,62,89.86
STU01080,IT302,2,62,51,82.26
STU01081,CE302,1,66,56,84.85
STU01081,CE301,2,56,44,78.57
STU01081,CE303,3,55,48,87.27
STU01082,EE304,1,58,43,74.14
STU01082,EE303,2,69,50,72.46
STU01082,EE302,3,57,44,77.19
STU01082,EE303,4,62,44,70.97
STU01082,EE305,5,58,36,62.07
STU01082,EE301,6,63,42,66.67
STU01083,ME305,1,62,52,83.87
STU01083,ME301,2,70,55,78.57
STU01083,ME303,3,60,36,60.0
STU01083,ME301,4,70,53,75.71
STU01083,ME302,5,68,59,86.76
STU01083,ME303,6,58,39,67.24
STU01084,ME305,1,62,49,79.03
STU01084,ME305,2,63,53,84.13
STU01085,EE304,1,66,34,51.52
STU01085,EE303,2,69,52,75.36
STU01086,ME302,1,55,44,80.0
STU01086,ME301,2,55,40,72.73
STU01086,ME303,3,61,34,55.74
STU01086,ME302,4,60,52,86.67
STU01086,ME302,5,56,42,75.0
STU01086,ME302,6,61,48,78.69
STU01087,CS302,1,59,51,86.44
STU01087,CS303,2,69,51,73.91
STU01087,CS301,3,69,60,86.96
STU01088,EE305,1,59,45,76.27
STU01088,EE301,2,58,47,81.03
STU01088,EE302,3,66,49,74.24
STU01089,CE304,1,59,37,62.71
STU01089,CE301,2,60,48,80.0
STU01089,CE304,3,67,53,79.1
STU01089,CE301,4,60,52,86.67
STU01090,EE301,1,60,47,78.33
STU01090,EE304,2,58,56,96.55
STU01090,EE301,3,60,48,80.0
STU01090,EE302,4,57,39,68.42
STU01091,EE304,1,58,47,81.03
STU01091,EE304,2,62,62,100.0
STU01091,EE302,3,63,63,100.0
STU01092,EE305,1,65,47,72.31
STU01092,EE304,2,60,41,68.33
STU01092,EE305,3,61,54,88.52
STU01092,EE304,4,68,52,76.47
STU01092,EE302,5,69,55,79.71
STU01092,EE303,6,65,58,89.23
STU01093,EC305,1,61,49,80.33
STU01093,EC301,2,61,44,72.13
STU01093,EC304,3,64,53,82.81
STU01093,EC304,4,69,65,94.2
STU01094,CS305,1,58,45,77.59
STU01094,CS302,2,56,40,71.43
STU01095,CS305,1,58,54,93.1
STU01095,CS305,2,70,58,82.86
STU01095,CS304,3,59,46,77.97
STU01096,CS305,1,60,51,85.0
STU01096,CS305,2,62,51,82.26
STU01097,ME302,1,56,33,58.93
STU01097,ME305,2,57,39,68.42
STU01097,ME302,3,57,40,70.18
STU01098,EC305,1,57,38,66.67
STU01098,EC303,2,63,39,61.9
STU01098,EC303,3,59,47,79.66
STU01098,EC302,4,56,42,75.0
STU01099,ME304,1,61,45,73.77
STU01099,ME302,2,62,49,79.03
STU01099,ME301,3,59,44,74.58
STU01099,ME305,4,69,55,79.71
STU01099,ME301,5,68,61,89.71
STU01100,CE301,1,65,63,96.92
STU01100,CE304,2,60,58,96.67
STU01100,CE303,3,65,65,100.0
STU01100,CE301,4,56,48,85.71
STU01100,CE301,5,55,55,100.0
STU01100,CE301,6,55,52,94.55
STU01101,EC303,1,60,49,81.67
STU01101,EC305,2,57,42,73.68
STU01102,CS302,1,70,41,58.57
STU01102,CS301,2,69,50,72.46
STU01103,EE303,1,56,47,83.93
STU01103,EE305,2,55,43,78.18
STU01103,EE302,3,66,48,72.73
STU01103,EE303,4,67,54,80.6
STU01103,EE301,5,64,62,96.88
STU01103,EE303,6,63,51,80.95
STU01104,CE301,1,59,38,64.41
STU01104,CE305,2,70,48,68.57
STU01104,CE303,3,70,43,61.43
STU01105,EE301,1,59,46,77.97
STU01105,EE302,2,64,50,78.12
STU01105,EE305,3,56,40,71.43
STU01105,EE303,4,67,54,80.6
STU01105,EE304,5,56,40,71.43
STU01105,EE305,6,68,58,85.29
STU01106,ME301,1,56,34,60.71
STU01106,ME305,2,56,37,66.07
STU01106,ME301,3,63,38,60.32
STU01106,ME302,4,67,45,67.16
STU01106,ME303,5,65,40,61.54
STU01107,IT303,1,63,49,77.78
STU01107,IT305,2,59,43,72.88
STU01108,CE304,1,58,41,70.69
STU01108,CE302,2,68,61,89.71
STU01108,CE302,3,63,46,73.02
STU01108,CE305,4,62,51,82.26
STU01108,CE303,5,66,59,89.39
STU01109,EE303,1,64,59,92.19
STU01109,EE302,2,67,57,85.07
STU01110,CS305,1,56,39,69.64
STU01110,CS304,2,56,36,64.29
STU01111,IT302,1,62,60,96.77
STU01111,IT304,2,69,54,78.26
STU01111,IT305,3,66,55,83.33
STU01111,IT301,4,60,52,86.67
STU01111,IT302,5,57,51,89.47
STU01112,EC303,1,56,37,66.07
STU01112,EC301,2,67,47,70.15
STU01113,EE305,1,58,52,89.66
STU01113,EE305,2,55,52,94.55
STU01113,EE303,3,63,56,88.89
STU01113,EE302,4,70,66,94.29
STU01114,EE302,1,61,47,77.05
STU01114,EE304,2,61,48,78.69
STU01114,EE305,3,57,48,84.21
STU01114,EE304,4,63,56,88.89
STU01114,EE302,5,59,52,88.14
STU01115,EC302,1,67,57,85.07
STU01115,EC305,2,64,49,76.56
STU01116,CE305,1,64,46,71.88
STU01116,CE304,2,64,53,82.81
STU01116,CE302,3,55,46,83.64
STU01117,EC304,1,59,56,94.92
STU01117,EC303,2,68,63,92.65
STU01117,EC302,3,58,56,96.55
STU01118,EE303,1,57,36,63.16
STU01118,EE304,2,56,37,66.07
STU01118,EE304,3,64,33,51.56
STU01118,EE304,4,60,33,55.0
STU01119,EE303,1,64,51,79.69
STU01119,EE301,2,60,48,80.0
STU01119,EE304,3,62,56,90.32
STU01119,EE303,4,65,57,87.69
STU01120,CE302,1,64,49,76.56
STU01120,CE302,2,55,42,76.36
STU01120,CE301,3,70,60,85.71
STU01120,CE304,4,64,55,85.94
STU01120,CE304,5,63,46,73.02
STU01120,CE303,6,55,49,89.09
STU01121,IT301,1,66,55,83.33
STU01121,IT302,2,60,52,86.67
STU01121,IT303,3,65,59,90.77
STU01122,CS304,1,56,50,89.29
STU01122,CS303,2,56,56,100.0
STU01122,CS303,3,56,47,83.93
STU01123,CE302,1,61,46,75.41
STU01123,CE302,2,61,53,86.89
STU01123,CE303,3,61,50,81.97
STU01123,CE305,4,63,59,93.65
STU01124,EC303,1,58,35,60.34
STU01124,EC304,2,62,34,54.84
STU01124,EC302,3,58,44,75.86
STU01124,EC301,4,58,45,77.59
STU01124,EC305,5,69,55,79.71
STU01124,EC305,6,69,51,73.91
STU01125,IT305,1,56,47,83.93
STU01125,IT305,2,61,50,81.97
STU01126,CE305,1,57,41,71.93
STU01126,CE302,2,70,55,78.57
STU01126,CE302,3,59,50,84.75
STU01127,CE303,1,62,46,74.19
STU01127,CE301,2,68,62,91.18
STU01127,CE301,3,57,49,85.96
STU01127,CE301,4,70,67,95.71
STU01127,CE303,5,67,52,77.61
STU01128,EC304,1,68,48,70.59
STU01128,EC305,2,55,26,47.27
STU01129,CS302,1,61,46,75.41
STU01129,CS301,2,55,50,90.91
STU01130,IT301,1,65,57,87.69
STU01130,IT304,2,58,43,74.14
STU01130,IT305,3,59,47,79.66
STU01130,IT305,4,55,41,74.55
STU01130,IT302,5,67,47,70.15
STU01130,IT303,6,70,56,80.0
STU01131,EC303,1,64,59,92.19
STU01131,EC305,2,58,46,79.31
STU01131,EC304,3,55,50,90.91
STU01131,EC305,4,61,50,81.97
STU01131,EC304,5,66,54,81.82
STU01132,EE303,1,59,43,72.88
STU01132,EE301,2,57,45,78.95
STU01132,EE303,3,57,50,87.72
STU01132,EE301,4,64,57,89.06
STU01132,EE301,5,64,50,78.12
STU01132,EE302,6,62,49,79.03
STU01133,ME305,1,70,55,78.57
STU01133,ME303,2,55,36,65.45
STU01133,ME305,3,59,38,64.41
STU01133,ME304,4,61,42,68.85
STU01133,ME302,5,60,31,51.67
STU01134,EE305,1,59,44,74.58
STU01134,EE301,2,62,45,72.58
STU01134,EE304,3,63,54,85.71
STU01135,IT303,1,68,52,76.47
STU01135,IT301,2,57,53,92.98
STU01135,IT303,3,56,41,73.21
STU01135,IT303,4,59,48,81.36
STU01136,IT305,1,68,49,72.06
STU01136,IT301,2,66,37,56.06
STU01136,IT301,3,65,43,66.15
STU01136,IT302,4,70,48,68.57
STU01136,IT304,5,68,53,77.94
STU01136,IT304,6,56,42,75.0
STU01137,IT301,1,58,38,65.52
STU01137,IT302,2,68,49,72.06
STU01137,IT301,3,56,48,85.71
STU01137,IT302,4,56,46,82.14
STU01137,IT305,5,61,44,72.13
STU01137,IT303,6,67,43,64.18
STU01138,EE305,1,57,28,49.12
STU01138,EE301,2,67,43,64.18
STU01138,EE302,3,69,40,57.97
STU01138,EE301,4,65,44,67.69
STU01138,EE302,5,58,28,48.28
STU01139,ME302,1,63,49,77.78
STU01139,ME303,2,66,52,78.79
STU01139,ME301,3,68,57,83.82
STU01140,CS305,1,60,50,83.33
STU01140,CS304,2,58,51,87.93
STU01140,CS304,3,70,60,85.71
STU01140,CS304,4,59,51,86.44
STU01140,CS305,5,61,46,75.41
STU01140,CS305,6,63,53,84.13
STU01141,CE301,1,58,49,84.48
STU01141,CE302,2,64,48,75.0
STU01141,CE305,3,55,41,74.55
STU01141,CE305,4,69,41,59.42
STU01142,EC303,1,64,54,84.38
STU01142,EC302,2,70,34,48.57
STU01142,EC305,3,59,46,77.97
STU01143,ME301,1,61,51,83.61
STU01143,ME302,2,66,61,92.42
STU01143,ME305,3,58,45,77.59
STU01143,ME301,4,58,40,68.97
STU01143,ME303,5,69,67,97.1
STU01144,CE305,1,56,51,91.07
STU01144,CE305,2,66,59,89.39
STU01145,CE305,1,57,44,77.19
STU01145,CE303,2,64,42,65.62
STU01145,CE305,3,60,49,81.67
STU01145,CE301,4,69,61,88.41
STU01145,CE303,5,60,52,86.67
STU01145,CE304,6,68,56,82.35
STU01146,ME305,1,67,63,94.03
STU01146,ME303,2,69,47,68.12
STU01146,ME301,3,64,48,75.0
STU01146,ME302,4,66,46,69.7
STU01146,ME305,5,67,46,68.66
STU01146,ME305,6,62,47,75.81
STU01147,IT303,1,58,39,67.24
STU01147,IT303,2,55,46,83.64
STU01147,IT305,3,64,48,75.0
STU01148,CE305,1,61,54,88.52
STU01148,CE302,2,61,53,86.89
STU01148,CE301,3,60,46,76.67
STU01148,CE302,4,64,48,75.0
STU01148,CE302,5,68,48,70.59
STU01148,CE304,6,56,37,66.07
STU01149,EC305,1,55,47,85.45
STU01149,EC305,2,70,67,95.71
STU01149,EC302,3,67,66,98.51
STU01149,EC301,4,69,65,94.2
STU01149,EC304,5,55,49,89.09
STU01150,EC302,1,61,48,78.69
STU01150,EC303,2,62,44,70.97
STU01150,EC305,3,62,42,67.74
STU01150,EC303,4,66,44,66.67
STU01150,EC302,5,59,45,76.27
STU01151,EE301,1,64,46,71.88
STU01151,EE301,2,66,38,57.58
STU01151,EE304,3,58,40,68.97
STU01151,EE302,4,68,48,70.59
STU01151,EE303,5,55,40,72.73
STU01151,EE305,6,59,44,74.58
STU01152,EC305,1,66,47,71.21
STU01152,EC305,2,59,48,81.36
STU01152,EC304,3,63,43,68.25
STU01152,EC301,4,67,46,68.66
STU01152,EC305,5,67,55,82.09
STU01153,CE304,1,57,37,64.91
STU01153,CE302,2,55,43,78.18
STU01153,CE305,3,70,55,78.57
STU01153,CE304,4,58,50,86.21
STU01154,EE302,1,65,38,58.46
STU01154,EE305,2,65,48,73.85
STU01154,EE301,3,63,45,71.43
STU01155,IT303,1,67,51,76.12
STU01155,IT305,2,59,39,66.1
STU01155,IT302,3,64,54,84.38
STU01156,EC303,1,56,46,82.14
STU01156,EC301,2,60,47,78.33
STU01156,EC304,3,62,53,85.48
STU01156,EC301,4,55,50,90.91
STU01156,EC305,5,68,60,88.24
STU01156,EC305,6,67,56,83.58
STU01157,EE301,1,56,39,69.64
STU01157,EE301,2,67,48,71.64
STU01157,EE305,3,61,40,65.57
STU01157,EE301,4,57,41,71.93
STU01157,EE302,5,65,55,84.62
STU01158,IT301,1,57,47,82.46
STU01158,IT304,2,56,35,62.5
STU01159,CS303,1,57,54,94.74
STU01159,CS303,2,57,43,75.44
STU01159,CS303,3,56,48,85.71
STU01159,CS304,4,68,56,82.35
STU01159,CS302,5,61,48,78.69
STU01159,CS305,6,69,60,86.96
STU01160,CE302,1,56,38,67.86
STU01160,CE303,2,62,53,85.48
STU01160,CE303,3,63,48,76.19
STU01160,CE301,4,70,53,75.71
STU01160,CE304,5,69,42,60.87
STU01161,IT303,1,67,43,64.18
STU01161,IT302,2,56,42,75.0
STU01161,IT304,3,59,33,55.93
STU01161,IT304,4,68,35,51.47
STU01161,IT302,5,59,47,79.66
STU01161,IT303,6,55,27,49.09
STU01162,EC301,1,70,53,75.71
STU01162,EC304,2,67,53,79.1
STU01162,EC301,3,60,44,73.33
STU01162,EC305,4,57,41,71.93
STU01162,EC303,5,55,41,74.55
STU01162,EC304,6,63,31,49.21
STU01163,IT302,1,61,35,57.38
STU01163,IT302,2,69,52,75.36
STU01164,EE301,1,59,45,76.27
STU01164,EE303,2,66,58,87.88
STU01164,EE302,3,61,41,67.21
STU01165,ME304,1,58,34,58.62
STU01165,ME304,2,57,43,75.44
STU01165,ME304,3,55,47,85.45
STU01165,ME302,4,60,44,73.33
STU01166,ME301,1,60,52,86.67
STU01166,ME301,2,67,62,92.54
STU01167,EE302,1,68,63,92.65
STU01167,EE302,2,65,40,61.54
STU01168,EE304,1,70,47,67.14
STU01168,EE305,2,66,53,80.3
STU01168,EE304,3,58,38,65.52
STU01169,EC302,1,69,38,55.07
STU01169,EC301,2,64,42,65.62
STU01169,EC303,3,63,41,65.08
STU01170,CS301,1,60,50,83.33
STU01170,CS305,2,65,53,81.54
STU01170,CS301,3,59,59,100.0
STU01170,CS304,4,64,50,78.12
STU01170,CS305,5,56,53,94.64
STU01170,CS301,6,68,54,79.41
STU01171,EC303,1,56,38,67.86
STU01171,EC302,2,69,55,79.71
STU01171,EC302,3,63,52,82.54
STU01171,EC301,4,67,47,70.15
STU01172,ME305,1,58,50,86.21
STU01172,ME302,2,69,42,60.87
STU01172,ME304,3,60,45,75.0
STU01172,ME302,4,57,46,80.7
STU01172,ME301,5,60,48,80.0
STU01173,CE304,1,60,57,95.0
STU01173,CE301,2,61,51,83.61
STU01174,ME305,1,68,42,61.76
STU01174,ME302,2,65,43,66.15
STU01174,ME304,3,69,46,66.67
STU01174,ME302,4,68,38,55.88
STU01175,CE305,1,62,50,80.65
STU01175,CE301,2,60,43,71.67
STU01175,CE305,3,65,62,95.38
STU01176,CS301,1,65,52,80.0
STU01176,CS302,2,69,51,73.91
STU01176,CS301,3,70,59,84.29
STU01176,CS305,4,68,58,85.29
STU01176,CS304,5,58,42,72.41
STU01177,IT304,1,56,47,83.93
STU01177,IT304,2,70,51,72.86
STU01177,IT302,3,67,46,68.66
STU01177,IT305,4,59,49,83.05
STU01177,IT301,5,66,49,74.24
STU01178,EE304,1,59,40,67.8
STU01178,EE301,2,60,44,73.33
STU01179,ME302,1,66,48,72.73
STU01179,ME303,2,60,47,78.33
STU01179,ME301,3,67,54,80.6
STU01180,EE301,1,65,42,64.62
STU01180,EE305,2,69,66,95.65
STU01180,EE301,3,63,56,88.89
STU01180,EE304,4,59,57,96.61
STU01181,CE305,1,60,50,83.33
STU01181,CE301,2,59,55,93.22
STU01182,IT305,1,67,50,74.63
STU01182,IT304,2,56,61,82.14
STU01182,IT305,3,63,51,80.95
STU01182,IT302,4,68,47,69.12
STU01183,IT305,1,64,57,89.06
STU01183,IT305,2,55,44,80.0
STU01183,IT302,3,59,50,84.75
STU01183,IT301,4,65,50,76.92
STU01183,IT301,5,62,52,83.87
STU01183,IT305,6,68,50,73.53
STU01184,EE303,1,64,43,67.19
STU01184,EE302,2,64,44,68.75
STU01184,EE305,3,65,40,61.54
STU01184,EE305,4,57,38,66.67
STU01184,EE301,5,64,44,68.75
STU01184,EE303,6,69,45,65.22
STU01185,CS305,1,69,53,76.81
STU01185,CS301,2,69,58,84.06
STU01185,CS301,3,66,49,74.24
STU01185,CS302,4,62,45,72.58
STU01185,CS305,5,67,50,74.63
STU01185,CS304,6,67,47,70.15
STU01186,CE302,1,60,49,81.67
STU01186,CE301,2,69,44,63.77
STU01186,CE303,3,67,53,79.1
STU01186,CE301,4,57,40,70.18
STU01186,CE304,5,70,52,74.29
STU01187,EC305,1,70,52,74.29
STU01187,EC304,2,59,41,69.49
STU01187,EC305,3,68,47,69.12
STU01187,EC305,4,70,52,74.29
STU01187,EC302,5,59,43,72.88
STU01187,EC303,6,61,48,78.69
STU01188,EC301,1,65,43,66.15
STU01188,EC305,2,55,31,56.36
STU01188,EC304,3,60,34,56.67
STU01188,EC302,4,66,33,50.0
STU01188,EC301,5,63,35,55.56
STU01189,EC303,1,67,56,83.58
STU01189,EC304,2,65,40,61.54
STU01190,EE305,1,56,41,73.21
STU01190,EE301,2,58,42,72.41
STU01190,EE302,3,63,46,73.02
STU01190,EE305,4,60,43,71.67
STU01190,EE303,5,66,47,71.21
STU01191,EC303,1,60,36,60.0
STU01191,EC305,2,67,41,61.19
STU01191,EC304,3,67,38,56.72
STU01191,EC302,4,59,40,67.8
STU01192,EC305,1,64,47,73.44
STU01192,EC302,2,62,51,82.26
STU01192,EC302,3,63,51,80.95
STU01192,EC304,4,62,39,62.9
STU01193,CS305,1,58,39,67.24
STU01193,CS303,2,67,51,76.12
STU01193,CS302,3,63,47,74.6
STU01194,CS303,1,60,55,91.67
STU01194,CS305,2,65,37,56.92
STU01195,CS302,1,65,64,98.46
STU01195,CS304,2,60,52,86.67
STU01195,CS305,3,60,53,88.33
STU01195,CS304,4,62,61,98.39
STU01195,CS302,5,65,54,83.08
STU01196,IT305,1,66,50,75.76
STU01196,IT301,2,62,62,100.0
STU01196,IT305,3,58,56,96.55
STU01196,IT305,4,67,60,89.55
STU01196,IT303,5,66,57,86.36
STU01196,IT301,6,70,56,80.0
STU01197,CS303,1,67,41,61.19
STU01197,CS305,2,65,56,86.15
STU01197,CS301,3,65,47,72.31
STU01197,CS304,4,64,52,81.25
STU01197,CS303,5,62,49,79.03
STU01197,CS301,6,61,38,62.3
STU01198,ME305,1,58,40,68.97
STU01198,ME305,2,57,35,61.4
STU01198,ME301,3,70,34,48.57
STU01198,ME305,4,70,43,61.43
STU01199,CS301,1,61,58,95.08
STU01199,CS305,2,65,64,98.46
STU01199,CS305,3,62,51,82.26
STU01200,EC301,1,57,49,85.96
STU01200,EC303,2,61,51,83.61
STU01200,EC304,3,64,55,85.94
STU01200,EC301,4,65,42,64.62
