student_id,course_id,semester,login_count,content_views,assignment_submission_rate,average_session_minutes
STU00001,EE304,1,50,88,74.94,22.74
STU00001,EE305,2,44,75,51.48,42.03
STU00001,EE304,3,45,84,64.93,21.35
STU00001,EE302,4,17,62,70.79,34.76
STU00001,EE304,5,53,112,47.27,30.61
STU00001,EE302,6,37,112,80.13,22.58
STU00002,EE301,1,31,49,50.25,33.75
STU00002,EE301,2,28,9,43.28,21.94
STU00002,EE301,3,21,84,47.08,28.05
STU00002,EE304,4,27,61,28.93,14.16
STU00002,EE303,5,30,66,22.89,18.1
STU00003,EC303,1,35,89,32.91,31.56
STU00003,EC301,2,20,19,44.65,6.91
STU00004,EE304,1,38,129,41.13,26.01
STU00004,EE304,2,39,101,52.26,26.49
STU00004,EE305,3,24,114,74.32,15.96
STU00004,EE303,4,25,66,59.49,27.58
STU00005,EC301,1,23,52,61.88,20.2
STU00005,EC303,2,43,90,41.14,24.17
STU00005,EC301,3,40,116,68.73,8.66
STU00006,CS304,1,33,74,33.08,22.34
STU00006,CS305,2,30,6,31.2,25.64
STU00007,IT302,1,18,130,51.52,2.0
STU00007,IT304,2,36,29,39.9,12.82
STU00008,CE301,1,3,38,50.83,7.17
STU00008,CE302,2,18,16,55.22,2.0
STU00008,CE302,3,9,67,38.02,8.25
STU00009,IT302,1,11,83,66.1,26.42
STU00009,IT304,2,27,115,62.72,31.74
STU00010,ME305,1,58,89,77.92,26.52
STU00010,ME304,2,50,97,75.24,27.24
STU00010,ME304,3,56,130,78.84,34.82
STU00010,ME304,4,32,97,76.31,22.9
STU00010,ME302,5,25,64,62.73,26.41
STU00010,ME301,6,42,98,75.22,20.27
STU00011,EE304,1,37,95,52.15,24.82
STU00011,EE302,2,39,157,51.73,16.17
STU00011,EE301,3,59,120,54.5,15.59
STU00011,EE301,4,53,88,76.28,8.63
STU00012,EE301,1,19,59,37.85,2.0
STU00012,EE304,2,31,45,54.04,29.28
STU00012,EE302,3,30,0,15.11,2.0
STU00012,EE305,4,0,42,33.92,11.4
STU00012,EE301,5,11,12,28.56,21.28
STU00013,EC302,1,2,101,28.74,4.33
STU00013,EC304,2,10,34,0.69,2.0
STU00013,EC305,3,30,38,16.85,2.0
STU00013,EC305,4,27,42,46.07,12.1
STU00013,EC305,5,0,70,51.23,2.0
STU00014,EE304,1,45,103,67.02,18.88
STU00014,EE304,2,21,121,61.93,33.66
STU00015,CE304,1,4,59,26.18,9.76
STU00015,CE304,2,10,76,58.01,2.0
STU00015,CE301,3,22,96,43.76,19.66
STU00015,CE305,4,49,87,36.8,28.3
STU00016,EC304,1,24,43,43.48,2.0
STU00016,EC302,2,27,118,35.7,15.89
STU00016,EC304,3,25,60,45.97,8.31
STU00017,EC305,1,38,67,59.08,6.89
STU00017,EC305,2,8,128,38.11,15.72
STU00018,IT305,1,63,94,61.59,28.13
STU00018,IT305,2,31,60,83.34,30.12
STU00018,IT304,3,41,102,41.1,28.84
STU00018,IT304,4,74,111,73.63,29.15
STU00018,IT305,5,35,113,70.41,44.43
STU00019,CS303,1,0,0,26.03,11.36
STU00019,CS301,2,11,0,0.5,9.11
STU00019,CS302,3,0,17,0.0,11.24
STU00019,CS303,4,10,0,26.06,2.0
STU00020,IT304,1,53,135,82.96,34.36
STU00020,IT304,2,52,141,80.84,27.15
STU00020,IT303,3,55,160,100.0,45.07
STU00020,IT303,4,54,108,79.98,20.86
STU00021,IT302,1,15,7,30.59,3.12
STU00021,IT303,2,34,14,43.94,15.95
STU00021,IT301,3,10,31,29.64,10.65
STU00022,EE303,1,11,0,25.78,10.33
STU00022,EE301,2,12,31,31.88,3.09
STU00023,CS304,1,25,83,54.34,38.32
STU00023,CS305,2,48,73,76.53,46.83
STU00024,EE301,1,4,24,22.47,6.13
STU00024,EE305,2,20,72,21.04,17.63
STU00024,EE303,3,13,35,26.87,25.7
STU00024,EE305,4,23,6,53.09,31.77
STU00025,ME305,1,7,2,20.25,11.28
STU00025,ME304,2,11,28,41.55,18.43
STU00025,ME302,3,23,75,43.05,25.43
STU00025,ME304,4,12,44,44.36,13.52
STU00026,CE305,1,33,123,49.88,23.2
STU00026,CE303,2,32,55,65.36,5.18
STU00026,CE302,3,13,10,56.3,15.39
STU00027,EC305,1,10,85,7.19,2.0
STU00027,EC303,2,29,27,33.44,11.44
STU00028,CS303,1,30,122,44.43,39.03
STU00028,CS302,2,26,22,47.12,2.0
STU00029,ME301,1,0,56,18.18,2.0
STU00029,ME303,2,1,65,15.34,2.0
STU00029,ME305,3,9,38,15.28,13.56
STU00029,ME304,4,6,0,1.85,2.0
STU00029,ME303,5,9,12,9.09,9.2
STU00029,ME303,6,23,0,0.0,5.31
STU00030,EE305,1,47,51,83.25,40.02
STU00030,EE302,2,39,133,72.06,22.51
STU00030,EE304,3,23,133,59.92,29.68
STU00030,EE305,4,20,85,83.55,34.72
STU00030,EE305,5,51,105,62.43,24.25
STU00031,IT305,1,9,111,60.08,32.35
STU00031,IT305,2,20,65,78.89,20.46
STU00032,CS304,1,39,124,75.55,36.78
STU00032,CS305,2,36,103,66.14,29.13
STU00032,CS305,3,44,114,58.71,38.67
STU00033,EC302,1,17,40,20.86,12.29
STU00033,EC304,2,24,0,74.19,4.78
STU00033,EC302,3,38,92,50.07,19.72
STU00033,EC303,4,14,75,63.4,27.86
STU00033,EC304,5,16,73,30.69,12.67
STU00033,EC301,6,44,73,41.55,19.9
STU00034,ME303,1,17,60,45.83,30.73
STU00034,ME302,2,18,90,62.06,25.92
STU00034,ME305,3,25,40,53.39,47.58
STU00034,ME304,4,28,75,47.47,11.63
STU00034,ME301,5,36,106,30.53,25.52
STU00035,EC301,1,51,142,73.46,35.5
STU00035,EC303,2,58,93,80.71,45.93
STU00035,EC304,3,48,148,95.99,25.94
STU00036,ME301,1,12,56,21.69,7.3
STU00036,ME302,2,10,8,27.15,2.0
STU00036,ME302,3,29,47,20.84,2.0
STU00036,ME303,4,11,45,21.49,2.0
STU00036,ME305,5,9,75,22.5,4.91
STU00037,EE304,1,36,83,18.69,2.0
STU00037,EE301,2,31,37,5.41,9.14
STU00038,EC305,1,45,71,50.79,11.12
STU00038,EC301,2,48,70,43.09,30.85
STU00038,EC303,3,39,85,66.74,36.06
STU00038,EC304,4,26,82,34.95,10.73
STU00039,EC301,1,41,83,100.0,30.34
STU00039,EC305,2,61,127,87.13,48.85
STU00039,EC304,3,26,187,70.67,31.35
STU00040,CE305,1,18,102,42.3,21.91
STU00040,CE303,2,15,72,51.27,14.78
STU00040,CE305,3,30,66,51.89,21.3
STU00041,CS304,1,32,34,52.29,30.75
STU00041,CS302,2,33,43,41.7,26.01
STU00041,CS302,3,7,24,62.1,13.26
STU00042,CE304,1,72,167,100.0,34.49
STU00042,CE303,2,61,194,86.3,38.06
STU00042,CE304,3,47,205,100.0,45.82
STU00042,CE301,4,54,116,100.0,22.32
STU00043,CE304,1,0,73,70.88,36.46
STU00043,CE302,2,44,71,47.17,11.06
STU00043,CE302,3,26,73,40.64,2.0
STU00043,CE304,4,23,98,34.56,22.78
STU00043,CE303,5,20,80,63.39,9.69
STU00043,CE305,6,30,42,14.55,24.21
STU00044,EC302,1,44,157,69.63,22.96
STU00044,EC305,2,42,69,87.98,30.18
STU00045,EE303,1,14,107,45.51,40.14
STU00045,EE305,2,21,60,65.89,18.06
STU00045,EE304,3,49,77,58.96,10.79
STU00045,EE301,4,36,86,49.29,24.8
STU00046,CS303,1,5,58,66.57,20.17
STU00046,CS302,2,25,48,70.39,17.18
STU00046,CS302,3,19,86,36.85,32.28
STU00046,CS304,4,41,36,52.52,39.79
STU00047,CE301,1,34,65,32.6,20.92
STU00047,CE301,2,31,37,34.41,17.52
STU00047,CE304,3,28,25,48.52,8.84
STU00047,CE303,4,17,77,16.1,3.66
STU00047,CE301,5,35,25,38.35,23.95
STU00048,IT305,1,38,121,51.87,30.94
STU00048,IT303,2,29,54,79.58,19.65
STU00048,IT305,3,23,40,46.18,21.04
STU00048,IT304,4,33,36,49.81,13.89
STU00049,ME302,1,20,64,39.97,30.57
STU00049,ME302,2,10,82,55.63,4.0
STU00050,CE302,1,11,71,59.66,15.0
STU00050,CE303,2,24,135,61.01,25.06
STU00050,CE301,3,23,96,61.79,22.8
STU00050,CE302,4,52,67,73.82,29.15
STU00050,CE305,5,54,85,65.66,27.48
STU00051,CS304,1,37,26,34.62,4.76
STU00051,CS302,2,21,8,29.87,25.47
STU00051,CS302,3,28,45,39.37,21.28
STU00051,CS303,4,42,76,36.0,22.79
STU00052,IT304,1,11,68,63.45,39.38
STU00052,IT302,2,23,49,18.9,24.54
STU00053,CS305,1,39,2,32.36,5.91
STU00053,CS301,2,17,48,21.7,13.25
STU00053,CS305,3,15,0,41.54,2.0
STU00053,CS301,4,18,37,29.83,15.77
STU00053,CS302,5,29,57,0.0,17.12
STU00054,IT301,1,16,28,39.26,27.34
STU00054,IT305,2,37,92,61.05,25.8
STU00054,IT305,3,19,65,37.28,15.63
STU00055,EC301,1,0,0,4.56,14.63
STU00055,EC302,2,12,64,0.13,2.0
STU00055,EC301,3,0,38,21.91,16.94
STU00056,ME304,1,53,154,90.13,51.21
STU00056,ME302,2,52,140,83.85,31.81
STU00056,ME302,3,64,146,100.0,34.17
STU00056,ME303,4,61,155,92.59,36.84
STU00056,ME304,5,42,81,93.39,27.79
STU00057,EE302,1,9,89,37.91,22.23
STU00057,EE303,2,36,22,58.53,6.52
STU00057,EE304,3,11,80,32.66,13.24
STU00057,EE304,4,20,58,45.39,3.72
STU00057,EE301,5,30,47,31.94,16.55
STU00058,CS302,1,52,182,72.37,28.35
STU00058,CS302,2,39,118,87.08,33.45
STU00058,CS305,3,73,106,81.85,24.06
STU00058,CS301,4,44,200,72.29,38.48
STU00059,EE302,1,70,87,83.82,30.52
STU00059,EE304,2,44,143,87.25,28.39
STU00059,EE304,3,57,175,91.29,31.68
STU00059,EE305,4,55,117,86.23,55.8
STU00059,EE301,5,68,173,79.81,16.14
STU00060,IT301,1,47,90,74.78,38.73
STU00060,IT303,2,37,79,77.4,41.08
STU00060,IT304,3,58,106,48.41,33.86
STU00060,IT305,4,26,129,73.62,31.05
STU00060,IT301,5,55,85,87.66,36.49
STU00060,IT305,6,57,111,72.5,46.09
STU00061,IT304,1,65,140,62.72,42.82
STU00061,IT302,2,46,137,91.41,29.1
STU00061,IT305,3,41,104,67.55,36.7
STU00061,IT303,4,43,141,90.95,29.36
STU00062,EC304,1,29,52,56.81,23.58
STU00062,EC304,2,37,60,61.14,25.54
STU00062,EC301,3,7,84,36.07,5.84
STU00062,EC305,4,15,109,46.55,13.89
STU00062,EC302,5,24,80,36.86,9.8
STU00062,EC301,6,39,103,26.27,10.07
STU00063,ME302,1,15,15,26.7,4.36
STU00063,ME303,2,0,61,43.03,2.0
STU00064,IT303,1,25,68,19.56,8.49
STU00064,IT305,2,20,2,22.03,7.18
STU00064,IT305,3,34,74,6.81,15.82
STU00064,IT304,4,2,8,21.51,2.0
STU00064,IT303,5,14,55,28.1,2.0
STU00065,EC305,1,74,91,60.05,33.69
STU00065,EC301,2,66,174,67.42,25.15
STU00065,EC302,3,37,100,93.95,18.08
STU00066,CE302,1,41,94,62.37,21.9
STU00066,CE304,2,51,105,73.89,33.44
STU00066,CE302,3,49,103,86.45,34.98
STU00067,CE301,1,29,87,63.2,36.45
STU00067,CE301,2,36,172,71.94,12.92
STU00067,CE303,3,44,74,73.16,2.0
STU00067,CE304,4,43,73,61.84,16.74
STU00067,CE301,5,39,178,53.4,41.34
STU00068,ME303,1,60,100,63.6,29.74
STU00068,ME302,2,57,51,72.15,33.89
STU00069,CE302,1,48,107,57.43,42.53
STU00069,CE305,2,58,103,84.89,38.13
STU00069,CE305,3,40,167,92.28,29.13
STU00070,EE305,1,21,76,19.56,16.76
STU00070,EE304,2,14,5,32.14,21.8
STU00070,EE302,3,6,74,34.01,18.31
STU00070,EE301,4,29,10,38.58,19.04
STU00070,EE301,5,23,0,33.1,10.15
STU00070,EE301,6,24,1,41.03,18.91
STU00071,ME305,1,0,60,43.58,14.92
STU00071,ME303,2,16,30,46.39,2.87
STU00071,ME301,3,27,23,29.12,30.59
STU00071,ME304,4,32,19,21.81,23.36
STU00072,ME303,1,66,144,84.55,36.46
STU00072,ME303,2,52,113,100.0,47.56
STU00072,ME305,3,34,138,87.12,23.78
STU00072,ME303,4,41,113,77.1,24.36
STU00072,ME302,5,47,133,90.06,25.33
STU00073,IT303,1,20,64,24.34,8.28
STU00073,IT301,2,22,52,63.35,15.91
STU00073,IT301,3,12,43,23.4,29.8
STU00073,IT303,4,0,38,41.17,11.92
STU00074,IT304,1,0,0,37.84,4.89
STU00074,IT301,2,14,0,36.81,2.0
STU00074,IT302,3,4,53,5.83,9.84
STU00075,IT303,1,56,93,92.47,37.8
STU00075,IT301,2,56,63,77.28,33.41
STU00075,IT304,3,25,108,89.79,6.24
STU00075,IT303,4,25,149,86.88,38.8
STU00075,IT303,5,45,109,88.25,18.55
STU00076,IT305,1,31,122,74.74,45.09
STU00076,IT304,2,37,97,67.61,29.13
STU00076,IT304,3,29,128,77.03,41.33
STU00076,IT303,4,47,94,70.4,15.13
STU00077,IT304,1,49,49,72.84,30.07
STU00077,IT305,2,18,114,48.77,24.27
STU00078,IT304,1,28,48,45.12,3.52
STU00078,IT301,2,0,16,28.48,12.91
STU00078,IT304,3,6,47,33.05,2.0
STU00078,IT302,4,24,4,35.78,2.0
STU00078,IT305,5,10,76,11.72,2.0
STU00079,ME304,1,14,54,37.97,7.93
STU00079,ME301,2,24,38,34.62,3.4
STU00079,ME303,3,0,83,28.54,17.28
STU00079,ME302,4,9,32,35.03,2.0
STU00080,CE305,1,41,51,36.5,20.45
STU00080,CE303,2,29,67,36.6,11.03
STU00080,CE305,3,19,87,10.38,14.95
STU00081,EE305,1,17,22,24.46,2.0
STU00081,EE305,2,17,39,0.0,2.0
STU00082,CS301,1,38,115,37.97,11.39
STU00082,CS305,2,27,53,42.7,17.13
STU00082,CS303,3,31,57,53.93,2.0
STU00082,CS305,4,24,38,53.87,13.82
STU00082,CS305,5,42,75,36.49,22.07
STU00083,EC304,1,23,42,54.7,5.79
STU00083,EC302,2,34,100,53.67,7.92
STU00084,CE301,1,16,74,62.6,7.91
STU00084,CE303,2,23,65,37.89,26.88
STU00085,CE304,1,7,104,54.83,21.98
STU00085,CE305,2,31,95,44.89,17.46
STU00085,CE303,3,0,22,59.49,2.0
STU00085,CE302,4,56,4,49.25,12.89
STU00085,CE301,5,25,73,49.25,18.3
STU00085,CE301,6,22,27,50.62,21.27
STU00086,CS301,1,70,171,89.0,53.55
STU00086,CS304,2,34,176,81.26,55.03
STU00086,CS301,3,75,160,85.52,29.25
STU00086,CS304,4,62,119,100.0,50.61
STU00086,CS304,5,85,119,95.66,44.16
STU00086,CS303,6,41,157,100.0,44.75
STU00087,CS303,1,36,116,33.84,6.32
STU00087,CS302,2,44,45,69.49,17.13
STU00087,CS301,3,30,57,47.96,20.76
STU00087,CS301,4,13,53,73.39,14.72
STU00087,CS302,5,51,24,37.66,17.18
STU00088,EE304,1,26,15,11.49,9.29
STU00088,EE302,2,36,0,27.35,23.4
STU00088,EE305,3,17,0,29.47,9.77
STU00089,IT303,1,20,81,40.1,2.12
STU00089,IT302,2,35,63,54.22,19.48
STU00090,ME301,1,51,73,58.77,32.62
STU00090,ME302,2,43,87,69.58,25.56
STU00090,ME304,3,57,100,74.45,17.98
STU00090,ME304,4,39,115,68.77,27.51
STU00090,ME304,5,56,48,88.07,43.56
STU00091,EE303,1,33,37,24.18,14.07
STU00091,EE301,2,25,59,39.07,29.15
STU00091,EE301,3,25,80,36.95,29.55
STU00092,EC304,1,33,0,36.74,2.0
STU00092,EC305,2,0,14,48.68,30.86
STU00092,EC301,3,17,41,34.68,26.79
STU00092,EC304,4,5,44,24.33,2.0
STU00092,EC305,5,17,7,33.5,4.72
STU00093,EC301,1,13,0,20.74,5.21
STU00093,EC304,2,0,71,20.98,21.2
STU00093,EC305,3,0,39,12.25,25.04
STU00094,CS304,1,0,4,42.05,6.99
STU00094,CS301,2,10,29,15.3,10.94
STU00094,CS305,3,0,36,0.0,7.45
STU00094,CS304,4,17,7,14.62,14.42
STU00095,CS302,1,33,59,58.85,15.6
STU00095,CS302,2,42,102,49.37,25.2
STU00096,IT304,1,43,107,79.82,13.63
STU00096,IT305,2,25,122,64.73,26.93
STU00096,IT305,3,41,135,72.75,17.7
STU00096,IT305,4,53,129,75.98,23.05
STU00097,CE303,1,16,63,48.61,12.72
STU00097,CE304,2,1,97,43.02,50.4
STU00097,CE304,3,5,48,51.91,22.94
STU00098,CS302,1,49,95,60.54,24.82
STU00098,CS301,2,27,93,39.91,28.2
STU00098,CS302,3,31,39,67.28,46.83
STU00098,CS302,4,42,99,54.33,39.45
STU00098,CS305,5,18,113,44.06,14.13
STU00098,CS301,6,45,82,69.83,17.56
STU00099,EE303,1,32,87,64.03,14.66
STU00099,EE302,2,43,93,37.86,31.14
STU00099,EE301,3,15,80,60.0,20.62
STU00099,EE303,4,50,56,67.33,36.41
STU00099,EE302,5,32,129,66.04,14.91
STU00100,CE301,1,34,39,33.87,2.0
STU00100,CE303,2,4,71,26.99,12.32
STU00100,CE301,3,25,103,37.35,24.23
STU00100,CE301,4,32,60,17.28,12.31
STU00100,CE304,5,0,48,37.39,22.77
STU00100,CE303,6,38,74,40.83,18.07
STU00101,EC305,1,5,74,28.92,2.0
STU00101,EC302,2,29,85,37.05,33.66
STU00102,ME304,1,18,87,62.99,37.25
STU00102,ME301,2,28,59,59.48,34.28
STU00103,ME305,1,11,82,34.36,39.59
STU00103,ME305,2,28,44,67.05,18.24
STU00103,ME305,3,42,54,31.14,21.22
STU00103,ME302,4,14,107,64.05,49.27
STU00103,ME302,5,17,15,38.71,2.0
STU00103,ME302,6,30,40,43.99,17.93
STU00104,ME305,1,41,59,56.08,29.15
STU00104,ME301,2,66,59,45.68,35.0
STU00104,ME303,3,51,59,54.08,2.0
STU00104,ME302,4,43,124,48.51,30.16
STU00104,ME302,5,31,107,73.42,29.11
STU00105,CS301,1,24,24,38.89,4.11
STU00105,CS304,2,12,6,33.33,9.57
STU00105,CS303,3,12,102,12.13,27.14
STU00105,CS301,4,38,49,37.73,26.37
STU00105,CS303,5,11,93,45.7,13.4
STU00106,EC302,1,56,48,82.4,21.41
STU00106,EC305,2,49,100,66.54,14.18
STU00106,EC302,3,50,132,61.52,21.26
STU00106,EC304,4,42,103,44.62,2.0
STU00107,EE304,1,30,128,63.44,31.68
STU00107,EE301,2,17,86,75.57,23.44
STU00107,EE302,3,28,93,71.94,26.32
STU00107,EE305,4,32,84,70.36,49.91
STU00107,EE301,5,10,27,60.09,37.39
STU00108,EC304,1,6,0,13.98,2.0
STU00108,EC304,2,5,28,30.34,2.0
STU00108,EC304,3,0,27,30.48,7.42
STU00108,EC302,4,0,0,25.28,2.0
STU00109,IT303,1,26,116,100.0,34.72
STU00109,IT304,2,57,86,91.57,28.87
STU00109,IT303,3,50,120,50.53,18.58
STU00109,IT301,4,43,93,62.87,29.11
STU00109,IT305,5,47,97,76.7,44.88
STU00109,IT304,6,26,80,75.99,19.94
STU00110,CS305,1,7,59,22.7,5.38
STU00110,CS303,2,1,71,26.92,6.66
STU00110,CS302,3,7,64,45.46,6.01
STU00111,ME301,1,45,35,61.18,35.41
STU00111,ME304,2,20,69,58.26,5.63
STU00112,CS305,1,42,108,62.23,15.17
STU00112,CS302,2,27,94,37.64,17.96
STU00112,CS305,3,38,64,60.43,25.18
STU00112,CS305,4,36,105,64.72,31.62
STU00112,CS302,5,48,116,64.39,34.14
STU00112,CS301,6,41,114,50.52,22.81
STU00113,EE303,1,0,92,21.18,26.24
STU00113,EE305,2,14,0,7.45,15.95
STU00113,EE301,3,26,10,36.89,19.2
STU00114,IT305,1,33,82,78.76,28.95
STU00114,IT301,2,53,152,75.08,37.61
STU00114,IT301,3,42,135,80.5,31.43
STU00114,IT303,4,24,106,54.82,31.52
STU00115,ME303,1,18,56,43.75,28.27
STU00115,ME305,2,13,26,54.21,17.56
STU00115,ME303,3,42,56,38.03,17.92
STU00115,ME303,4,42,88,74.15,31.5
STU00115,ME304,5,40,88,38.71,27.13
STU00116,CE303,1,4,47,47.92,23.23
STU00116,CE303,2,36,36,42.52,14.38
STU00117,EC302,1,19,65,21.03,19.68
STU00117,EC304,2,9,19,25.22,2.0
STU00118,ME301,1,56,182,100.0,48.21
STU00118,ME302,2,58,151,94.22,51.93
STU00119,EC304,1,28,67,57.65,27.58
STU00119,EC303,2,27,112,17.73,20.55
STU00119,EC305,3,46,57,42.98,31.67
STU00120,EE305,1,46,63,42.65,2.0
STU00120,EE304,2,23,99,47.46,24.45
STU00120,EE304,3,36,72,69.81,18.72
STU00120,EE302,4,32,150,56.58,27.1
STU00121,CE302,1,47,111,59.87,20.43
STU00121,CE304,2,22,41,51.06,21.91
STU00121,CE305,3,49,89,51.22,12.81
STU00121,CE302,4,28,113,56.39,16.66
STU00121,CE304,5,48,106,58.19,32.81
STU00121,CE302,6,28,133,57.08,10.85
STU00122,IT305,1,8,83,47.63,21.52
STU00122,IT301,2,14,65,54.65,14.0
STU00123,EE305,1,35,29,52.84,24.64
STU00123,EE301,2,36,67,33.11,24.38
STU00123,EE301,3,0,75,48.31,2.0
STU00123,EE303,4,24,59,40.01,16.78
STU00124,EE303,1,44,93,46.57,18.25
STU00124,EE301,2,47,37,71.23,17.29
STU00124,EE302,3,36,89,53.17,25.18
STU00124,EE301,4,48,59,70.37,31.52
STU00125,EC302,1,5,32,6.25,14.84
STU00125,EC304,2,35,27,9.74,15.0
STU00125,EC301,3,0,0,0.0,2.42
STU00125,EC301,4,21,0,10.75,2.0
STU00126,CS304,1,10,67,42.77,9.33
STU00126,CS305,2,14,49,22.41,13.97
STU00126,CS303,3,8,41,42.92,23.36
STU00126,CS304,4,31,57,19.92,16.19
STU00126,CS302,5,28,95,40.55,9.06
STU00127,CS304,1,42,57,54.15,19.08
STU00127,CS303,2,19,123,60.11,11.66
STU00127,CS305,3,40,81,30.96,17.1
STU00127,CS304,4,32,51,44.8,9.66
STU00127,CS304,5,3,27,31.15,32.84
STU00128,EE301,1,38,127,49.9,21.71
STU00128,EE303,2,23,77,61.09,52.15
STU00128,EE302,3,40,40,65.13,25.9
STU00128,EE305,4,32,63,27.29,41.44
STU00128,EE305,5,58,41,40.16,16.62
STU00128,EE305,6,40,150,78.77,14.15
STU00129,IT305,1,64,66,85.46,45.51
STU00129,IT305,2,37,149,85.96,32.91
STU00129,IT304,3,48,129,100.0,34.08
STU00130,CS305,1,38,126,67.88,40.33
STU00130,CS301,2,38,110,64.88,18.41
STU00131,CE302,1,0,0,5.82,12.29
STU00131,CE301,2,3,0,5.97,2.0
STU00131,CE304,3,0,0,14.8,2.0
STU00132,EC301,1,30,74,53.14,27.6
STU00132,EC304,2,20,52,41.02,24.53
STU00132,EC304,3,37,81,75.21,10.64
STU00132,EC305,4,26,37,51.18,2.0
STU00132,EC304,5,19,38,51.62,6.43
STU00133,IT301,1,24,67,35.52,14.34
STU00133,IT305,2,45,42,40.38,21.91
STU00134,ME302,1,13,28,31.29,19.5
STU00134,ME303,2,18,11,27.39,15.79
STU00134,ME302,3,39,44,26.79,2.51
STU00134,ME304,4,39,59,16.82,9.23
STU00135,EC305,1,19,96,57.13,29.43
STU00135,EC302,2,23,59,31.48,11.53
STU00136,EC303,1,22,61,46.85,4.84
STU00136,EC301,2,5,69,27.64,20.86
STU00137,ME304,1,17,75,22.64,2.0
STU00137,ME303,2,0,66,15.62,7.86
STU00137,ME301,3,17,18,30.63,5.77
STU00138,CS302,1,6,27,5.64,7.3
STU00138,CS304,2,16,35,17.55,11.68
STU00138,CS301,3,4,20,17.61,2.0
STU00139,CE303,1,50,66,23.45,2.0
STU00139,CE305,2,40,25,39.0,2.0
STU00140,EC304,1,47,68,45.59,36.47
STU00140,EC304,2,61,9,58.76,15.01
STU00141,CE303,1,0,4,3.46,4.85
STU00141,CE302,2,26,0,33.34,2.0
STU00142,ME305,1,26,106,42.44,14.27
STU00142,ME304,2,22,37,49.17,7.6
STU00142,ME305,3,20,19,40.53,13.33
STU00142,ME302,4,33,71,41.54,13.17
STU00143,EE302,1,1,33,32.62,29.56
STU00143,EE305,2,16,45,39.2,23.42
STU00143,EE305,3,20,92,35.87,8.78
STU00143,EE301,4,31,105,36.69,13.34
STU00143,EE304,5,14,34,43.55,8.73
STU00143,EE302,6,37,68,37.68,14.17
STU00144,EE304,1,13,51,27.25,10.43
STU00144,EE305,2,2,9,28.64,2.0
STU00145,CE303,1,14,97,41.19,13.86
STU00145,CE305,2,43,94,36.29,11.81
STU00145,CE301,3,28,52,46.32,14.83
STU00145,CE305,4,22,39,47.62,15.78
STU00145,CE303,5,16,47,34.17,5.66
STU00146,CS301,1,23,22,20.95,2.0
STU00146,CS305,2,0,21,20.44,2.0
STU00146,CS304,3,1,39,11.96,4.98
STU00146,CS305,4,16,13,0.81,2.0
STU00146,CS303,5,0,24,27.53,2.0
STU00147,EC303,1,33,51,58.2,40.73
STU00147,EC303,2,46,97,28.8,13.81
STU00147,EC302,3,43,48,40.04,29.99
STU00147,EC305,4,12,59,32.48,26.82
STU00147,EC301,5,63,34,49.95,21.68
STU00148,IT305,1,45,85,100.0,29.86
STU00148,IT301,2,72,146,82.29,27.39
STU00149,CS304,1,8,111,58.78,14.34
STU00149,CS304,2,28,96,52.05,27.64
STU00149,CS301,3,18,16,52.42,23.43
STU00150,CE301,1,31,104,33.81,17.53
STU00150,CE304,2,20,68,41.13,6.77
STU00150,CE304,3,31,52,35.12,25.07
STU00150,CE301,4,32,59,43.81,2.0
STU00150,CE304,5,30,51,41.7,23.52
STU00151,EE304,1,41,0,31.52,2.0
STU00151,EE302,2,15,60,22.59,15.11
STU00151,EE303,3,13,126,27.62,23.19
STU00152,ME301,1,34,114,82.13,35.38
STU00152,ME302,2,50,163,78.89,31.49
STU00152,ME304,3,34,104,86.02,20.72
STU00153,EE303,1,0,21,4.0,9.98
STU00153,EE305,2,0,51,24.38,2.0
STU00154,CS302,1,0,22,14.86,2.0
STU00154,CS301,2,0,57,18.6,2.0
STU00155,CE305,1,14,0,0.0,8.5
STU00155,CE302,2,0,10,22.69,2.0
STU00155,CE305,3,4,52,14.84,2.0
STU00155,CE301,4,7,34,10.95,2.0
STU00155,CE301,5,0,18,0.0,20.72
STU00155,CE303,6,15,14,0.0,8.92
STU00156,CE303,1,27,115,67.21,32.92
STU00156,CE301,2,36,49,77.26,25.59
STU00156,CE305,3,44,26,66.2,17.95
STU00156,CE301,4,60,103,79.92,18.64
STU00156,CE301,5,24,106,71.2,26.05
STU00156,CE304,6,25,74,58.27,32.71
STU00157,IT301,1,38,78,32.6,38.96
STU00157,IT304,2,22,54,44.33,27.89
STU00157,IT305,3,15,21,43.77,25.8
STU00157,IT302,4,21,67,37.94,17.19
STU00158,ME304,1,54,170,84.62,43.75
STU00158,ME303,2,52,117,73.69,44.46
STU00158,ME304,3,70,102,68.38,24.54
STU00158,ME303,4,49,115,80.0,18.01
STU00159,EC301,1,42,49,56.86,24.66
STU00159,EC304,2,46,153,45.48,27.67
STU00159,EC302,3,21,108,45.77,27.85
STU00159,EC302,4,24,118,73.79,14.16
STU00159,EC303,5,19,116,48.96,22.76
STU00159,EC301,6,30,85,51.35,7.55
STU00160,CE304,1,26,44,49.28,3.62
STU00160,CE305,2,42,67,46.22,23.65
STU00160,CE303,3,27,35,67.26,28.03
STU00160,CE301,4,33,107,47.89,32.05
STU00160,CE302,5,11,57,44.58,15.68
STU00161,EC303,1,24,54,29.93,24.98
STU00161,EC301,2,8,48,54.29,27.13
STU00162,CE304,1,44,66,60.28,19.08
STU00162,CE301,2,25,95,54.19,13.32
STU00163,CS304,1,55,90,67.52,55.11
STU00163,CS301,2,39,150,81.1,27.15
STU00164,EE304,1,25,96,48.18,8.89
STU00164,EE303,2,30,79,60.32,29.9
STU00165,ME301,1,35,59,34.66,2.0
STU00165,ME305,2,0,72,42.96,2.0
STU00166,ME304,1,23,114,77.24,32.77
STU00166,ME301,2,33,135,58.13,11.48
STU00166,ME302,3,33,87,62.65,26.45
STU00166,ME304,4,36,91,64.41,26.37
STU00167,IT304,1,37,9,45.17,40.65
STU00167,IT303,2,36,113,69.44,16.73
STU00167,IT304,3,44,66,61.17,22.77
STU00167,IT305,4,27,85,63.21,18.95
STU00167,IT301,5,20,44,57.7,20.36
STU00168,EC305,1,23,83,28.23,14.75
STU00168,EC305,2,21,23,13.8,26.45
STU00169,CE302,1,42,66,78.82,37.85
STU00169,CE303,2,32,50,57.44,29.38
STU00169,CE304,3,25,68,55.28,2.0
STU00169,CE302,4,24,55,72.76,17.34
STU00169,CE302,5,46,65,55.02,29.63
STU00169,CE301,6,43,122,49.89,21.88
STU00170,ME305,1,31,42,61.31,35.8
STU00170,ME305,2,45,120,55.69,19.01
STU00170,ME303,3,49,99,41.81,36.84
STU00170,ME302,4,54,89,24.04,25.99
STU00171,EC305,1,20,52,25.21,19.73
STU00171,EC303,2,29,36,22.56,16.74
STU00171,EC301,3,11,63,41.82,13.77
STU00171,EC301,4,34,72,51.66,10.91
STU00172,EC305,1,50,158,78.02,18.64
STU00172,EC304,2,50,65,76.16,34.3
STU00172,EC302,3,37,127,77.02,20.07
STU00172,EC302,4,26,171,64.14,32.43
STU00172,EC303,5,38,125,87.8,41.47
STU00172,EC304,6,30,112,51.07,33.77
STU00173,CE303,1,40,40,63.53,19.28
STU00173,CE305,2,34,54,79.6,14.68
STU00173,CE304,3,37,94,53.9,15.72
STU00173,CE302,4,38,112,50.48,31.86
STU00173,CE304,5,43,94,50.05,26.91
STU00173,CE304,6,28,77,61.26,30.37
STU00174,ME302,1,35,52,46.02,24.21
STU00174,ME304,2,43,68,22.24,5.55
STU00175,CS304,1,39,98,40.43,2.0
STU00175,CS304,2,35,65,7.1,9.81
STU00175,CS304,3,11,59,28.85,20.95
STU00176,EE303,1,17,47,49.2,15.26
STU00176,EE301,2,33,102,37.91,2.0
STU00177,CS305,1,50,11,55.08,41.4
STU00177,CS302,2,16,42,59.98,28.77
STU00178,EE302,1,37,61,61.35,8.53
STU00178,EE301,2,27,116,68.1,35.58
STU00178,EE302,3,19,70,38.7,26.8
STU00178,EE303,4,12,79,26.05,5.04
STU00178,EE302,5,38,56,31.68,19.73
STU00179,IT303,1,9,85,17.45,9.7
STU00179,IT302,2,28,60,44.41,40.78
STU00179,IT301,3,43,62,35.19,9.3
STU00180,EC301,1,50,69,55.95,11.68
STU00180,EC302,2,43,71,58.66,8.63
STU00180,EC301,3,19,147,54.67,23.94
STU00180,EC302,4,28,59,61.77,10.16
STU00181,EE302,1,42,91,67.64,10.23
STU00181,EE303,2,77,170,77.95,33.91
STU00181,EE305,3,33,115,65.43,23.51
STU00181,EE301,4,41,104,62.72,27.04
STU00181,EE302,5,57,106,86.76,18.01
STU00182,ME302,1,72,105,81.67,29.63
STU00182,ME303,2,40,127,55.47,26.79
STU00182,ME305,3,59,43,52.48,40.4
STU00183,CS301,1,21,72,47.96,24.02
STU00183,CS305,2,26,78,15.08,21.71
STU00183,CS302,3,39,63,36.79,23.29
STU00184,EC301,1,59,39,51.92,23.77
STU00184,EC302,2,18,71,64.62,13.62
STU00184,EC302,3,44,75,64.14,8.22
STU00185,ME305,1,40,121,63.95,25.45
STU00185,ME302,2,43,68,61.46,26.38
STU00185,ME305,3,24,48,74.21,31.34
STU00185,ME304,4,50,66,52.23,20.93
STU00185,ME302,5,56,46,74.35,30.77
STU00186,CE305,1,13,20,27.35,4.02
STU00186,CE304,2,27,1,32.48,3.57
STU00186,CE303,3,6,28,35.85,2.0
STU00186,CE305,4,18,32,15.06,13.06
STU00187,IT302,1,1,62,41.35,20.15
STU00187,IT304,2,29,41,10.79,25.94
STU00187,IT304,3,5,31,34.25,33.24
STU00188,CE304,1,40,70,54.24,6.35
STU00188,CE305,2,24,80,15.21,37.21
STU00188,CE303,3,32,68,45.4,14.95
STU00188,CE305,4,3,64,43.37,30.89
STU00189,EE301,1,15,4,33.21,2.0
STU00189,EE304,2,0,20,13.94,7.43
STU00189,EE302,3,24,14,17.88,2.0
STU00190,IT305,1,19,53,12.56,2.0
STU00190,IT304,2,20,72,28.55,38.75
STU00190,IT304,3,31,55,37.76,5.88
STU00190,IT304,4,8,51,34.58,21.93
STU00190,IT304,5,34,84,45.93,14.07
STU00191,EE304,1,0,0,18.46,2.0
STU00191,EE302,2,20,0,0.0,2.0
STU00191,EE302,3,17,18,0.0,8.35
STU00191,EE301,4,7,0,0.0,31.43
STU00192,CS303,1,44,146,66.24,33.5
STU00192,CS303,2,33,152,62.45,30.64
STU00193,CE301,1,42,24,39.4,23.17
STU00193,CE303,2,12,53,32.14,8.64
STU00194,IT302,1,14,19,1.25,2.0
STU00194,IT302,2,18,9,0.0,2.0
STU00194,IT303,3,0,24,3.68,2.0
STU00194,IT303,4,15,10,2.28,6.0
STU00194,IT305,5,0,7,0.0,12.29
STU00194,IT305,6,3,0,10.54,2.0
STU00195,IT303,1,62,74,57.04,2.0
STU00195,IT303,2,34,39,59.84,8.47
STU00196,CE305,1,1,5,52.23,2.15
STU00196,CE304,2,1,78,25.75,28.06
STU00196,CE304,3,9,30,22.85,4.49
STU00196,CE302,4,8,40,14.19,5.76
STU00196,CE304,5,25,43,18.89,2.0
STU00197,IT305,1,27,46,60.14,39.64
STU00197,IT304,2,38,79,45.03,31.97
STU00197,IT301,3,27,65,41.61,17.49
STU00197,IT302,4,48,113,60.17,21.93
STU00197,IT304,5,18,107,57.69,34.95
STU00197,IT304,6,43,92,33.87,18.22
STU00198,CE301,1,9,3,4.72,11.91
STU00198,CE302,2,26,21,18.08,20.4
STU00198,CE303,3,35,25,11.67,2.0
STU00198,CE304,4,21,23,19.78,5.85
STU00198,CE303,5,36,13,32.5,27.17
STU00198,CE304,6,50,71,43.77,17.14
STU00199,CS305,1,8,0,17.82,23.22
STU00199,CS303,2,6,0,46.7,2.0
STU00199,CS305,3,9,78,0.0,16.46
STU00199,CS302,4,21,2,16.35,8.82
STU00199,CS303,5,4,26,0.0,2.0
STU00200,CS302,1,16,73,35.43,13.33
STU00200,CS301,2,35,15,43.57,23.8
STU00200,CS302,3,41,55,29.51,6.52
STU00200,CS301,4,14,92,34.64,2.94
STU00200,CS305,5,7,8,42.7,16.96
STU00201,ME301,1,61,143,98.82,43.67
STU00201,ME301,2,58,159,100.0,36.79
STU00201,ME301,3,82,94,75.86,49.72
STU00201,ME301,4,34,157,100.0,45.49
STU00202,EC301,1,29,51,48.37,31.35
STU00202,EC303,2,31,113,54.37,13.27
STU00202,EC302,3,33,24,43.0,14.4
STU00203,EC301,1,0,77,37.85,17.55
STU00203,EC301,2,26,77,50.23,11.05
STU00203,EC305,3,10,54,48.92,22.41
STU00203,EC302,4,19,58,34.61,22.58
STU00203,EC304,5,20,120,36.3,19.6
STU00203,EC302,6,30,121,41.76,2.0
STU00204,EC305,1,44,122,77.74,8.32
STU00204,EC304,2,10,57,58.79,16.77
STU00204,EC304,3,28,96,29.03,7.22
STU00205,EE302,1,0,22,0.0,14.09
STU00205,EE304,2,11,4,13.93,2.0
STU00205,EE302,3,18,0,22.89,2.0
STU00206,CE302,1,40,146,68.44,36.78
STU00206,CE303,2,25,119,75.65,18.87
STU00206,CE301,3,39,64,86.94,49.28
STU00206,CE304,4,33,128,64.01,23.68
STU00206,CE304,5,34,90,71.68,31.5
STU00206,CE305,6,41,162,73.57,19.88
STU00207,CE304,1,43,61,81.37,25.21
STU00207,CE304,2,41,120,61.7,22.96
STU00207,CE301,3,32,70,70.99,14.61
STU00207,CE304,4,21,0,53.21,10.52
STU00207,CE303,5,42,72,78.68,6.41
STU00207,CE305,6,44,110,64.32,15.65
STU00208,EE302,1,9,54,27.9,7.9
STU00208,EE305,2,5,43,40.93,20.04
STU00208,EE304,3,0,45,25.96,22.14
STU00208,EE302,4,0,47,3.14,8.11
STU00208,EE304,5,16,119,40.79,22.41
STU00209,CS302,1,16,99,76.91,37.9
STU00209,CS305,2,38,70,71.15,24.51
STU00209,CS301,3,50,126,55.72,25.01
STU00210,IT304,1,18,91,29.28,22.94
STU00210,IT303,2,36,122,51.85,13.89
STU00210,IT301,3,31,41,53.92,11.86
STU00210,IT304,4,50,94,39.65,18.34
STU00210,IT302,5,48,118,57.77,16.95
STU00211,IT305,1,10,27,16.36,8.04
STU00211,IT304,2,27,73,5.96,2.0
STU00211,IT301,3,0,0,9.12,8.23
STU00212,CE303,1,35,56,44.29,35.32
STU00212,CE302,2,35,118,64.19,7.16
STU00212,CE301,3,57,67,66.67,25.54
STU00212,CE303,4,78,116,59.2,15.08
STU00212,CE302,5,34,104,57.89,42.83
STU00213,CE304,1,37,24,58.53,13.01
STU00213,CE301,2,41,59,62.33,26.4
STU00213,CE305,3,4,66,72.37,26.38
STU00213,CE304,4,39,112,40.08,11.12
STU00213,CE304,5,24,41,78.22,20.76
STU00214,ME302,1,0,7,52.97,28.93
STU00214,ME305,2,16,81,33.08,19.64
STU00214,ME302,3,19,46,62.28,2.0
STU00215,CS305,1,0,20,14.25,23.93
STU00215,CS302,2,6,0,0.0,10.78
STU00216,IT303,1,33,2,48.03,18.04
STU00216,IT304,2,31,112,51.72,5.51
STU00217,CE302,1,47,103,96.61,43.6
STU00217,CE305,2,49,169,57.48,54.87
STU00217,CE304,3,54,111,89.4,33.7
STU00218,ME301,1,43,88,69.51,14.76
STU00218,ME303,2,32,93,61.44,25.77
STU00218,ME301,3,37,63,67.53,45.91
STU00218,ME301,4,22,111,71.63,24.05
STU00218,ME302,5,47,77,66.79,37.83
STU00218,ME303,6,41,72,61.37,8.3
STU00219,EC301,1,69,162,88.18,45.71
STU00219,EC304,2,68,166,100.0,22.2
STU00219,EC301,3,56,181,89.94,34.0
STU00220,CS301,1,31,144,62.95,39.51
STU00220,CS301,2,38,112,82.68,23.77
STU00220,CS302,3,49,156,74.54,34.68
STU00221,IT305,1,44,62,46.7,6.89
STU00221,IT303,2,56,72,64.4,16.17
STU00221,IT305,3,36,89,29.78,12.97
STU00221,IT305,4,18,7,55.61,21.92
STU00221,IT305,5,4,54,47.93,34.73
STU00222,ME301,1,0,42,16.89,2.0
STU00222,ME302,2,0,9,15.99,14.42
STU00222,ME303,3,21,79,12.02,15.53
STU00222,ME302,4,20,11,5.57,5.71
STU00222,ME304,5,19,13,40.9,2.0
STU00223,CS304,1,36,91,89.39,38.69
STU00223,CS304,2,51,193,65.86,41.03
STU00224,CE303,1,65,177,85.8,46.58
STU00224,CE301,2,38,132,66.36,42.96
STU00225,EE304,1,39,108,60.24,24.32
STU00225,EE305,2,29,49,69.33,42.11
STU00225,EE301,3,31,57,57.73,35.75
STU00226,EC301,1,45,114,68.31,24.21
STU00226,EC304,2,45,48,51.13,21.62
STU00226,EC303,3,43,131,94.58,21.05
STU00226,EC303,4,49,93,62.09,40.68
STU00227,CE303,1,25,45,26.1,22.78
STU00227,CE305,2,26,90,15.03,9.19
STU00228,EC305,1,30,119,82.68,27.06
STU00228,EC305,2,31,58,68.96,39.03
STU00228,EC302,3,49,52,64.73,29.75
STU00228,EC305,4,48,114,71.91,30.86
STU00228,EC303,5,55,71,62.15,33.41
STU00229,IT302,1,41,86,52.66,41.75
STU00229,IT301,2,32,92,70.32,22.55
STU00229,IT303,3,33,109,70.45,11.51
STU00229,IT303,4,56,111,58.69,27.99
STU00229,IT302,5,37,95,54.17,33.21
STU00230,CS301,1,30,60,42.41,14.66
STU00230,CS305,2,32,73,30.54,23.53
STU00230,CS303,3,34,18,50.01,24.14
STU00231,ME303,1,16,5,48.06,32.09
STU00231,ME305,2,19,27,39.67,11.6
STU00231,ME303,3,49,71,36.31,29.41
STU00231,ME302,4,25,67,44.87,17.64
STU00232,EC302,1,20,14,21.39,4.95
STU00232,EC305,2,15,68,11.17,21.14
STU00232,EC302,3,17,17,12.18,20.04
STU00232,EC305,4,27,10,35.08,15.26
STU00233,CS303,1,37,92,59.48,23.63
STU00233,CS304,2,41,80,31.02,2.0
STU00233,CS301,3,35,75,65.89,8.28
STU00233,CS301,4,19,69,43.72,23.53
STU00233,CS301,5,27,76,50.15,22.67
STU00233,CS302,6,38,82,33.05,17.93
STU00234,ME302,1,24,65,47.43,9.17
STU00234,ME302,2,36,48,23.45,31.95
STU00235,ME304,1,79,145,100.0,53.76
STU00235,ME302,2,55,115,100.0,52.16
STU00235,ME302,3,72,171,100.0,30.09
STU00235,ME302,4,66,181,96.12,40.14
STU00235,ME303,5,42,170,100.0,46.06
STU00236,EE304,1,33,85,33.14,15.25
STU00236,EE303,2,33,65,46.27,3.52
STU00236,EE301,3,42,94,47.88,15.94
STU00236,EE304,4,38,109,62.68,19.93
STU00236,EE302,5,38,42,64.68,16.79
STU00236,EE304,6,28,87,49.36,19.91
STU00237,CE305,1,16,0,1.54,23.33
STU00237,CE302,2,8,0,0.0,18.48
STU00237,CE301,3,18,11,34.32,20.02
STU00237,CE304,4,0,0,22.07,3.04
STU00237,CE303,5,10,65,4.15,13.32
STU00237,CE305,6,0,20,10.74,11.79
STU00238,EE304,1,19,28,18.17,2.0
STU00238,EE303,2,5,62,25.23,2.0
STU00238,EE303,3,9,0,23.1,15.25
STU00238,EE305,4,19,0,33.34,15.2
STU00239,IT303,1,13,41,34.42,18.48
STU00239,IT304,2,37,89,47.42,19.38
STU00240,ME302,1,44,90,74.65,21.1
STU00240,ME301,2,38,152,82.92,38.15
STU00240,ME304,3,64,113,80.61,32.3
STU00241,EC304,1,31,73,32.96,18.02
STU00241,EC304,2,31,43,40.65,29.02
STU00241,EC303,3,38,84,41.37,2.0
STU00241,EC304,4,36,43,38.82,14.75
STU00241,EC301,5,43,86,46.64,13.58
STU00242,CE302,1,39,132,84.4,26.39
STU00242,CE304,2,40,154,75.39,21.25
STU00242,CE303,3,46,106,79.32,33.13
STU00242,CE303,4,21,174,86.17,22.02
STU00242,CE304,5,55,110,54.72,27.81
STU00242,CE302,6,40,135,73.73,34.48
STU00243,EE301,1,19,65,35.75,13.53
STU00243,EE301,2,20,66,55.15,2.0
STU00243,EE303,3,34,71,31.01,2.0
STU00243,EE302,4,24,60,35.69,10.17
STU00243,EE302,5,41,46,52.11,16.25
STU00244,EE301,1,0,0,31.71,5.49
STU00244,EE304,2,24,89,31.4,29.7
STU00245,ME301,1,37,10,30.04,23.08
STU00245,ME304,2,15,79,30.38,28.97
STU00245,ME304,3,23,72,34.49,10.58
STU00245,ME303,4,12,72,53.9,19.58
STU00245,ME305,5,15,41,4.26,18.93
STU00245,ME304,6,5,9,40.44,26.38
STU00246,CS305,1,19,45,9.1,2.0
STU00246,CS302,2,7,0,18.15,18.39
STU00247,IT304,1,0,0,9.88,12.15
STU00247,IT301,2,13,0,0.0,3.85
STU00247,IT304,3,0,5,0.0,2.0
STU00248,IT301,1,51,126,96.45,35.88
STU00248,IT305,2,59,174,97.71,17.75
STU00249,ME304,1,58,103,66.62,19.23
STU00249,ME302,2,60,76,90.28,31.32
STU00249,ME302,3,54,50,52.92,28.3
STU00249,ME302,4,33,110,78.59,40.52
STU00250,EE305,1,24,44,0.0,2.0
STU00250,EE304,2,8,0,16.87,2.0
STU00250,EE302,3,5,0,4.19,7.77
STU00251,ME302,1,7,60,26.77,2.0
STU00251,ME303,2,0,12,35.72,3.91
STU00252,EE305,1,25,51,28.62,9.69
STU00252,EE302,2,35,15,0.0,21.1
STU00252,EE303,3,37,79,40.16,28.98
STU00252,EE304,4,8,50,55.53,21.62
STU00252,EE303,5,26,32,56.86,23.29
STU00253,CS301,1,57,133,91.58,43.85
STU00253,CS304,2,73,158,100.0,31.93
STU00253,CS301,3,52,119,90.22,35.45
STU00253,CS301,4,45,116,100.0,34.53
STU00254,ME305,1,1,17,23.21,2.0
STU00254,ME301,2,16,36,21.34,2.0
STU00255,ME301,1,12,57,61.73,21.21
STU00255,ME305,2,24,31,50.42,23.46
STU00255,ME304,3,38,56,42.45,16.65
STU00255,ME303,4,31,34,44.55,27.72
STU00255,ME303,5,38,46,54.59,24.56
STU00255,ME303,6,29,15,57.61,18.48
STU00256,IT303,1,31,36,39.26,16.65
STU00256,IT304,2,47,112,36.22,2.0
STU00256,IT303,3,12,28,41.59,22.39
STU00257,EE301,1,32,135,64.63,18.58
STU00257,EE304,2,42,133,52.12,40.19
STU00258,EC305,1,3,33,25.72,2.0
STU00258,EC305,2,32,84,6.2,5.02
STU00259,EC303,1,31,132,59.03,18.89
STU00259,EC305,2,41,70,73.91,20.21
STU00259,EC305,3,58,109,65.34,10.32
STU00260,EE301,1,29,74,63.09,42.13
STU00260,EE301,2,38,89,61.16,26.61
STU00260,EE301,3,30,33,61.41,7.87
STU00261,EC302,1,32,74,41.35,13.82
STU00261,EC304,2,14,79,33.1,36.72
STU00261,EC303,3,10,91,63.65,13.84
STU00261,EC304,4,31,56,38.58,32.29
STU00261,EC304,5,26,66,61.34,11.27
STU00262,EE302,1,45,102,100.0,31.57
STU00262,EE305,2,56,102,94.9,26.04
STU00262,EE302,3,66,97,88.87,43.93
STU00262,EE301,4,33,124,91.42,27.86
STU00262,EE305,5,60,172,73.09,34.72
STU00262,EE302,6,42,121,100.0,45.5
STU00263,CE304,1,56,64,74.27,36.0
STU00263,CE302,2,68,82,68.39,39.41
STU00264,CE301,1,28,69,47.98,17.39
STU00264,CE304,2,21,75,50.14,15.72
STU00264,CE302,3,41,57,17.37,21.15
STU00265,ME303,1,27,78,57.29,13.31
STU00265,ME303,2,34,91,76.73,44.44
STU00265,ME301,3,54,121,61.32,28.71
STU00265,ME305,4,53,123,68.67,35.85
STU00265,ME301,5,37,164,81.82,20.61
STU00266,IT305,1,54,112,71.52,31.16
STU00266,IT303,2,31,99,71.3,25.31
STU00266,IT304,3,64,76,72.93,15.29
STU00267,IT302,1,44,67,68.81,35.36
STU00267,IT301,2,31,92,42.05,24.52
STU00267,IT301,3,32,92,57.02,14.91
STU00268,ME303,1,63,119,100.0,51.27
STU00268,ME301,2,64,217,99.22,17.38
STU00269,EC303,1,37,43,56.01,6.13
STU00269,EC305,2,36,103,59.05,18.1
STU00269,EC303,3,28,37,44.61,37.94
STU00270,IT305,1,32,139,59.48,6.4
STU00270,IT304,2,39,71,76.6,27.03
STU00270,IT303,3,52,100,73.0,25.19
STU00270,IT302,4,37,79,76.02,12.59
STU00270,IT301,5,19,83,82.14,18.5
STU00270,IT301,6,46,62,58.66,22.84
STU00271,CS302,1,63,65,72.66,8.34
STU00271,CS302,2,45,115,63.92,26.25
STU00271,CS304,3,45,135,57.24,32.07
STU00271,CS305,4,43,49,43.24,10.93
STU00272,EC301,1,46,81,70.37,34.09
STU00272,EC303,2,37,43,40.32,20.75
STU00272,EC303,3,12,141,46.93,22.2
STU00273,EE304,1,3,53,0.0,2.0
STU00273,EE304,2,25,0,7.21,2.69
STU00273,EE303,3,11,0,0.0,2.0
STU00274,CS302,1,9,56,25.78,8.61
STU00274,CS302,2,0,22,10.83,14.25
STU00274,CS304,3,2,122,19.49,2.0
STU00275,CS301,1,14,44,41.5,15.95
STU00275,CS303,2,10,21,17.24,14.42
STU00275,CS304,3,32,88,23.31,14.41
STU00276,CE304,1,43,136,78.36,22.74
STU00276,CE305,2,34,50,67.7,14.44
STU00276,CE303,3,51,89,54.52,27.85
STU00276,CE305,4,33,46,53.77,40.14
STU00276,CE301,5,49,44,72.11,25.51
STU00277,IT305,1,25,47,55.12,35.52
STU00277,IT303,2,46,44,51.04,8.11
STU00277,IT302,3,35,112,48.32,38.28
STU00277,IT304,4,52,109,52.76,24.82
STU00278,ME302,1,10,0,23.39,16.62
STU00278,ME302,2,21,12,17.62,2.0
STU00278,ME301,3,1,0,40.94,2.0
STU00278,ME305,4,33,32,20.65,2.0
STU00279,EC304,1,4,8,6.86,7.41
STU00279,EC302,2,16,0,27.27,11.28
STU00279,EC301,3,7,0,4.63,7.23
STU00280,CE302,1,39,63,23.24,13.11
STU00280,CE301,2,3,51,44.67,29.89
STU00280,CE305,3,19,65,36.47,22.74
STU00280,CE302,4,27,72,44.1,34.71
STU00280,CE302,5,22,74,37.51,11.71
STU00281,EE302,1,45,117,81.95,22.84
STU00281,EE304,2,68,125,81.52,26.99
STU00282,IT302,1,55,93,70.95,15.73
STU00282,IT301,2,35,126,88.33,31.92
STU00282,IT304,3,27,82,62.53,21.81
STU00282,IT304,4,59,128,73.74,33.83
STU00282,IT301,5,35,97,61.62,23.76
STU00282,IT301,6,37,88,71.85,32.53
STU00283,EE304,1,7,76,2.06,24.28
STU00283,EE301,2,8,15,40.61,2.0
STU00284,EC301,1,22,58,68.01,20.43
STU00284,EC304,2,27,120,69.88,27.06
STU00284,EC304,3,0,51,50.78,26.82
STU00284,EC305,4,40,84,81.73,28.84
STU00285,EC303,1,20,30,35.14,20.92
STU00285,EC305,2,26,25,23.63,2.0
STU00286,ME301,1,51,116,75.82,23.01
STU00286,ME305,2,36,70,74.11,25.89
STU00286,ME301,3,46,121,64.3,41.11
STU00286,ME302,4,17,123,52.27,15.27
STU00286,ME302,5,34,126,62.76,33.72
STU00287,EE305,1,53,159,80.58,27.41
STU00287,EE303,2,65,172,85.59,32.83
STU00288,CE302,1,28,95,53.34,13.41
STU00288,CE302,2,51,88,62.62,23.56
STU00289,ME303,1,10,0,7.23,7.62
STU00289,ME301,2,0,23,0.0,2.0
STU00289,ME305,3,8,20,4.1,12.93
STU00289,ME303,4,13,0,0.0,2.0
STU00289,ME304,5,0,0,0.0,2.0
STU00289,ME302,6,13,0,9.11,2.0
STU00290,IT305,1,37,99,77.91,46.07
STU00290,IT305,2,26,133,68.74,26.89
STU00291,ME305,1,53,93,71.82,2.0
STU00291,ME303,2,48,129,48.96,26.27
STU00291,ME305,3,63,119,69.17,36.94
STU00292,EC301,1,16,77,30.01,6.41
STU00292,EC301,2,18,15,6.98,4.53
STU00293,IT303,1,24,70,33.75,18.25
STU00293,IT302,2,26,54,54.48,12.79
STU00293,IT305,3,21,99,39.58,7.73
STU00294,EE302,1,27,68,56.87,9.31
STU00294,EE301,2,56,71,48.82,30.81
STU00294,EE303,3,60,76,53.75,19.51
STU00294,EE302,4,43,113,71.57,41.32
STU00295,CS301,1,3,0,0.0,2.0
STU00295,CS304,2,0,0,0.0,2.0
STU00295,CS305,3,11,11,24.24,6.6
STU00295,CS301,4,7,22,18.2,2.0
STU00295,CS302,5,0,0,5.36,3.12
STU00296,EC305,1,38,89,41.27,27.21
STU00296,EC304,2,9,51,29.73,19.47
STU00296,EC303,3,22,41,19.14,2.0
STU00296,EC304,4,2,6,30.01,11.37
STU00296,EC305,5,25,0,22.44,6.07
STU00296,EC301,6,11,16,37.01,18.69
STU00297,IT305,1,27,61,32.84,15.87
STU00297,IT305,2,20,26,36.11,2.0
STU00298,ME303,1,0,8,27.27,24.57
STU00298,ME303,2,1,62,24.85,20.06
STU00299,CE302,1,50,164,81.09,21.04
STU00299,CE303,2,40,96,72.5,26.03
STU00299,CE301,3,59,141,72.43,15.67
STU00299,CE302,4,42,35,57.93,22.19
STU00300,EE301,1,35,83,66.17,23.29
STU00300,EE305,2,54,93,83.29,38.24
STU00301,ME304,1,52,133,68.78,42.04
STU00301,ME305,2,48,126,60.78,16.69
STU00301,ME305,3,45,127,88.62,22.46
STU00301,ME305,4,25,151,60.81,41.4
STU00301,ME305,5,19,111,58.79,30.59
STU00301,ME301,6,40,125,64.07,38.81
STU00302,EE304,1,45,56,50.37,25.39
STU00302,EE303,2,27,48,58.71,9.16
STU00302,EE304,3,24,74,29.66,25.64
STU00302,EE303,4,15,55,59.89,46.8
STU00303,CE302,1,51,92,83.91,25.54
STU00303,CE302,2,62,146,64.04,51.46
STU00303,CE305,3,48,113,67.63,42.3
STU00303,CE301,4,52,146,64.4,29.87
STU00303,CE302,5,35,75,60.91,42.68
STU00303,CE304,6,20,53,68.1,13.95
STU00304,EE303,1,41,124,100.0,36.3
STU00304,EE305,2,46,186,100.0,30.83
STU00304,EE303,3,60,152,68.88,51.02
STU00304,EE305,4,77,134,100.0,38.45
STU00304,EE303,5,50,103,84.5,22.52
STU00305,EC304,1,73,139,71.73,21.89
STU00305,EC301,2,43,107,72.65,38.35
STU00305,EC301,3,62,83,70.9,23.62
STU00305,EC301,4,54,58,75.07,28.92
STU00306,EC301,1,51,124,89.09,22.73
STU00306,EC303,2,22,96,59.82,31.7
STU00306,EC301,3,62,110,89.33,23.87
STU00306,EC305,4,37,96,74.33,23.76
STU00306,EC304,5,40,157,81.21,36.42
STU00306,EC305,6,52,147,60.04,37.6
STU00307,CE301,1,37,98,94.71,37.57
STU00307,CE301,2,50,143,93.17,48.12
STU00307,CE305,3,61,124,66.57,35.42
STU00307,CE302,4,76,136,80.93,37.12
STU00307,CE305,5,46,131,76.17,35.84
STU00308,EE305,1,26,87,41.84,13.81
STU00308,EE302,2,21,57,39.31,20.11
STU00308,EE303,3,23,142,49.8,2.0
STU00309,EC303,1,28,86,52.42,22.67
STU00309,EC304,2,26,136,45.94,10.82
STU00309,EC304,3,28,87,35.46,10.52
STU00309,EC303,4,25,80,24.92,8.68
STU00309,EC303,5,19,105,47.09,8.6
STU00309,EC305,6,25,65,60.86,20.78
STU00310,EC303,1,5,0,9.28,24.37
STU00310,EC303,2,3,34,35.55,19.12
STU00310,EC302,3,2,32,3.79,2.0
STU00310,EC305,4,10,6,0.58,2.0
STU00311,CS303,1,17,85,46.6,11.66
STU00311,CS304,2,55,23,55.44,21.93
STU00311,CS301,3,0,118,31.2,20.89
STU00312,ME305,1,40,57,60.67,30.21
STU00312,ME303,2,28,80,40.84,5.84
STU00313,EC301,1,35,64,38.93,14.62
STU00313,EC303,2,26,81,30.35,3.61
STU00313,EC304,3,0,61,13.48,11.61
STU00313,EC301,4,19,0,18.19,10.19
STU00314,IT304,1,46,123,61.5,31.81
STU00314,IT301,2,51,98,70.39,23.72
STU00314,IT304,3,63,109,54.46,30.48
STU00314,IT304,4,26,67,71.38,42.82
STU00314,IT302,5,13,92,81.11,15.55
STU00315,IT304,1,52,116,73.58,44.75
STU00315,IT303,2,48,48,66.39,9.84
STU00315,IT303,3,47,106,56.17,34.3
STU00316,EE305,1,58,162,100.0,41.98
STU00316,EE301,2,39,152,100.0,44.5
STU00316,EE304,3,29,175,100.0,32.58
STU00317,CE303,1,30,44,57.86,3.15
STU00317,CE301,2,24,58,35.22,39.75
STU00317,CE302,3,36,109,77.19,19.24
STU00318,ME303,1,0,20,37.7,22.93
STU00318,ME302,2,0,46,20.66,17.46
STU00318,ME304,3,19,72,25.33,13.85
STU00319,CE302,1,45,102,46.5,22.08
STU00319,CE304,2,53,84,55.88,17.62
STU00320,ME304,1,46,127,70.79,44.64
STU00320,ME305,2,60,108,78.19,23.21
STU00321,IT303,1,13,95,70.34,19.64
STU00321,IT305,2,49,121,76.86,24.65
STU00321,IT302,3,42,87,54.93,22.0
STU00322,CE301,1,23,79,68.72,29.78
STU00322,CE302,2,39,95,53.78,18.14
STU00323,IT301,1,50,101,97.83,20.9
STU00323,IT301,2,40,140,95.76,41.09
STU00323,IT304,3,35,126,77.61,25.73
STU00323,IT304,4,19,151,60.69,30.14
STU00323,IT303,5,39,75,50.85,15.52
STU00323,IT304,6,38,144,87.79,11.63
STU00324,EC302,1,33,55,42.16,5.49
STU00324,EC305,2,27,116,56.3,14.58
STU00324,EC302,3,11,140,38.12,18.26
STU00324,EC301,4,47,43,53.52,21.44
STU00324,EC302,5,26,70,38.66,30.45
STU00325,CE304,1,17,7,9.42,11.72
STU00325,CE305,2,3,17,14.88,9.27
STU00325,CE302,3,17,29,36.69,9.08
STU00326,EC301,1,22,67,46.94,29.02
STU00326,EC304,2,36,116,47.77,7.15
STU00326,EC303,3,29,76,48.39,14.9
STU00327,ME304,1,34,54,27.02,18.07
STU00327,ME305,2,25,34,39.75,23.32
STU00327,ME301,3,7,90,31.62,33.58
STU00328,EE304,1,20,75,65.97,22.28
STU00328,EE302,2,46,49,49.17,27.11
STU00328,EE303,3,39,84,52.42,27.52
STU00328,EE304,4,30,88,69.04,25.18
STU00328,EE305,5,1,86,47.47,16.21
STU00329,IT303,1,45,102,57.59,24.4
STU00329,IT303,2,47,106,41.86,2.0
STU00330,IT303,1,64,140,86.16,38.36
STU00330,IT302,2,49,111,86.51,15.97
STU00330,IT301,3,56,135,92.95,34.21
STU00330,IT301,4,18,116,94.55,31.26
STU00331,EC303,1,23,20,34.8,14.6
STU00331,EC303,2,8,160,50.49,13.77
STU00332,EC305,1,60,64,45.3,22.52
STU00332,EC304,2,37,104,40.53,30.35
STU00332,EC303,3,64,120,43.03,39.69
STU00332,EC303,4,38,79,44.42,46.56
STU00333,CS301,1,6,59,32.85,2.0
STU00333,CS301,2,11,63,24.26,13.61
STU00333,CS303,3,8,58,0.14,10.6
STU00333,CS303,4,21,38,37.48,23.43
STU00334,IT303,1,40,21,32.24,14.94
STU00334,IT305,2,38,43,37.02,21.26
STU00334,IT301,3,38,30,37.29,20.41
STU00335,ME305,1,14,52,54.46,20.16
STU00335,ME301,2,8,65,35.81,36.77
STU00335,ME302,3,43,33,32.47,3.51
STU00336,IT301,1,9,0,2.71,4.91
STU00336,IT303,2,5,9,0.0,2.0
STU00337,CE305,1,5,11,2.33,5.69
STU00337,CE301,2,0,0,16.93,2.0
STU00337,CE302,3,9,0,0.0,2.0
STU00338,IT303,1,6,34,16.99,3.73
STU00338,IT303,2,14,22,31.98,10.06
STU00338,IT301,3,23,0,27.4,13.54
STU00338,IT301,4,0,48,25.67,2.0
STU00338,IT304,5,21,0,8.39,14.22
STU00338,IT302,6,0,4,21.57,2.0
STU00339,ME303,1,38,96,34.51,24.57
STU00339,ME305,2,6,47,30.79,14.7
STU00339,ME302,3,22,70,41.98,34.75
STU00340,EC305,1,0,12,23.21,2.74
STU00340,EC302,2,0,55,11.32,3.63
STU00340,EC305,3,18,22,8.37,9.49
STU00340,EC305,4,31,4,23.84,19.55
STU00340,EC304,5,23,36,14.87,2.0
STU00341,CS302,1,20,79,61.21,27.72
STU00341,CS302,2,40,54,49.62,25.3
STU00341,CS305,3,55,114,62.62,32.78
STU00342,CE304,1,10,109,28.92,15.27
STU00342,CE303,2,21,52,37.5,2.0
STU00342,CE303,3,14,21,49.59,17.01
STU00342,CE305,4,0,65,38.11,3.22
STU00342,CE302,5,4,79,34.05,25.9
STU00342,CE301,6,27,47,34.74,24.63
STU00343,IT301,1,23,95,50.52,9.94
STU00343,IT303,2,42,68,43.1,20.85
STU00343,IT303,3,64,42,61.27,13.14
STU00343,IT302,4,31,78,34.03,16.14
STU00344,EC301,1,21,57,47.34,3.56
STU00344,EC303,2,34,124,46.22,22.49
STU00344,EC303,3,43,81,55.11,6.38
STU00344,EC305,4,44,123,64.33,19.78
STU00344,EC302,5,12,85,58.12,36.77
STU00344,EC305,6,11,57,39.55,2.0
STU00345,IT301,1,35,58,52.37,20.79
STU00345,IT303,2,33,76,59.44,34.54
STU00345,IT303,3,32,126,58.54,24.33
STU00345,IT303,4,35,89,45.97,18.99
STU00346,EC305,1,33,88,61.48,28.44
STU00346,EC304,2,19,91,21.85,12.33
STU00346,EC305,3,34,33,52.39,20.58
STU00346,EC304,4,42,66,50.99,32.82
STU00346,EC303,5,32,137,56.24,30.34
STU00346,EC302,6,19,61,45.78,21.31
STU00347,ME304,1,36,85,40.57,11.65
STU00347,ME304,2,14,64,54.98,13.39
STU00347,ME302,3,26,62,47.12,12.57
STU00348,ME304,1,0,53,29.6,29.49
STU00348,ME304,2,23,40,35.18,5.47
STU00349,ME302,1,28,21,32.53,38.39
STU00349,ME302,2,38,5,31.95,19.49
STU00349,ME301,3,37,37,31.94,13.74
STU00350,ME302,1,0,99,60.62,15.44
STU00350,ME305,2,38,46,51.13,11.63
STU00350,ME301,3,19,74,58.42,19.23
STU00351,EC304,1,21,70,39.33,21.1
STU00351,EC304,2,8,61,36.31,34.66
STU00352,IT305,1,29,47,33.84,25.1
STU00352,IT301,2,27,59,48.92,19.87
STU00353,EE304,1,64,104,68.7,12.38
STU00353,EE301,2,37,98,63.88,42.53
STU00353,EE301,3,51,130,84.82,46.85
STU00353,EE302,4,40,19,79.19,23.31
STU00353,EE303,5,53,135,76.41,24.5
STU00354,CS301,1,36,93,36.62,19.97
STU00354,CS301,2,32,56,60.2,14.19
STU00354,CS301,3,36,60,23.63,37.19
STU00354,CS302,4,24,134,40.4,36.02
STU00354,CS305,5,24,90,81.05,37.18
STU00354,CS302,6,36,64,46.59,16.5
STU00355,EE304,1,62,163,100.0,32.96
STU00355,EE302,2,36,180,96.88,16.59
STU00355,EE305,3,53,100,81.52,51.72
STU00355,EE305,4,79,186,94.41,43.6
STU00356,ME301,1,49,9,56.07,15.06
STU00356,ME305,2,59,74,47.96,28.87
STU00357,EE305,1,31,72,52.37,22.96
STU00357,EE302,2,14,26,38.27,21.05
STU00358,EC301,1,52,150,59.88,34.54
STU00358,EC304,2,42,49,88.92,39.23
STU00358,EC302,3,38,138,84.3,34.93
STU00359,EC302,1,48,116,77.11,24.56
STU00359,EC301,2,31,24,72.11,47.68
STU00359,EC302,3,28,146,45.86,32.66
STU00359,EC302,4,24,72,42.28,16.25
STU00360,ME303,1,21,50,36.93,19.56
STU00360,ME305,2,0,50,54.39,14.89
STU00360,ME301,3,21,89,62.37,2.0
STU00360,ME301,4,17,39,63.59,27.39
STU00361,EC302,1,50,163,100.0,42.88
STU00361,EC304,2,56,156,84.18,44.99
STU00361,EC305,3,59,145,100.0,55.21
STU00361,EC304,4,77,154,100.0,30.89
STU00361,EC303,5,55,153,100.0,52.8
STU00361,EC303,6,63,169,100.0,30.72
STU00362,EC304,1,36,65,40.39,12.89
STU00362,EC303,2,25,67,62.71,31.29
STU00362,EC301,3,32,49,53.63,19.43
STU00362,EC302,4,24,121,43.93,35.86
STU00363,EE304,1,71,144,82.11,31.08
STU00363,EE304,2,46,122,56.74,23.76
STU00363,EE301,3,49,135,67.44,2.0
STU00364,EC302,1,11,56,52.36,30.69
STU00364,EC303,2,10,57,36.0,13.21
STU00364,EC302,3,15,68,32.77,5.97
STU00364,EC303,4,34,29,35.82,11.69
STU00365,EE304,1,26,118,50.02,23.78
STU00365,EE304,2,37,167,76.61,51.56
STU00365,EE302,3,63,63,54.25,23.35
STU00365,EE304,4,29,73,79.23,8.48
STU00365,EE305,5,46,132,46.3,21.54
STU00366,CS305,1,37,32,38.95,7.16
STU00366,CS305,2,12,28,36.52,24.42
STU00366,CS304,3,12,33,36.82,20.78
STU00366,CS305,4,11,64,64.61,9.93
STU00366,CS305,5,26,37,30.39,9.84
STU00366,CS301,6,4,44,36.26,8.7
STU00367,ME301,1,29,64,84.94,41.23
STU00367,ME301,2,28,9,62.24,28.48
STU00367,ME305,3,27,150,54.53,24.51
STU00367,ME302,4,22,91,64.37,27.47
STU00368,EE303,1,7,0,24.92,39.32
STU00368,EE302,2,30,47,61.75,22.81
STU00369,CE302,1,48,129,83.64,26.45
STU00369,CE302,2,36,160,54.88,14.9
STU00369,CE302,3,52,129,75.27,11.41
STU00369,CE302,4,43,120,72.11,31.97
STU00369,CE302,5,43,80,75.88,22.64
STU00370,EE304,1,38,83,72.28,39.56
STU00370,EE301,2,59,87,58.63,31.36
STU00371,EC301,1,38,134,70.41,23.2
STU00371,EC305,2,38,119,79.13,51.28
STU00371,EC301,3,56,134,71.12,20.86
STU00371,EC303,4,52,115,59.58,26.03
STU00371,EC301,5,28,126,72.92,12.0
STU00371,EC301,6,44,98,84.96,14.01
STU00372,CE304,1,37,116,31.09,4.18
STU00372,CE302,2,7,44,29.7,5.54
STU00372,CE302,3,24,85,15.94,7.02
STU00372,CE304,4,33,22,33.31,9.49
STU00372,CE303,5,6,79,46.94,23.6
STU00372,CE301,6,30,23,43.72,20.57
STU00373,EE302,1,26,107,64.86,17.01
STU00373,EE301,2,23,71,53.02,41.08
STU00374,CS302,1,50,121,100.0,39.94
STU00374,CS304,2,38,165,79.82,35.92
STU00374,CS304,3,51,90,96.8,41.98
STU00374,CS305,4,55,112,76.05,29.39
STU00374,CS302,5,53,102,83.22,31.09
STU00374,CS302,6,31,106,100.0,36.98
STU00375,IT305,1,39,115,68.78,17.55
STU00375,IT302,2,34,78,63.86,15.01
STU00376,CS305,1,4,3,26.87,2.0
STU00376,CS302,2,0,2,0.0,6.92
STU00376,CS302,3,0,18,8.71,2.0
STU00376,CS304,4,0,27,15.07,2.0
STU00376,CS303,5,12,29,11.47,2.0
STU00377,CS302,1,21,64,51.11,28.01
STU00377,CS303,2,42,106,62.3,18.93
STU00377,CS302,3,38,62,28.18,20.98
STU00377,CS301,4,30,104,27.75,23.72
STU00377,CS301,5,38,54,30.19,2.0
STU00378,IT303,1,33,111,70.28,35.99
STU00378,IT302,2,41,123,76.4,34.09
STU00378,IT302,3,35,127,93.03,26.82
STU00378,IT301,4,24,64,80.9,40.21
STU00378,IT305,5,21,181,72.05,22.25
STU00378,IT303,6,34,162,71.49,46.94
STU00379,ME302,1,69,93,84.69,21.01
STU00379,ME302,2,42,125,67.58,21.78
STU00379,ME301,3,64,137,60.01,52.61
STU00379,ME305,4,67,113,59.97,32.95
STU00379,ME301,5,52,109,97.2,24.05
STU00379,ME303,6,65,94,61.48,40.13
STU00380,ME301,1,15,33,48.82,8.26
STU00380,ME303,2,23,28,47.54,2.0
STU00380,ME305,3,26,92,44.87,13.63
STU00380,ME303,4,18,42,31.38,19.04
STU00381,CE302,1,45,114,74.26,3.88
STU00381,CE303,2,31,67,59.27,33.14
STU00381,CE305,3,12,107,56.74,39.34
STU00381,CE305,4,31,80,71.96,20.77
STU00382,EE305,1,7,64,54.75,32.41
STU00382,EE304,2,34,74,72.24,18.6
STU00383,CE302,1,25,69,39.8,16.82
STU00383,CE304,2,20,56,50.48,2.0
STU00383,CE301,3,20,41,49.77,9.28
STU00383,CE302,4,28,17,55.47,24.88
STU00384,EE305,1,48,82,74.15,32.01
STU00384,EE304,2,40,108,84.7,31.97
STU00384,EE303,3,19,51,76.93,21.54
STU00385,EE305,1,35,90,64.39,36.07
STU00385,EE301,2,50,103,78.92,32.98
STU00385,EE302,3,52,127,71.35,32.84
STU00385,EE305,4,18,117,47.65,19.34
STU00386,IT305,1,36,98,52.86,39.51
STU00386,IT301,2,79,101,82.91,15.79
STU00386,IT302,3,41,130,70.01,25.34
STU00387,ME301,1,64,136,62.95,29.7
STU00387,ME301,2,26,102,89.69,28.46
STU00387,ME303,3,32,118,72.41,27.08
STU00387,ME303,4,41,106,66.7,27.82
STU00387,ME301,5,37,135,65.1,18.04
STU00387,ME305,6,75,54,69.22,39.08
STU00388,IT301,1,44,93,95.15,45.24
STU00388,IT302,2,39,95,95.14,27.49
STU00388,IT303,3,58,148,72.04,30.13
STU00388,IT303,4,54,83,81.43,39.52
STU00389,CE301,1,37,57,21.75,3.8
STU00389,CE301,2,22,41,40.2,25.51
STU00389,CE303,3,7,44,12.88,34.23
STU00390,EC305,1,30,78,32.46,9.95
STU00390,EC304,2,1,86,15.32,11.34
STU00390,EC305,3,0,77,30.22,2.0
STU00390,EC303,4,20,77,45.08,2.0
STU00390,EC304,5,19,47,44.2,11.46
STU00391,EE301,1,43,104,100.0,22.7
STU00391,EE302,2,52,115,63.76,28.32
STU00391,EE302,3,58,132,98.05,38.76
STU00391,EE303,4,51,168,77.6,38.9
STU00392,EC305,1,11,72,30.17,10.99
STU00392,EC301,2,32,3,38.55,33.81
STU00392,EC304,3,19,99,35.46,2.0
STU00393,ME303,1,20,19,7.72,14.69
STU00393,ME304,2,35,79,42.98,2.0
STU00394,EE301,1,49,82,74.07,35.23
STU00394,EE301,2,40,135,56.65,14.43
STU00395,IT302,1,30,79,51.94,31.28
STU00395,IT303,2,45,102,64.25,28.07
STU00395,IT303,3,38,99,60.23,16.64
STU00395,IT305,4,46,121,45.68,25.78
STU00395,IT302,5,34,88,67.77,26.8
STU00396,CE303,1,11,28,0.0,2.0
STU00396,CE301,2,0,0,0.0,3.02
STU00397,ME302,1,22,82,31.91,18.18
STU00397,ME303,2,12,46,20.65,32.56
STU00397,ME305,3,31,51,36.91,13.53
STU00397,ME301,4,9,3,29.81,2.05
STU00397,ME304,5,44,51,52.49,15.04
STU00398,IT301,1,55,104,67.94,27.62
STU00398,IT301,2,29,100,99.59,21.74
STU00398,IT303,3,26,127,91.72,42.63
STU00399,EE301,1,49,50,74.24,26.83
STU00399,EE301,2,31,146,63.26,16.66
STU00399,EE304,3,44,94,64.93,24.4
STU00400,CS304,1,28,87,61.11,22.42
STU00400,CS305,2,43,96,63.03,37.84
STU00400,CS303,3,37,151,66.1,42.5
STU00400,CS301,4,35,37,76.12,36.91
STU00401,CS303,1,47,102,89.38,17.69
STU00401,CS302,2,42,106,72.38,38.69
STU00401,CS303,3,60,172,62.71,29.99
STU00401,CS304,4,84,132,84.28,22.19
STU00401,CS305,5,54,157,81.07,32.31
STU00402,CE303,1,49,135,86.04,46.46
STU00402,CE301,2,52,116,74.08,20.37
STU00402,CE301,3,33,130,90.3,40.23
STU00402,CE303,4,43,121,64.86,6.51
STU00402,CE301,5,33,104,52.91,32.71
STU00403,EC302,1,1,0,3.58,2.0
STU00403,EC303,2,0,0,26.61,5.32
STU00403,EC304,3,0,6,8.28,3.11
STU00403,EC305,4,0,0,2.33,2.0
STU00403,EC304,5,0,14,0.0,23.43
STU00404,CE305,1,40,122,96.48,36.95
STU00404,CE301,2,58,100,80.32,32.96
STU00404,CE302,3,62,106,51.55,32.28
STU00404,CE305,4,51,136,75.12,40.46
STU00404,CE305,5,49,128,87.72,36.53
STU00405,CE303,1,20,77,48.97,26.49
STU00405,CE302,2,31,44,24.19,11.64
STU00405,CE303,3,35,91,76.14,30.29
STU00406,CE303,1,30,99,51.9,20.07
STU00406,CE305,2,21,85,44.43,36.05
STU00407,ME304,1,2,53,7.56,14.92
STU00407,ME304,2,5,30,7.26,20.69
STU00407,ME303,3,10,73,35.99,11.31
STU00407,ME305,4,13,0,28.7,21.8
STU00407,ME301,5,14,22,7.13,6.16
STU00408,CS304,1,56,109,64.02,16.81
STU00408,CS302,2,54,59,84.76,24.4
STU00408,CS305,3,47,87,46.97,31.19
STU00408,CS304,4,34,89,60.43,28.0
STU00408,CS304,5,26,126,52.32,19.62
STU00409,ME301,1,49,163,49.6,36.07
STU00409,ME301,2,23,70,66.38,47.06
STU00409,ME301,3,58,106,92.69,35.19
STU00409,ME301,4,52,85,88.36,38.8
STU00409,ME305,5,45,87,94.39,46.86
STU00409,ME304,6,33,110,70.59,28.44
STU00410,CE304,1,33,88,55.35,33.61
STU00410,CE302,2,60,90,74.87,41.32
STU00410,CE305,3,63,67,51.59,14.17
STU00410,CE301,4,53,86,75.77,23.11
STU00411,CE301,1,21,36,28.43,15.81
STU00411,CE304,2,22,49,28.91,2.73
STU00411,CE304,3,26,32,21.57,10.2
STU00411,CE303,4,27,26,58.52,17.08
STU00411,CE305,5,31,81,28.19,2.0
STU00412,EC303,1,36,135,95.01,17.44
STU00412,EC304,2,21,139,46.25,23.95
STU00412,EC301,3,45,99,55.37,34.49
STU00412,EC301,4,50,122,80.84,28.51
STU00413,EE302,1,19,90,39.1,2.0
STU00413,EE305,2,29,45,59.63,20.21
STU00414,CS302,1,38,42,44.08,33.41
STU00414,CS302,2,33,109,41.51,18.23
STU00414,CS302,3,46,73,33.57,16.05
STU00414,CS301,4,27,120,72.36,2.0
STU00415,CS304,1,27,71,81.21,31.0
STU00415,CS304,2,32,122,86.9,21.43
STU00415,CS305,3,53,90,94.04,36.95
STU00416,CS302,1,28,22,35.94,31.22
STU00416,CS302,2,27,30,40.92,24.31
STU00416,CS305,3,21,1,32.4,9.18
STU00416,CS303,4,0,0,9.51,9.69
STU00416,CS303,5,2,25,38.63,6.3
STU00417,CS301,1,68,180,87.17,31.82
STU00417,CS304,2,67,130,63.06,38.35
STU00418,EC302,1,21,8,8.7,27.73
STU00418,EC305,2,20,24,23.92,12.08
STU00418,EC305,3,37,13,23.69,5.11
STU00418,EC301,4,16,21,43.13,5.78
STU00418,EC304,5,2,77,9.28,2.0
STU00418,EC302,6,23,72,48.03,10.26
STU00419,ME303,1,5,59,52.24,26.7
STU00419,ME305,2,33,104,28.57,20.04
STU00419,ME304,3,20,23,7.69,25.68
STU00420,EE303,1,29,96,38.86,7.0
STU00420,EE302,2,23,52,60.66,29.58
STU00421,EE301,1,7,42,43.22,2.24
STU00421,EE304,2,4,0,31.26,7.4
STU00421,EE301,3,0,116,6.42,10.93
STU00421,EE303,4,11,5,40.77,18.4
STU00421,EE302,5,11,25,40.77,18.44
STU00421,EE301,6,8,27,11.89,7.63
STU00422,CS302,1,52,151,57.31,21.05
STU00422,CS301,2,56,162,76.62,29.5
STU00422,CS301,3,37,132,98.08,36.8
STU00422,CS301,4,37,112,76.87,38.82
STU00423,EE302,1,14,33,42.61,30.31
STU00423,EE304,2,31,51,44.95,24.05
STU00424,EC302,1,63,114,100.0,13.66
STU00424,EC303,2,47,150,60.05,40.34
STU00424,EC302,3,52,161,71.36,37.55
STU00424,EC301,4,11,157,82.39,38.42
STU00424,EC303,5,56,174,79.99,24.35
STU00425,CS305,1,34,72,49.83,7.24
STU00425,CS302,2,27,76,52.33,5.7
STU00425,CS301,3,26,61,42.31,7.8
STU00425,CS305,4,33,27,33.45,17.44
STU00425,CS305,5,34,36,27.06,20.66
STU00425,CS305,6,8,55,39.31,15.46
STU00426,ME303,1,38,79,46.58,8.52
STU00426,ME302,2,33,148,43.26,21.44
STU00426,ME303,3,37,45,43.01,39.68
STU00427,CS301,1,18,53,33.21,26.32
STU00427,CS303,2,9,0,29.32,3.81
STU00427,CS304,3,9,0,31.24,2.0
STU00428,EE303,1,43,68,87.0,24.04
STU00428,EE304,2,53,127,100.0,26.31
STU00429,IT305,1,28,51,62.33,20.69
STU00429,IT302,2,13,91,80.37,23.42
STU00429,IT302,3,15,39,49.53,36.51
STU00429,IT303,4,23,142,45.72,13.31
STU00429,IT301,5,43,123,48.98,26.3
STU00430,ME302,1,29,104,43.71,35.29
STU00430,ME304,2,36,91,62.87,22.85
STU00430,ME304,3,26,77,58.16,24.79
STU00431,CE305,1,36,87,57.4,16.03
STU00431,CE305,2,30,108,62.69,36.3
STU00431,CE304,3,20,90,61.61,9.75
STU00431,CE305,4,38,50,58.98,12.1
STU00432,EE301,1,5,0,2.9,2.0
STU00432,EE302,2,23,0,10.1,2.0
STU00432,EE305,3,2,11,33.61,14.18
STU00432,EE305,4,10,2,0.0,17.45
STU00433,EE305,1,36,40,23.5,2.0
STU00433,EE304,2,25,98,46.32,31.82
STU00433,EE301,3,17,76,43.41,20.77
STU00433,EE303,4,12,131,44.74,18.32
STU00434,EE303,1,23,89,42.45,4.11
STU00434,EE301,2,5,24,11.22,8.64
STU00434,EE303,3,45,77,43.53,6.1
STU00435,ME303,1,50,50,65.09,28.85
STU00435,ME301,2,41,97,52.92,29.88
STU00435,ME301,3,49,99,51.32,19.4
STU00436,EC304,1,8,123,28.83,19.6
STU00436,EC302,2,24,82,57.67,41.19
STU00436,EC304,3,37,55,70.13,30.22
STU00437,CS302,1,41,89,89.72,31.02
STU00437,CS301,2,39,112,64.56,22.66
STU00437,CS305,3,55,113,68.24,20.33
STU00437,CS305,4,59,92,56.94,23.66
STU00437,CS304,5,43,137,73.91,16.95
STU00437,CS303,6,63,131,77.03,47.64
STU00438,CE301,1,32,68,56.59,34.64
STU00438,CE304,2,20,105,74.25,23.52
STU00438,CE303,3,26,95,63.01,30.67
STU00439,EE301,1,30,103,73.73,26.78
STU00439,EE302,2,9,87,51.13,12.81
STU00440,EC304,1,29,123,74.64,30.57
STU00440,EC305,2,40,104,68.71,33.74
STU00440,EC303,3,46,91,58.23,35.27
STU00440,EC305,4,49,90,74.54,33.13
STU00440,EC304,5,53,99,71.77,20.7
STU00440,EC302,6,44,115,62.7,14.39
STU00441,CS305,1,52,97,78.55,39.56
STU00441,CS303,2,20,140,38.08,8.63
STU00442,CS304,1,40,104,75.02,27.35
STU00442,CS304,2,54,38,63.11,10.03
STU00443,IT303,1,37,71,44.37,19.3
STU00443,IT304,2,0,63,72.7,20.62
STU00443,IT305,3,50,107,79.31,13.92
STU00443,IT304,4,41,55,71.26,6.65
STU00444,CE303,1,70,198,95.07,28.61
STU00444,CE304,2,45,163,78.53,26.11
STU00444,CE303,3,33,129,98.93,41.11
STU00444,CE301,4,61,147,97.79,30.21
STU00444,CE301,5,58,139,80.36,37.32
STU00445,CE301,1,7,50,20.97,30.09
STU00445,CE304,2,19,12,16.42,17.66
STU00445,CE302,3,23,0,3.72,16.39
STU00446,ME303,1,17,103,41.29,10.71
STU00446,ME301,2,29,65,28.38,21.4
STU00446,ME301,3,23,77,55.33,25.97
STU00447,ME303,1,56,119,73.01,39.42
STU00447,ME303,2,32,147,85.78,26.5
STU00448,CE304,1,13,61,47.1,4.7
STU00448,CE302,2,28,64,19.11,23.2
STU00448,CE305,3,31,48,19.94,11.2
STU00448,CE301,4,32,37,19.18,7.53
STU00448,CE303,5,0,41,41.88,2.0
STU00448,CE305,6,11,29,18.6,17.39
STU00449,EE301,1,17,25,52.4,31.57
STU00449,EE305,2,31,80,70.89,11.02
STU00449,EE304,3,40,111,44.96,33.09
STU00449,EE303,4,30,100,73.62,41.69
STU00449,EE302,5,28,92,52.42,14.19
STU00450,EE303,1,30,82,22.8,21.38
STU00450,EE303,2,39,86,30.23,22.05
STU00450,EE302,3,28,124,70.04,29.73
STU00450,EE301,4,68,32,47.39,7.09
STU00451,EC302,1,34,85,62.42,23.72
STU00451,EC302,2,12,97,66.2,16.87
STU00452,CS302,1,4,82,31.03,16.79
STU00452,CS301,2,27,37,47.46,6.24
STU00452,CS302,3,10,57,15.4,4.03
STU00452,CS303,4,24,68,52.16,18.11
STU00452,CS302,5,25,89,42.73,33.13
STU00453,IT302,1,41,103,75.05,17.98
STU00453,IT304,2,43,116,76.11,23.27
STU00453,IT305,3,35,126,58.37,44.08
STU00454,CS302,1,24,29,34.73,33.09
STU00454,CS303,2,44,118,41.2,40.49
STU00454,CS302,3,49,45,38.41,5.13
STU00454,CS305,4,41,73,42.2,18.4
STU00454,CS302,5,37,59,44.13,19.54
STU00455,IT301,1,0,0,4.47,2.0
STU00455,IT301,2,0,29,29.17,2.51
STU00456,ME303,1,33,81,1.12,9.78
STU00456,ME304,2,23,11,22.09,12.91
STU00456,ME303,3,20,79,27.16,8.68
STU00457,CE305,1,16,127,58.64,24.54
STU00457,CE303,2,39,53,73.59,33.6
STU00458,ME302,1,72,112,85.32,38.0
STU00458,ME305,2,65,150,80.01,25.49
STU00458,ME305,3,60,108,75.25,33.66
STU00459,CS304,1,29,63,20.62,15.65
STU00459,CS303,2,26,87,33.63,13.32
STU00460,IT304,1,46,120,65.61,24.52
STU00460,IT302,2,58,107,63.65,17.86
STU00461,ME304,1,26,192,100.0,41.19
STU00461,ME305,2,59,104,99.34,34.26
STU00461,ME305,3,60,110,100.0,58.57
STU00462,CS304,1,30,80,58.31,15.56
STU00462,CS301,2,20,37,51.15,27.24
STU00462,CS301,3,34,66,72.24,23.84
STU00462,CS301,4,35,97,68.45,34.56
STU00462,CS301,5,40,36,55.0,2.0
STU00462,CS302,6,45,82,41.6,21.21
STU00463,EE301,1,31,89,50.57,16.29
STU00463,EE302,2,15,58,45.16,19.92
STU00463,EE304,3,39,63,52.42,14.66
STU00463,EE301,4,35,62,58.83,32.95
STU00463,EE303,5,21,86,56.37,25.91
STU00463,EE302,6,51,16,42.4,19.87
STU00464,IT303,1,35,96,59.92,20.03
STU00464,IT305,2,22,82,69.52,28.69
STU00464,IT301,3,20,109,84.05,22.49
STU00465,EC305,1,17,73,30.72,17.06
STU00465,EC303,2,7,31,46.67,27.8
STU00465,EC302,3,23,36,36.69,8.61
STU00466,CE302,1,25,120,70.94,16.63
STU00466,CE303,2,45,144,64.78,27.93
STU00467,ME301,1,53,182,100.0,51.05
STU00467,ME304,2,63,110,100.0,32.17
STU00467,ME301,3,52,172,96.71,22.79
STU00468,ME301,1,14,30,20.33,2.0
STU00468,ME301,2,27,50,31.9,7.73
STU00468,ME304,3,28,31,13.6,17.15
STU00468,ME304,4,14,0,20.0,2.12
STU00469,IT301,1,41,57,31.21,30.61
STU00469,IT301,2,37,93,53.18,19.85
STU00469,IT302,3,24,45,55.92,5.06
STU00469,IT302,4,25,89,45.04,18.68
STU00469,IT301,5,44,86,32.78,12.54
STU00470,ME304,1,21,49,47.39,9.39
STU00470,ME303,2,6,89,71.37,2.0
STU00470,ME304,3,25,47,52.44,29.01
STU00470,ME303,4,21,78,38.69,36.28
STU00471,IT303,1,69,171,94.66,34.0
STU00471,IT303,2,68,160,87.54,52.88
STU00472,ME303,1,42,23,43.22,20.38
STU00472,ME302,2,33,96,29.67,27.49
STU00473,CE302,1,31,50,35.02,16.07
STU00473,CE304,2,5,87,39.11,17.69
STU00473,CE302,3,41,0,52.4,23.49
STU00474,EE302,1,48,128,77.34,29.55
STU00474,EE302,2,34,128,53.61,37.79
STU00474,EE301,3,42,80,66.68,19.64
STU00474,EE305,4,56,75,58.77,28.96
STU00475,EC302,1,18,112,33.15,9.32
STU00475,EC303,2,47,0,23.53,12.38
STU00475,EC304,3,20,33,46.54,31.29
STU00475,EC303,4,20,72,37.63,13.04
STU00475,EC302,5,10,11,32.46,8.49
STU00475,EC305,6,20,92,37.87,19.67
STU00476,CS301,1,23,29,39.65,22.36
STU00476,CS304,2,14,32,37.75,11.46
STU00476,CS303,3,37,100,19.62,21.14
STU00476,CS301,4,30,92,27.17,34.77
STU00476,CS302,5,34,151,42.21,10.05
STU00476,CS302,6,33,8,51.79,2.0
STU00477,CE305,1,0,11,0.0,2.83
STU00477,CE303,2,2,0,15.44,9.54
STU00477,CE303,3,2,27,0.0,15.23
STU00477,CE303,4,0,0,0.0,19.18
STU00477,CE304,5,0,11,6.16,2.39
STU00477,CE302,6,0,0,0.0,3.87
STU00478,EC301,1,16,104,56.62,23.95
STU00478,EC304,2,23,83,70.85,11.2
STU00478,EC301,3,44,60,46.59,13.99
STU00478,EC303,4,36,108,53.88,23.81
STU00478,EC301,5,37,90,21.52,27.55
STU00478,EC302,6,9,83,56.12,20.17
STU00479,ME305,1,32,128,81.62,30.39
STU00479,ME301,2,60,138,83.69,32.77
STU00479,ME302,3,36,77,83.58,16.16
STU00479,ME304,4,54,89,95.2,38.23
STU00480,CE302,1,0,57,0.0,4.99
STU00480,CE304,2,0,4,37.33,4.19
STU00480,CE302,3,4,0,8.69,7.65
STU00480,CE304,4,1,0,23.38,2.0
STU00481,ME303,1,32,68,70.91,49.81
STU00481,ME305,2,34,99,55.76,27.28
STU00482,IT305,1,44,75,41.71,6.37
STU00482,IT303,2,10,76,67.09,19.21
STU00482,IT302,3,20,46,48.52,13.14
STU00483,ME304,1,54,100,62.43,19.22
STU00483,ME303,2,31,166,44.2,14.12
STU00483,ME301,3,27,99,29.9,13.81
STU00484,CE304,1,41,99,68.38,18.0
STU00484,CE304,2,33,101,49.35,25.46
STU00484,CE301,3,22,54,63.07,10.67
STU00484,CE305,4,13,120,40.12,28.98
STU00484,CE303,5,38,103,46.88,41.38
STU00484,CE304,6,38,66,46.38,2.4
STU00485,EE304,1,22,50,58.64,11.88
STU00485,EE304,2,21,113,62.87,36.13
STU00485,EE301,3,32,65,55.03,29.25
STU00485,EE304,4,37,48,43.13,31.68
STU00485,EE302,5,33,67,48.7,11.48
STU00486,EC305,1,48,79,57.3,38.36
STU00486,EC302,2,54,120,72.23,21.22
STU00486,EC301,3,21,123,54.68,11.4
STU00487,ME304,1,42,176,100.0,46.95
STU00487,ME304,2,68,139,66.77,40.25
STU00487,ME301,3,40,116,77.31,12.56
STU00488,EC303,1,56,133,86.22,36.48
STU00488,EC303,2,43,186,67.2,39.63
STU00489,EE305,1,19,68,11.15,18.72
STU00489,EE303,2,31,23,12.95,17.56
STU00489,EE301,3,2,59,11.28,7.21
STU00489,EE302,4,13,79,24.36,11.1
STU00490,EE304,1,13,29,54.87,29.91
STU00490,EE302,2,37,76,28.55,10.85
STU00490,EE303,3,10,63,45.44,11.74
STU00490,EE301,4,41,102,66.76,28.9
STU00490,EE305,5,22,75,43.17,22.61
STU00490,EE301,6,33,64,64.82,10.78
STU00491,EE302,1,27,42,36.28,33.66
STU00491,EE305,2,43,43,55.84,23.56
STU00492,CE302,1,41,31,64.93,36.61
STU00492,CE304,2,32,70,52.31,15.05
STU00492,CE305,3,39,79,31.06,17.03
STU00493,IT301,1,35,26,37.18,12.15
STU00493,IT303,2,25,118,65.86,7.66
STU00493,IT304,3,34,90,18.49,5.89
STU00493,IT302,4,28,27,33.36,13.3
STU00493,IT305,5,14,57,23.79,14.87
STU00494,CS301,1,5,60,42.12,8.9
STU00494,CS302,2,14,35,38.19,12.08
STU00494,CS302,3,2,34,39.75,2.0
STU00494,CS302,4,29,42,38.51,24.16
STU00494,CS305,5,18,75,33.21,14.79
STU00494,CS304,6,38,36,17.99,11.62
STU00495,ME303,1,0,71,11.11,3.94
STU00495,ME305,2,9,15,66.76,24.34
STU00495,ME303,3,9,35,52.46,12.46
STU00495,ME304,4,24,59,26.13,2.0
STU00496,IT304,1,31,135,63.05,23.95
STU00496,IT304,2,61,153,66.95,39.22
STU00497,CS303,1,34,46,60.32,29.07
STU00497,CS301,2,31,80,45.96,20.71
STU00498,CE305,1,31,50,66.76,2.0
STU00498,CE301,2,16,71,39.54,5.76
STU00499,EE303,1,56,78,76.27,54.71
STU00499,EE304,2,36,72,74.11,16.59
STU00500,ME301,1,52,118,95.43,30.56
STU00500,ME303,2,49,100,83.89,36.32
STU00500,ME303,3,72,108,80.05,37.34
STU00500,ME305,4,52,160,99.4,41.69
STU00501,CS302,1,0,24,0.0,16.16
STU00501,CS305,2,15,50,0.0,2.0
STU00501,CS304,3,16,11,9.12,13.54
STU00502,CE303,1,46,67,58.28,15.41
STU00502,CE301,2,25,81,50.92,8.79
STU00502,CE304,3,28,94,53.22,19.45
STU00502,CE305,4,24,82,65.04,19.6
STU00503,CS305,1,28,116,77.29,36.26
STU00503,CS302,2,78,144,75.74,28.94
STU00503,CS305,3,55,180,81.82,41.06
STU00503,CS305,4,44,134,73.35,22.19
STU00503,CS301,5,26,143,70.23,24.63
STU00503,CS301,6,31,74,78.12,29.79
STU00504,CS301,1,55,80,65.11,18.03
STU00504,CS304,2,55,75,62.64,30.04
STU00504,CS303,3,38,92,61.37,5.92
STU00505,EE301,1,30,80,52.08,9.07
STU00505,EE304,2,25,17,49.6,16.16
STU00505,EE301,3,23,0,37.6,26.4
STU00506,EE303,1,36,94,48.09,15.92
STU00506,EE301,2,15,112,46.12,19.76
STU00506,EE304,3,28,41,68.04,27.88
STU00506,EE305,4,32,141,64.95,43.64
STU00506,EE302,5,53,80,47.18,19.79
STU00506,EE301,6,46,101,68.82,24.07
STU00507,EC302,1,35,64,52.19,12.95
STU00507,EC302,2,47,67,84.38,22.1
STU00507,EC304,3,48,83,75.91,40.23
STU00507,EC303,4,53,189,82.57,16.61
STU00507,EC302,5,48,82,58.87,31.39
STU00508,IT305,1,24,65,32.7,23.7
STU00508,IT301,2,36,104,46.9,6.69
STU00508,IT301,3,29,76,24.3,16.65
STU00508,IT301,4,22,115,43.11,20.71
STU00508,IT301,5,44,75,34.83,2.96
STU00509,EE305,1,34,70,48.2,2.0
STU00509,EE303,2,34,136,47.99,16.4
STU00509,EE305,3,48,39,66.83,24.22
STU00509,EE302,4,38,85,55.64,27.44
STU00509,EE305,5,35,68,50.4,20.54
STU00510,IT303,1,33,112,57.11,24.21
STU00510,IT305,2,29,65,77.33,25.49
STU00510,IT301,3,43,97,56.17,26.66
STU00510,IT304,4,61,108,33.54,19.71
STU00510,IT301,5,22,109,34.51,26.73
STU00510,IT302,6,26,117,70.38,7.99
STU00511,CS301,1,70,136,73.98,17.11
STU00511,CS302,2,47,96,73.19,33.58
STU00512,EC305,1,7,93,71.28,19.03
STU00512,EC301,2,44,89,83.47,31.16
STU00512,EC303,3,48,99,84.35,48.15
STU00512,EC304,4,57,66,49.47,21.86
STU00512,EC301,5,34,74,71.24,27.09
STU00512,EC303,6,42,20,74.69,33.35
STU00513,EE305,1,42,122,77.76,2.0
STU00513,EE305,2,38,139,87.84,35.56
STU00513,EE304,3,35,116,71.75,43.76
STU00513,EE305,4,30,106,79.23,41.91
STU00513,EE305,5,38,128,44.46,21.04
STU00513,EE303,6,49,110,64.27,9.85
STU00514,EE303,1,21,16,64.46,6.18
STU00514,EE303,2,5,89,26.52,16.89
STU00515,CE301,1,38,103,86.61,44.18
STU00515,CE302,2,53,148,83.35,49.31
STU00515,CE301,3,51,108,72.78,32.22
STU00515,CE304,4,39,33,71.01,39.06
STU00516,IT305,1,31,75,57.95,34.88
STU00516,IT303,2,33,108,72.23,19.1
STU00516,IT304,3,53,133,82.16,32.17
STU00516,IT305,4,31,123,52.85,21.75
STU00516,IT302,5,35,74,77.0,27.58
STU00516,IT301,6,44,96,59.51,42.04
STU00517,ME304,1,64,169,97.01,48.42
STU00517,ME303,2,46,123,100.0,32.42
STU00518,CS303,1,30,85,48.97,26.89
STU00518,CS301,2,2,6,47.11,20.68
STU00518,CS301,3,18,84,55.43,12.54
STU00518,CS305,4,45,40,26.7,14.43
STU00518,CS301,5,30,91,27.88,34.19
STU00519,IT304,1,0,10,11.17,14.52
STU00519,IT302,2,0,16,0.0,6.87
STU00520,CE305,1,51,21,30.57,15.54
STU00520,CE301,2,11,67,7.79,2.36
STU00520,CE301,3,0,0,13.89,2.0
STU00520,CE303,4,0,0,11.2,4.36
STU00520,CE303,5,5,0,14.23,6.26
STU00521,ME302,1,37,103,51.75,10.65
STU00521,ME301,2,47,69,50.09,21.42
STU00522,EC304,1,0,47,37.47,13.48
STU00522,EC301,2,0,17,46.43,17.16
STU00522,EC301,3,24,98,59.67,14.45
STU00523,ME302,1,55,109,59.51,22.8
STU00523,ME302,2,51,63,70.71,25.17
STU00524,CS303,1,15,72,25.26,15.49
STU00524,CS305,2,16,79,34.74,2.0
STU00525,CS302,1,8,53,16.13,3.88
STU00525,CS304,2,5,36,15.4,30.84
STU00525,CS301,3,16,60,23.45,5.46
STU00525,CS303,4,20,0,13.46,11.68
STU00526,ME303,1,47,111,83.81,18.38
STU00526,ME304,2,41,80,70.71,36.12
STU00526,ME303,3,35,148,83.4,25.22
STU00526,ME302,4,57,121,85.39,34.24
STU00526,ME303,5,49,162,76.17,13.12
STU00527,EE303,1,34,76,62.33,22.52
STU00527,EE305,2,39,86,65.03,24.74
STU00528,IT301,1,0,0,11.9,2.0
STU00528,IT302,2,0,45,34.2,8.98
STU00528,IT303,3,0,0,3.44,2.0
STU00528,IT301,4,0,19,12.29,8.45
STU00529,CE301,1,38,50,15.3,3.73
STU00529,CE304,2,10,8,1.86,9.8
STU00529,CE301,3,12,0,0.0,12.22
STU00530,ME301,1,32,66,50.94,17.16
STU00530,ME303,2,39,92,70.8,24.41
STU00530,ME303,3,46,115,40.32,14.42
STU00530,ME301,4,35,75,65.63,27.85
STU00530,ME305,5,52,87,66.66,14.46
STU00531,EC301,1,40,40,13.4,21.73
STU00531,EC304,2,18,18,14.25,5.6
STU00531,EC301,3,40,54,13.54,12.77
STU00531,EC302,4,13,112,26.89,17.74
STU00531,EC302,5,20,45,22.37,12.72
STU00532,ME301,1,35,99,74.82,18.03
STU00532,ME301,2,21,78,73.37,20.8
STU00532,ME301,3,56,77,61.09,14.68
STU00532,ME303,4,52,109,49.43,9.3
STU00532,ME301,5,34,97,44.7,20.98
STU00532,ME305,6,42,35,61.92,28.62
STU00533,IT301,1,30,47,60.64,3.06
STU00533,IT305,2,11,97,32.0,5.99
STU00533,IT303,3,33,10,42.55,14.27
STU00533,IT304,4,21,99,56.2,13.56
STU00533,IT302,5,47,91,42.27,20.59
STU00534,ME302,1,40,44,23.36,25.56
STU00534,ME301,2,11,49,33.03,24.8
STU00534,ME303,3,19,36,30.65,14.02
STU00534,ME302,4,33,7,8.99,15.77
STU00534,ME303,5,0,26,21.37,17.5
STU00535,EC305,1,10,102,46.35,14.25
STU00535,EC303,2,34,70,78.37,32.66
STU00536,ME305,1,42,93,51.15,8.67
STU00536,ME301,2,23,58,22.97,27.0
STU00536,ME305,3,44,88,61.61,19.88
STU00536,ME303,4,51,40,36.31,9.43
STU00537,ME304,1,34,96,39.06,15.84
STU00537,ME304,2,33,89,36.24,2.0
STU00537,ME304,3,21,35,53.28,19.91
STU00537,ME303,4,26,97,46.72,32.1
STU00537,ME305,5,24,70,44.44,31.61
STU00538,CE301,1,29,61,42.31,6.8
STU00538,CE303,2,44,87,57.44,7.19
STU00538,CE301,3,22,44,46.58,6.36
STU00538,CE302,4,16,15,46.84,26.04
STU00538,CE303,5,46,63,39.65,13.1
STU00539,EE302,1,19,39,14.37,13.24
STU00539,EE302,2,0,0,25.05,21.54
STU00539,EE305,3,6,41,23.99,6.75
STU00539,EE302,4,2,24,10.5,8.87
STU00539,EE301,5,11,12,10.05,17.81
STU00540,EC304,1,33,135,49.63,39.69
STU00540,EC301,2,53,87,57.33,38.82
STU00540,EC301,3,34,140,53.97,29.75
STU00540,EC303,4,36,97,73.13,34.24
STU00540,EC303,5,24,101,73.16,10.2
STU00540,EC305,6,42,138,56.65,30.57
STU00541,CS301,1,31,49,2.23,36.74
STU00541,CS305,2,6,34,53.43,13.87
STU00541,CS301,3,21,93,41.92,3.78
STU00541,CS302,4,18,27,44.55,13.11
STU00542,CE305,1,16,59,37.15,8.74
STU00542,CE304,2,9,22,61.39,8.99
STU00542,CE304,3,22,22,60.08,6.19
STU00542,CE302,4,27,59,26.38,39.49
STU00543,CS305,1,36,170,77.28,47.24
STU00543,CS303,2,20,82,71.28,21.21
STU00543,CS303,3,73,99,76.84,27.7
STU00543,CS303,4,54,128,66.06,42.75
STU00544,CE303,1,49,52,54.41,15.47
STU00544,CE303,2,24,87,67.07,28.97
STU00544,CE305,3,19,101,52.83,26.35
STU00545,CS305,1,52,84,46.78,31.59
STU00545,CS303,2,34,145,50.4,18.62
STU00546,ME304,1,15,39,10.8,8.79
STU00546,ME302,2,11,8,30.72,23.21
STU00546,ME301,3,27,59,22.92,2.0
STU00547,ME305,1,4,9,26.68,3.93
STU00547,ME305,2,14,88,31.33,22.56
STU00547,ME305,3,18,2,7.84,2.0
STU00548,IT304,1,37,72,67.48,29.12
STU00548,IT303,2,27,73,49.84,25.21
STU00548,IT302,3,16,78,58.79,27.71
STU00548,IT302,4,26,106,77.82,30.77
STU00548,IT302,5,32,89,66.6,27.45
STU00548,IT302,6,48,85,52.95,20.58
STU00549,ME301,1,28,37,25.4,39.25
STU00549,ME304,2,7,102,24.24,14.4
STU00549,ME303,3,27,82,46.59,13.67
STU00549,ME303,4,19,44,21.47,2.0
STU00550,CE304,1,15,116,34.86,28.69
STU00550,CE304,2,13,46,53.71,2.0
STU00550,CE302,3,22,61,29.89,2.0
STU00550,CE305,4,22,35,39.07,31.53
STU00551,EC305,1,50,170,82.08,35.0
STU00551,EC305,2,71,120,99.48,47.05
STU00551,EC303,3,29,201,98.11,37.49
STU00551,EC303,4,41,174,85.35,46.45
STU00551,EC301,5,72,183,62.98,38.78
STU00552,ME305,1,8,0,16.16,2.0
STU00552,ME305,2,24,0,0.0,2.0
STU00552,ME302,3,6,0,0.0,14.04
STU00552,ME304,4,0,0,3.74,2.0
STU00552,ME302,5,6,0,22.07,2.0
STU00553,IT303,1,46,39,42.41,32.93
STU00553,IT301,2,8,56,64.02,19.7
STU00553,IT301,3,15,102,60.6,22.01
STU00553,IT301,4,20,37,47.32,15.81
STU00553,IT301,5,19,55,42.87,33.54
STU00554,CS305,1,11,44,43.63,2.0
STU00554,CS304,2,26,45,28.55,12.98
STU00554,CS302,3,21,29,38.72,9.43
STU00554,CS305,4,36,106,22.34,12.85
STU00554,CS303,5,25,88,25.79,18.94
STU00554,CS303,6,17,63,47.04,40.27
STU00555,CS305,1,12,64,61.29,35.93
STU00555,CS301,2,26,84,54.46,28.34
STU00555,CS303,3,56,81,66.82,20.73
STU00555,CS304,4,50,117,55.74,17.74
STU00555,CS304,5,26,57,77.23,27.56
STU00555,CS304,6,18,96,77.08,37.32
STU00556,EC305,1,36,80,36.67,12.9
STU00556,EC302,2,50,91,39.81,10.64
STU00556,EC305,3,32,61,68.96,20.95
STU00557,IT304,1,26,102,75.99,26.5
STU00557,IT304,2,16,128,47.25,45.91
STU00557,IT305,3,63,160,63.71,38.93
STU00557,IT301,4,39,90,71.2,25.69
STU00557,IT303,5,46,140,57.69,34.05
STU00558,EC301,1,53,80,96.12,34.64
STU00558,EC303,2,32,90,68.05,18.46
STU00558,EC304,3,64,92,72.71,33.99
STU00558,EC302,4,34,141,70.09,24.35
STU00559,EC302,1,16,21,31.95,16.47
STU00559,EC305,2,7,38,30.85,24.6
STU00560,EC305,1,35,92,78.57,27.82
STU00560,EC301,2,51,120,48.44,36.2
STU00560,EC303,3,36,116,67.7,45.7
STU00560,EC301,4,36,75,56.38,30.17
STU00560,EC303,5,36,114,77.31,38.57
STU00560,EC304,6,41,105,71.98,25.1
STU00561,EC303,1,47,31,36.56,25.21
STU00561,EC305,2,23,0,45.39,21.39
STU00561,EC302,3,34,69,36.49,17.56
STU00562,CE301,1,57,154,88.0,31.88
STU00562,CE305,2,70,124,88.97,37.16
STU00562,CE301,3,57,166,88.2,32.7
STU00563,CE305,1,48,136,91.38,25.54
STU00563,CE301,2,62,114,100.0,44.44
STU00563,CE301,3,45,139,98.21,29.16
STU00563,CE302,4,38,119,96.59,33.38
STU00563,CE305,5,37,119,79.2,33.36
STU00563,CE304,6,46,83,71.92,41.97
STU00564,EE303,1,32,74,43.02,32.17
STU00564,EE301,2,22,85,56.65,9.71
STU00564,EE304,3,13,69,62.99,20.34
STU00564,EE303,4,19,120,38.05,29.0
STU00564,EE302,5,20,103,29.87,25.31
STU00565,ME303,1,31,41,21.37,22.63
STU00565,ME302,2,21,37,18.35,2.0
STU00566,IT302,1,65,118,91.41,15.56
STU00566,IT303,2,39,150,98.67,43.32
STU00566,IT305,3,66,90,88.58,35.36
STU00566,IT303,4,60,120,79.29,11.01
STU00567,IT301,1,42,99,59.8,22.99
STU00567,IT302,2,15,55,21.16,20.96
STU00567,IT301,3,17,37,36.04,2.0
STU00567,IT302,4,18,60,47.91,17.68
STU00567,IT302,5,8,79,32.6,20.92
STU00568,EE304,1,38,59,79.93,17.97
STU00568,EE304,2,41,97,38.34,37.69
STU00568,EE304,3,25,123,46.08,44.46
STU00568,EE302,4,22,82,46.05,30.88
STU00569,EC305,1,43,69,33.97,32.43
STU00569,EC301,2,29,126,56.27,12.84
STU00570,EE304,1,30,20,30.84,20.55
STU00570,EE302,2,52,66,35.82,5.37
STU00571,IT303,1,0,47,9.21,2.0
STU00571,IT305,2,0,17,3.01,2.0
STU00571,IT303,3,24,9,6.72,8.49
STU00571,IT305,4,24,0,2.51,11.33
STU00571,IT303,5,0,0,17.84,2.0
STU00572,IT304,1,5,62,56.33,23.29
STU00572,IT304,2,30,140,50.06,10.41
STU00572,IT305,3,21,98,27.6,25.29
STU00572,IT303,4,22,42,57.35,23.65
STU00573,EC301,1,7,0,32.65,2.39
STU00573,EC304,2,8,0,12.62,2.0
STU00573,EC303,3,0,27,14.02,14.69
STU00574,IT301,1,10,74,41.44,23.81
STU00574,IT304,2,27,49,34.76,9.25
STU00574,IT301,3,34,68,31.17,23.68
STU00574,IT304,4,30,70,69.47,2.0
STU00574,IT304,5,24,18,37.29,14.12
STU00575,CS304,1,42,111,35.71,37.78
STU00575,CS301,2,34,82,45.27,40.77
STU00575,CS303,3,40,137,55.85,11.99
STU00575,CS304,4,46,31,38.08,20.87
STU00575,CS305,5,43,46,54.6,43.89
STU00575,CS303,6,51,80,40.7,7.54
STU00576,CS304,1,64,105,100.0,42.11
STU00576,CS304,2,57,162,92.27,31.71
STU00576,CS303,3,48,167,99.89,29.33
STU00576,CS303,4,80,165,54.69,34.56
STU00576,CS302,5,66,165,100.0,52.29
STU00577,IT303,1,26,80,29.82,20.8
STU00577,IT304,2,17,55,71.19,21.96
STU00578,EE302,1,17,122,22.44,25.8
STU00578,EE301,2,25,44,42.19,18.84
STU00578,EE302,3,17,60,55.36,17.47
STU00578,EE301,4,39,47,18.38,42.97
STU00578,EE301,5,8,117,28.64,13.01
STU00578,EE303,6,18,90,33.29,31.25
STU00579,EE305,1,37,85,38.86,20.93
STU00579,EE303,2,25,78,28.85,10.22
STU00580,CE305,1,65,77,61.48,33.52
STU00580,CE302,2,40,81,63.43,29.85
STU00580,CE302,3,37,127,62.73,42.35
STU00581,EE304,1,0,33,56.43,28.54
STU00581,EE305,2,29,68,23.9,16.97
STU00581,EE301,3,30,76,25.04,15.59
STU00581,EE301,4,25,29,33.56,6.67
STU00582,IT304,1,0,40,18.74,9.51
STU00582,IT301,2,20,27,24.65,7.92
STU00582,IT303,3,8,5,0.0,2.0
STU00582,IT301,4,0,36,21.39,12.96
STU00582,IT302,5,14,0,32.36,2.0
STU00582,IT303,6,9,0,10.94,7.5
STU00583,EC304,1,40,106,100.0,28.94
STU00583,EC303,2,26,146,65.02,23.18
STU00583,EC301,3,32,161,80.41,36.75
STU00583,EC305,4,64,174,78.09,42.29
STU00583,EC301,5,48,163,72.64,20.03
STU00584,EE305,1,49,121,62.98,24.83
STU00584,EE301,2,61,111,73.44,10.42
STU00584,EE302,3,66,130,92.08,40.42
STU00584,EE303,4,17,107,67.45,33.68
STU00584,EE305,5,27,140,100.0,41.1
STU00584,EE303,6,61,155,88.52,35.42
STU00585,CE302,1,38,146,80.66,31.5
STU00585,CE303,2,51,127,76.09,40.25
STU00585,CE304,3,48,176,73.54,27.4
STU00585,CE304,4,74,99,70.75,22.28
STU00585,CE302,5,54,85,52.44,21.24
STU00586,ME303,1,44,13,65.36,34.78
STU00586,ME303,2,29,89,50.95,14.36
STU00586,ME304,3,46,68,43.56,21.6
STU00586,ME304,4,48,92,66.46,34.95
STU00586,ME303,5,43,21,52.48,32.14
STU00586,ME304,6,31,78,57.8,29.59
STU00587,CE301,1,42,115,55.84,12.06
STU00587,CE302,2,39,84,40.32,25.6
STU00587,CE303,3,35,120,33.75,23.1
STU00587,CE305,4,41,98,18.63,19.51
STU00587,CE303,5,49,47,32.09,19.74
STU00587,CE302,6,32,59,32.99,7.24
STU00588,ME305,1,20,140,75.96,22.0
STU00588,ME302,2,47,107,53.02,12.78
STU00589,EC302,1,34,122,45.75,19.9
STU00589,EC302,2,38,96,56.67,23.51
STU00589,EC305,3,41,47,58.9,12.08
STU00589,EC305,4,30,112,57.23,31.2
STU00589,EC301,5,33,91,57.26,27.39
STU00589,EC303,6,25,102,45.81,19.1
STU00590,ME303,1,42,110,63.07,32.52
STU00590,ME301,2,52,72,69.4,34.89
STU00590,ME305,3,51,44,74.33,25.61
STU00590,ME301,4,45,142,59.69,43.48
STU00591,EC305,1,22,56,20.97,12.23
STU00591,EC305,2,0,55,25.59,22.32
STU00591,EC303,3,9,28,29.73,5.37
STU00592,EE304,1,23,157,60.09,8.58
STU00592,EE305,2,25,40,36.2,16.8
STU00592,EE301,3,22,16,46.58,16.02
STU00592,EE301,4,30,21,57.92,19.15
STU00593,EC301,1,3,126,37.48,11.89
STU00593,EC305,2,48,39,64.76,12.02
STU00593,EC302,3,16,45,53.04,32.53
STU00594,EE301,1,52,89,55.06,23.46
STU00594,EE304,2,25,34,38.05,7.15
STU00594,EE302,3,2,66,63.82,18.94
STU00594,EE302,4,51,101,54.78,26.56
STU00594,EE304,5,41,33,65.89,16.72
STU00595,CS301,1,24,10,9.41,12.44
STU00595,CS303,2,13,60,36.89,2.0
STU00595,CS305,3,10,41,31.7,10.03
STU00595,CS305,4,14,66,20.27,4.34
STU00596,CS302,1,51,111,78.12,55.09
STU00596,CS303,2,42,24,73.14,20.51
STU00596,CS305,3,43,77,62.78,31.32
STU00596,CS305,4,45,43,72.59,20.92
STU00596,CS304,5,28,86,50.3,23.79
STU00596,CS302,6,40,101,47.48,14.72
STU00597,EC302,1,26,104,51.68,28.5
STU00597,EC301,2,42,112,71.2,45.65
STU00597,EC304,3,22,88,78.59,30.01
STU00598,CS304,1,66,106,60.49,31.47
STU00598,CS301,2,33,104,70.95,30.08
STU00598,CS302,3,39,74,67.2,48.19
STU00599,CE305,1,45,101,73.55,20.72
STU00599,CE303,2,48,148,70.64,18.49
STU00600,ME305,1,24,110,74.89,29.07
STU00600,ME305,2,38,157,67.1,33.71
STU00601,CE303,1,42,81,74.24,30.26
STU00601,CE303,2,19,67,39.7,8.14
STU00602,EC303,1,8,92,33.61,9.76
STU00602,EC304,2,21,58,23.18,30.83
STU00602,EC303,3,14,31,13.1,2.0
STU00603,IT305,1,48,52,46.7,13.22
STU00603,IT301,2,35,138,40.65,24.4
STU00603,IT301,3,21,73,35.74,14.52
STU00603,IT303,4,27,52,39.72,28.89
STU00604,IT305,1,31,61,52.54,17.39
STU00604,IT302,2,31,103,42.24,30.08
STU00604,IT303,3,41,86,70.15,23.88
STU00604,IT305,4,40,128,65.68,28.02
STU00605,CE302,1,38,79,26.58,16.9
STU00605,CE302,2,22,97,38.49,4.28
STU00605,CE301,3,8,75,49.36,20.02
STU00606,CS302,1,2,32,26.04,34.85
STU00606,CS301,2,31,45,47.28,8.97
STU00606,CS301,3,18,97,41.63,6.45
STU00607,EC305,1,21,0,38.23,26.35
STU00607,EC304,2,22,94,40.66,7.54
STU00607,EC303,3,22,86,31.51,2.0
STU00608,EE301,1,12,63,48.95,31.64
STU00608,EE305,2,13,45,32.36,24.52
STU00608,EE304,3,11,68,36.73,4.3
STU00608,EE304,4,16,94,36.69,21.3
STU00608,EE303,5,15,9,30.31,27.49
STU00608,EE305,6,20,76,48.62,22.59
STU00609,CS302,1,10,6,26.17,2.0
STU00609,CS303,2,37,0,34.87,4.3
STU00609,CS304,3,12,55,21.24,24.11
STU00609,CS304,4,18,50,20.2,11.04
STU00609,CS301,5,9,0,5.19,10.77
STU00609,CS303,6,30,23,30.81,2.0
STU00610,IT303,1,31,35,32.53,17.23
STU00610,IT303,2,33,64,41.8,6.44
STU00611,CS305,1,36,40,22.95,18.69
STU00611,CS304,2,18,42,17.23,10.12
STU00611,CS302,3,3,95,34.96,3.63
STU00612,CS304,1,0,0,19.53,6.94
STU00612,CS305,2,12,5,8.77,3.52
STU00612,CS301,3,0,0,0.0,12.42
STU00613,ME301,1,34,26,56.08,25.33
STU00613,ME303,2,46,90,54.82,13.04
STU00613,ME305,3,29,100,46.49,28.48
STU00613,ME301,4,30,101,47.28,11.64
STU00614,CS304,1,49,84,59.07,22.3
STU00614,CS303,2,19,47,62.8,36.92
STU00614,CS301,3,24,78,48.73,9.7
STU00614,CS304,4,35,48,61.69,24.54
STU00614,CS304,5,6,52,49.05,2.0
STU00615,CS305,1,36,57,41.99,25.01
STU00615,CS301,2,25,66,50.49,22.8
STU00615,CS301,3,12,95,58.57,22.68
STU00615,CS302,4,45,21,31.03,12.43
STU00615,CS301,5,6,1,47.24,24.31
STU00616,ME301,1,19,32,37.83,24.35
STU00616,ME301,2,16,94,53.72,26.43
STU00617,ME305,1,20,99,37.58,13.84
STU00617,ME302,2,18,92,31.63,7.91
STU00618,EC303,1,24,22,18.31,13.21
STU00618,EC305,2,13,34,5.91,2.0
STU00618,EC305,3,3,13,21.68,4.14
STU00618,EC304,4,0,10,8.3,9.03
STU00619,IT301,1,40,145,100.0,9.23
STU00619,IT305,2,27,123,65.32,23.22
STU00620,EE301,1,25,34,20.59,7.99
STU00620,EE304,2,30,67,36.7,13.18
STU00620,EE303,3,30,16,39.67,19.24
STU00620,EE305,4,10,11,40.54,3.52
STU00621,CS301,1,4,0,53.54,2.0
STU00621,CS303,2,23,89,26.22,6.83
STU00621,CS301,3,39,64,44.07,3.2
STU00622,EC305,1,55,126,80.3,29.34
STU00622,EC305,2,32,104,81.05,17.13
STU00622,EC301,3,54,99,77.41,38.68
STU00622,EC301,4,54,109,71.69,32.68
STU00622,EC301,5,47,82,79.28,37.97
STU00623,CS305,1,55,79,82.95,36.21
STU00623,CS302,2,43,197,78.82,31.18
STU00623,CS302,3,25,96,77.67,25.26
STU00623,CS304,4,26,106,92.71,15.12
STU00624,IT303,1,25,79,37.94,32.89
STU00624,IT302,2,38,99,66.54,23.97
STU00624,IT301,3,50,111,52.01,2.0
STU00625,ME302,1,40,120,56.53,30.99
STU00625,ME302,2,58,148,75.18,42.3
STU00625,ME304,3,47,77,40.58,24.97
STU00625,ME302,4,46,119,74.7,2.0
STU00626,IT302,1,46,101,62.29,30.07
STU00626,IT303,2,30,74,48.88,31.61
STU00626,IT303,3,44,54,54.41,21.27
STU00627,EE303,1,28,68,45.95,14.88
STU00627,EE303,2,44,26,52.75,29.2
STU00627,EE302,3,21,88,47.58,20.24
STU00627,EE305,4,5,4,52.91,23.45
STU00627,EE302,5,17,144,60.81,12.62
STU00628,IT303,1,16,24,41.74,2.0
STU00628,IT302,2,0,33,23.93,7.8
STU00628,IT305,3,17,8,17.41,10.46
STU00628,IT301,4,6,40,17.89,9.39
STU00628,IT303,5,19,31,18.1,10.9
STU00629,ME303,1,49,155,76.92,15.85
STU00629,ME301,2,47,141,83.17,43.79
STU00629,ME304,3,41,123,85.57,25.8
STU00629,ME304,4,50,157,100.0,40.46
STU00629,ME303,5,46,178,84.9,23.51
STU00630,CE301,1,53,126,83.51,50.1
STU00630,CE301,2,59,145,97.31,32.13
STU00630,CE301,3,55,94,72.09,35.77
STU00630,CE304,4,44,98,86.0,24.51
STU00630,CE303,5,52,155,100.0,52.11
STU00630,CE301,6,68,91,95.79,25.92
STU00631,EC303,1,19,41,34.61,6.63
STU00631,EC304,2,20,0,37.04,8.87
STU00631,EC301,3,13,84,22.99,18.78
STU00631,EC305,4,14,81,33.51,2.0
STU00632,CE305,1,13,111,6.09,8.24
STU00632,CE304,2,18,71,17.81,8.2
STU00632,CE302,3,7,68,23.32,2.0
STU00632,CE303,4,10,12,36.9,2.0
STU00632,CE304,5,2,5,15.11,17.62
STU00632,CE303,6,11,21,39.47,10.62
STU00633,ME305,1,38,92,57.32,23.25
STU00633,ME304,2,35,115,65.23,14.41
STU00633,ME303,3,49,93,47.82,18.44
STU00634,IT301,1,46,85,37.41,22.23
STU00634,IT305,2,4,68,58.56,11.74
STU00634,IT303,3,16,79,45.55,33.4
STU00634,IT305,4,34,111,58.57,35.46
STU00634,IT302,5,27,52,42.62,30.38
STU00634,IT301,6,20,91,35.76,23.64
STU00635,ME302,1,37,45,60.5,20.9
STU00635,ME304,2,67,145,48.93,21.23
STU00635,ME302,3,57,76,68.02,35.66
STU00635,ME301,4,13,137,66.94,26.85
STU00636,EE302,1,10,40,24.86,2.0
STU00636,EE303,2,22,0,20.82,10.18
STU00636,EE302,3,29,36,31.01,23.2
STU00637,CS304,1,53,127,83.39,30.35
STU00637,CS302,2,39,75,62.96,14.65
STU00637,CS305,3,46,67,75.43,52.59
STU00638,EE304,1,34,106,53.37,32.35
STU00638,EE303,2,54,132,85.85,27.58
STU00639,CE305,1,7,29,36.76,16.3
STU00639,CE302,2,13,50,15.11,4.02
STU00639,CE304,3,10,17,7.32,19.78
STU00639,CE302,4,13,46,25.31,9.63
STU00639,CE304,5,0,0,16.71,18.94
STU00640,ME302,1,40,99,36.08,10.73
STU00640,ME303,2,3,31,39.84,11.78
STU00640,ME304,3,32,32,21.35,28.28
STU00640,ME305,4,14,47,42.5,21.21
STU00641,EE304,1,47,29,49.56,4.84
STU00641,EE302,2,44,30,31.23,18.01
STU00641,EE302,3,8,128,45.08,24.67
STU00641,EE303,4,28,66,38.91,2.0
STU00642,ME301,1,27,121,83.39,25.59
STU00642,ME301,2,48,88,49.1,35.12
STU00642,ME302,3,38,71,68.11,15.9
STU00642,ME302,4,39,36,28.84,2.0
STU00642,ME302,5,36,75,63.23,31.61
STU00642,ME304,6,43,86,60.96,30.88
STU00643,EE304,1,23,23,30.79,14.24
STU00643,EE304,2,19,46,24.67,13.67
STU00643,EE303,3,25,62,32.11,12.15
STU00643,EE304,4,18,0,47.8,29.39
STU00644,EE303,1,70,142,86.61,40.98
STU00644,EE302,2,63,153,94.0,47.88
STU00645,CE305,1,39,68,76.91,29.47
STU00645,CE304,2,50,139,35.78,28.78
STU00645,CE303,3,45,142,66.44,25.33
STU00645,CE304,4,28,102,59.07,11.94
STU00645,CE302,5,32,64,80.7,21.99
STU00646,CE305,1,30,139,60.21,27.67
STU00646,CE304,2,46,94,92.97,18.63
STU00646,CE304,3,56,109,78.46,23.34
STU00647,IT301,1,37,69,40.36,17.28
STU00647,IT304,2,21,112,49.39,9.59
STU00647,IT301,3,28,53,18.76,2.0
STU00647,IT305,4,20,22,42.5,13.72
STU00647,IT304,5,23,54,40.34,24.46
STU00648,EC303,1,45,66,68.82,24.96
STU00648,EC302,2,46,18,63.04,31.53
STU00648,EC305,3,24,141,63.62,36.09
STU00648,EC301,4,25,142,72.81,24.51
STU00648,EC301,5,17,51,73.92,19.28
STU00648,EC305,6,35,101,73.46,17.29
STU00649,EC305,1,13,9,34.89,2.0
STU00649,EC304,2,6,0,0.0,2.0
STU00649,EC304,3,0,15,11.43,2.0
STU00650,ME301,1,31,0,14.57,10.63
STU00650,ME304,2,10,113,50.37,24.03
STU00651,IT305,1,46,112,71.05,29.81
STU00651,IT303,2,67,90,63.79,30.93
STU00652,EE303,1,35,60,41.79,24.53
STU00652,EE305,2,28,98,65.86,35.88
STU00652,EE302,3,40,106,51.02,12.16
STU00652,EE303,4,29,108,64.45,16.25
STU00653,CS304,1,22,41,33.73,43.89
STU00653,CS303,2,6,17,43.59,12.95
STU00654,CS301,1,44,143,100.0,32.2
STU00654,CS301,2,50,138,96.96,31.17
STU00654,CS302,3,61,136,90.64,44.63
STU00654,CS301,4,38,96,88.42,34.42
STU00654,CS302,5,63,109,98.3,39.72
STU00654,CS304,6,66,123,73.51,38.22
STU00655,ME303,1,35,24,12.93,14.95
STU00655,ME305,2,25,55,28.77,12.1
STU00655,ME305,3,29,55,30.3,2.0
STU00655,ME301,4,37,84,40.77,2.04
STU00656,EC303,1,47,211,90.08,34.6
STU00656,EC302,2,47,137,82.78,39.17
STU00656,EC304,3,59,122,74.24,24.01
STU00656,EC303,4,47,175,90.2,21.75
STU00657,CE304,1,48,122,100.0,41.91
STU00657,CE302,2,57,152,100.0,31.05
STU00657,CE301,3,65,121,100.0,42.83
STU00657,CE301,4,66,143,82.32,21.99
STU00657,CE305,5,62,172,100.0,37.68
STU00658,EC305,1,19,108,50.05,2.0
STU00658,EC301,2,27,45,77.55,32.06
STU00658,EC305,3,17,97,70.98,19.0
STU00658,EC302,4,26,66,66.62,30.95
STU00659,EC302,1,42,61,30.19,2.0
STU00659,EC305,2,9,43,23.34,6.93
STU00659,EC305,3,13,0,74.2,17.38
STU00659,EC302,4,9,103,44.11,22.04
STU00660,EE301,1,29,102,60.41,10.82
STU00660,EE302,2,33,98,57.01,28.76
STU00660,EE304,3,33,85,64.99,34.0
STU00660,EE303,4,57,62,69.77,7.38
STU00661,IT305,1,46,80,100.0,25.12
STU00661,IT301,2,37,97,62.63,31.1
STU00661,IT302,3,45,69,74.55,33.38
STU00661,IT303,4,62,150,75.62,31.66
STU00661,IT301,5,56,168,78.62,28.41
STU00662,CS304,1,28,103,35.1,19.58
STU00662,CS305,2,35,40,43.91,12.09
STU00662,CS305,3,6,112,32.95,8.21
STU00662,CS304,4,11,69,33.36,31.64
STU00662,CS303,5,16,69,41.73,12.32
STU00662,CS303,6,9,63,46.83,7.59
STU00663,CE302,1,30,89,42.8,28.81
STU00663,CE304,2,30,80,51.69,28.93
STU00663,CE305,3,34,48,57.85,22.9
STU00663,CE304,4,29,65,38.48,28.03
STU00663,CE304,5,43,82,70.1,10.2
STU00664,ME301,1,11,52,26.37,22.01
STU00664,ME305,2,15,48,47.69,17.84
STU00664,ME301,3,11,0,34.64,24.65
STU00664,ME305,4,31,50,44.12,8.8
STU00664,ME303,5,18,56,51.89,24.88
STU00664,ME303,6,23,0,47.9,23.75
STU00665,IT301,1,50,112,66.26,12.48
STU00665,IT305,2,12,39,44.81,22.54
STU00665,IT305,3,48,90,59.52,18.15
STU00665,IT305,4,17,81,48.43,32.91
STU00665,IT304,5,17,78,36.11,20.57
STU00666,ME305,1,29,76,54.4,3.8
STU00666,ME302,2,32,123,46.91,16.75
STU00666,ME305,3,23,84,52.7,2.0
STU00666,ME304,4,8,78,48.72,30.06
STU00667,ME304,1,6,101,58.81,9.74
STU00667,ME302,2,22,33,38.57,23.06
STU00668,CS303,1,43,32,51.66,12.18
STU00668,CS302,2,29,51,53.51,15.66
STU00668,CS305,3,19,83,37.78,14.9
STU00668,CS303,4,21,47,50.73,2.34
STU00668,CS304,5,11,23,57.65,16.42
STU00668,CS303,6,28,75,47.06,17.76
STU00669,EC303,1,45,86,67.76,19.06
STU00669,EC302,2,45,74,70.15,32.58
STU00670,IT304,1,55,127,80.88,42.28
STU00670,IT304,2,42,126,90.15,19.49
STU00670,IT302,3,70,76,90.79,21.26
STU00670,IT303,4,49,128,87.42,33.37
STU00670,IT305,5,65,140,75.27,42.18
STU00671,EE302,1,27,63,40.24,16.8
STU00671,EE304,2,15,43,41.54,2.0
STU00671,EE304,3,30,43,27.11,16.38
STU00671,EE302,4,30,60,33.51,11.03
STU00671,EE305,5,26,30,56.54,16.51
STU00672,ME305,1,67,135,94.63,35.09
STU00672,ME305,2,52,137,100.0,23.5
STU00672,ME301,3,56,153,97.96,19.99
STU00673,ME302,1,10,47,38.63,22.17
STU00673,ME305,2,25,17,40.29,9.56
STU00673,ME301,3,32,68,36.5,9.18
STU00673,ME301,4,27,93,27.1,9.0
STU00673,ME305,5,29,53,31.66,42.11
STU00673,ME302,6,35,0,38.27,2.0
STU00674,CS302,1,38,117,52.34,40.06
STU00674,CS304,2,31,95,88.2,27.06
STU00674,CS303,3,21,75,60.45,19.29
STU00674,CS303,4,33,53,72.11,27.4
STU00675,ME302,1,27,14,41.97,2.0
STU00675,ME304,2,30,97,25.38,25.14
STU00676,ME304,1,46,128,49.23,30.77
STU00676,ME302,2,47,48,64.16,21.58
STU00676,ME305,3,12,65,64.45,25.1
STU00676,ME305,4,22,93,62.94,17.69
STU00676,ME302,5,35,120,65.76,5.26
STU00676,ME304,6,35,60,62.3,29.01
STU00677,ME301,1,9,70,27.05,30.68
STU00677,ME305,2,36,70,26.04,13.45
STU00678,CS301,1,22,25,66.09,16.77
STU00678,CS303,2,17,57,37.42,30.77
STU00678,CS305,3,36,46,73.98,20.49
STU00678,CS304,4,0,53,46.7,9.66
STU00678,CS301,5,3,116,42.76,38.78
STU00679,CS301,1,28,111,37.06,38.16
STU00679,CS304,2,58,79,66.5,27.51
STU00679,CS304,3,40,116,67.76,21.81
STU00679,CS301,4,34,66,79.78,36.36
STU00679,CS303,5,14,57,68.05,17.96
STU00680,EC303,1,10,37,47.11,18.73
STU00680,EC303,2,21,50,9.12,19.92
STU00680,EC302,3,16,73,36.92,2.0
STU00681,CE303,1,52,92,83.38,41.72
STU00681,CE303,2,49,56,74.14,14.9
STU00681,CE304,3,40,48,74.38,6.98
STU00682,ME303,1,0,0,6.21,2.0
STU00682,ME303,2,12,0,0.0,4.69
STU00682,ME303,3,14,15,11.1,3.6
STU00683,EE305,1,24,49,26.14,29.63
STU00683,EE305,2,18,1,24.96,8.71
STU00683,EE302,3,16,16,22.05,2.0
STU00683,EE305,4,15,18,5.43,2.0
STU00684,CE302,1,9,64,0.0,25.86
STU00684,CE305,2,18,4,6.57,9.04
STU00685,EC303,1,19,55,55.68,55.36
STU00685,EC305,2,21,66,73.39,23.88
STU00685,EC304,3,40,76,74.12,49.29
STU00685,EC303,4,30,128,61.86,19.93
STU00686,CE302,1,67,97,84.42,58.26
STU00686,CE304,2,42,141,94.77,35.19
STU00686,CE302,3,55,161,98.7,19.49
STU00687,ME305,1,49,126,66.14,31.58
STU00687,ME302,2,36,98,95.09,35.65
STU00687,ME303,3,51,133,86.13,39.36
STU00688,CE305,1,11,37,41.64,2.0
STU00688,CE304,2,14,44,43.27,22.36
STU00688,CE303,3,6,40,29.74,27.15
STU00688,CE305,4,16,0,13.64,15.94
STU00688,CE305,5,1,24,19.58,17.66
STU00688,CE304,6,0,8,51.99,6.06
STU00689,CS305,1,0,0,4.1,12.19
STU00689,CS302,2,11,0,8.96,11.71
STU00689,CS304,3,0,73,6.64,2.0
STU00690,CS303,1,29,53,53.51,12.7
STU00690,CS303,2,42,107,27.54,13.51
STU00691,CS302,1,19,83,50.18,29.81
STU00691,CS305,2,19,30,53.61,2.0
STU00691,CS302,3,22,69,43.45,17.33
STU00692,ME304,1,52,118,82.32,27.78
STU00692,ME305,2,48,125,95.14,30.13
STU00692,ME302,3,51,127,83.6,30.54
STU00692,ME301,4,64,187,88.0,32.86
STU00692,ME301,5,56,121,99.4,23.72
STU00693,IT301,1,18,59,21.11,29.62
STU00693,IT305,2,23,41,43.11,16.24
STU00693,IT301,3,19,62,35.51,22.88
STU00693,IT305,4,0,16,40.26,9.3
STU00693,IT302,5,28,3,31.89,21.48
STU00693,IT302,6,14,23,35.9,2.36
STU00694,CS304,1,3,84,7.86,32.8
STU00694,CS301,2,7,11,24.01,2.0
STU00694,CS305,3,17,38,38.11,18.71
STU00695,IT302,1,39,84,51.1,2.0
STU00695,IT302,2,28,79,42.91,2.0
STU00696,CE302,1,34,86,72.17,17.7
STU00696,CE302,2,32,138,72.46,20.62
STU00697,EC301,1,42,54,70.27,16.2
STU00697,EC303,2,32,42,48.12,27.39
STU00697,EC302,3,34,93,31.63,20.77
STU00697,EC301,4,19,62,44.33,31.6
STU00697,EC301,5,30,31,39.12,15.98
STU00698,EE301,1,0,34,13.7,2.0
STU00698,EE305,2,12,37,21.64,2.15
STU00698,EE303,3,25,56,28.8,6.35
STU00699,CE304,1,32,107,29.76,20.34
STU00699,CE304,2,31,49,21.51,8.23
STU00699,CE305,3,40,43,66.06,19.95
STU00699,CE301,4,16,47,44.05,34.48
STU00699,CE304,5,15,74,18.78,10.58
STU00699,CE304,6,3,80,21.92,17.4
STU00700,CS305,1,63,32,42.85,17.63
STU00700,CS305,2,26,0,17.66,9.01
STU00700,CS303,3,17,41,21.66,20.76
STU00700,CS305,4,22,38,52.13,16.51
STU00701,IT303,1,31,125,65.58,32.84
STU00701,IT304,2,25,111,83.89,30.87
STU00701,IT302,3,27,109,45.93,12.99
STU00701,IT301,4,46,134,66.43,25.63
STU00702,CS304,1,0,81,44.88,37.07
STU00702,CS302,2,26,150,72.79,32.69
STU00702,CS301,3,35,28,45.94,25.79
STU00702,CS303,4,40,94,73.78,14.01
STU00702,CS304,5,38,106,41.24,28.63
STU00702,CS305,6,53,76,54.36,39.0
STU00703,IT301,1,21,81,45.01,19.4
STU00703,IT302,2,28,48,47.62,6.57
STU00703,IT305,3,6,32,8.18,19.95
STU00704,ME305,1,15,55,25.56,16.07
STU00704,ME301,2,19,74,40.89,7.58
STU00704,ME305,3,20,21,37.29,13.34
STU00704,ME305,4,26,26,41.61,22.76
STU00705,EC302,1,29,63,63.63,21.63
STU00705,EC304,2,57,62,74.32,11.49
STU00705,EC302,3,41,91,60.11,9.39
STU00705,EC303,4,28,103,74.45,20.11
STU00706,EE304,1,25,62,26.36,7.17
STU00706,EE302,2,25,64,28.97,23.77
STU00706,EE304,3,37,48,52.31,34.48
STU00706,EE303,4,33,40,47.09,13.28
STU00706,EE303,5,35,82,55.76,31.73
STU00706,EE303,6,33,89,45.4,29.69
STU00707,IT303,1,29,128,52.96,31.87
STU00707,IT305,2,36,123,91.16,32.26
STU00707,IT304,3,39,89,66.5,42.9
STU00707,IT304,4,69,95,90.35,29.42
STU00707,IT304,5,26,114,77.9,42.44
STU00708,EE304,1,26,99,42.76,26.79
STU00708,EE301,2,68,98,57.25,20.89
STU00708,EE302,3,13,109,46.4,21.24
STU00709,EE303,1,43,112,59.78,32.44
STU00709,EE303,2,53,91,56.17,31.91
STU00709,EE304,3,34,69,60.46,22.87
STU00709,EE305,4,40,135,78.84,34.16
STU00710,EE305,1,16,0,16.56,16.97
STU00710,EE303,2,28,47,45.98,10.43
STU00710,EE301,3,1,93,0.0,34.09
STU00711,CE303,1,28,25,45.07,19.71
STU00711,CE305,2,15,75,35.91,2.0
STU00711,CE301,3,12,58,25.35,2.08
STU00712,EC302,1,20,73,67.72,23.75
STU00712,EC305,2,16,97,82.68,31.4
STU00712,EC301,3,51,146,46.31,14.56
STU00712,EC301,4,29,141,54.65,39.79
STU00712,EC303,5,31,71,79.16,30.07
STU00713,EE303,1,24,107,57.06,8.26
STU00713,EE304,2,29,137,68.06,36.14
STU00713,EE301,3,10,135,62.4,28.11
STU00713,EE304,4,19,48,70.45,15.24
STU00713,EE302,5,39,78,61.83,6.54
STU00714,CS302,1,20,24,14.81,2.0
STU00714,CS304,2,4,15,0.0,2.0
STU00714,CS303,3,2,58,0.0,18.11
STU00714,CS305,4,21,0,18.54,3.64
STU00714,CS301,5,0,0,23.54,3.47
STU00714,CS301,6,14,18,6.68,3.43
STU00715,EE304,1,37,96,41.67,18.43
STU00715,EE302,2,40,117,31.06,17.89
STU00715,EE304,3,28,88,21.14,15.75
STU00715,EE304,4,11,92,62.35,40.8
STU00716,IT302,1,8,55,23.33,2.0
STU00716,IT303,2,0,0,22.68,23.23
STU00716,IT302,3,0,22,8.97,2.0
STU00716,IT304,4,0,43,10.44,7.71
STU00717,EC304,1,16,39,41.16,37.04
STU00717,EC305,2,42,78,58.78,20.31
STU00717,EC305,3,35,99,27.68,27.44
STU00717,EC301,4,18,54,62.26,17.1
STU00717,EC301,5,34,84,73.16,16.34
STU00718,EE304,1,40,47,48.07,13.09
STU00718,EE305,2,29,40,52.21,5.23
STU00718,EE301,3,34,58,58.2,14.82
STU00718,EE305,4,37,119,43.43,23.69
STU00718,EE305,5,57,69,35.69,6.83
STU00718,EE305,6,20,81,51.94,23.84
STU00719,EC301,1,13,16,52.22,37.13
STU00719,EC305,2,31,87,38.92,28.23
STU00719,EC301,3,23,111,56.89,11.07
STU00719,EC303,4,30,100,51.6,21.26
STU00719,EC304,5,24,50,63.04,12.49
STU00719,EC303,6,34,71,52.82,16.68
STU00720,ME305,1,40,62,45.56,6.04
STU00720,ME304,2,33,75,18.29,10.52
STU00720,ME301,3,30,109,52.9,22.67
STU00721,CS303,1,9,10,9.58,2.0
STU00721,CS305,2,8,11,0.0,2.17
STU00721,CS301,3,0,8,15.55,2.0
STU00721,CS302,4,0,13,16.02,2.0
STU00721,CS304,5,3,50,20.85,2.0
STU00721,CS303,6,8,0,7.31,20.32
STU00722,EC303,1,61,161,83.22,32.85
STU00722,EC302,2,71,112,93.2,16.4
STU00722,EC305,3,59,113,98.58,33.92
STU00722,EC302,4,42,119,97.02,34.24
STU00722,EC302,5,40,118,89.8,20.81
STU00722,EC302,6,46,149,84.86,8.46
STU00723,CE305,1,68,157,85.77,14.96
STU00723,CE302,2,43,154,100.0,36.62
STU00724,EC303,1,50,91,78.0,61.69
STU00724,EC302,2,62,131,83.1,29.64
STU00725,CS303,1,23,135,41.78,12.31
STU00725,CS304,2,25,108,43.17,6.24
STU00725,CS302,3,35,93,55.61,2.0
STU00726,ME301,1,49,101,64.28,10.64
STU00726,ME304,2,56,134,60.87,25.75
STU00726,ME304,3,3,47,64.67,38.76
STU00726,ME304,4,46,41,40.35,24.24
STU00727,CS301,1,32,127,68.86,29.18
STU00727,CS304,2,21,94,57.28,19.87
STU00727,CS302,3,19,52,39.24,24.48
STU00727,CS304,4,21,68,49.15,37.91
STU00727,CS301,5,31,60,80.42,13.78
STU00728,CS305,1,57,125,55.88,43.04
STU00728,CS302,2,41,101,57.25,34.01
STU00728,CS301,3,56,146,57.28,30.06
STU00728,CS305,4,56,132,60.59,29.71
STU00728,CS303,5,34,103,85.57,34.21
STU00728,CS302,6,30,105,81.76,36.76
STU00729,CS305,1,14,62,52.9,15.41
STU00729,CS304,2,9,27,25.38,21.15
STU00730,ME301,1,44,29,52.69,26.92
STU00730,ME301,2,42,49,52.95,31.15
STU00730,ME304,3,24,86,46.87,16.74
STU00730,ME304,4,19,60,53.32,28.08
STU00730,ME303,5,29,119,39.33,22.79
STU00730,ME303,6,38,65,48.33,26.14
STU00731,IT303,1,43,97,77.1,30.93
STU00731,IT301,2,29,106,71.04,10.14
STU00731,IT304,3,23,116,65.52,26.25
STU00731,IT303,4,35,73,71.48,28.46
STU00731,IT301,5,55,121,68.48,17.02
STU00732,EE302,1,65,135,71.37,31.86
STU00732,EE302,2,54,145,58.95,34.21
STU00732,EE302,3,60,121,84.71,17.69
STU00733,EE301,1,51,64,37.43,25.3
STU00733,EE303,2,28,67,79.19,17.09
STU00734,CS304,1,38,110,41.77,15.95
STU00734,CS304,2,13,69,42.21,7.37
STU00734,CS302,3,12,112,36.19,32.17
STU00734,CS302,4,36,90,89.22,8.82
STU00734,CS301,5,18,95,53.47,16.46
STU00734,CS301,6,34,58,24.82,7.56
STU00735,IT303,1,43,95,58.23,29.99
STU00735,IT303,2,29,128,54.9,13.18
STU00735,IT305,3,25,36,51.61,31.86
STU00736,CE301,1,63,155,81.04,36.37
STU00736,CE301,2,78,132,86.23,46.91
STU00737,CE302,1,46,101,61.91,24.57
STU00737,CE301,2,69,67,62.96,18.69
STU00738,EE305,1,43,53,36.16,21.94
STU00738,EE302,2,22,86,75.86,10.03
STU00738,EE301,3,36,71,55.77,24.39
STU00738,EE302,4,17,98,43.58,32.66
STU00738,EE304,5,10,132,54.85,26.89
STU00738,EE301,6,9,116,36.66,32.07
STU00739,ME304,1,55,73,69.31,27.4
STU00739,ME302,2,57,115,51.31,30.45
STU00739,ME303,3,36,171,76.05,21.89
STU00739,ME304,4,40,103,72.42,20.68
STU00739,ME302,5,32,78,55.64,40.44
STU00740,CE303,1,34,77,55.25,25.96
STU00740,CE304,2,58,59,61.53,37.21
STU00740,CE305,3,52,142,84.58,33.04
STU00740,CE302,4,35,121,74.88,32.08
STU00740,CE305,5,62,125,73.71,29.96
STU00740,CE302,6,77,87,75.46,25.47
STU00741,EC301,1,26,52,21.54,5.13
STU00741,EC303,2,30,33,28.19,10.14
STU00742,EE302,1,22,64,31.39,2.0
STU00742,EE302,2,20,11,39.46,10.48
STU00742,EE303,3,1,0,33.15,25.62
STU00743,CS305,1,43,135,70.2,47.83
STU00743,CS302,2,60,122,72.4,24.13
STU00743,CS304,3,34,96,76.1,43.62
STU00743,CS302,4,43,149,89.49,25.08
STU00743,CS304,5,32,122,66.94,28.95
STU00743,CS302,6,48,123,100.0,27.05
STU00744,ME302,1,51,131,93.82,34.53
STU00744,ME302,2,65,122,79.7,14.28
STU00745,EC303,1,1,96,46.33,2.84
STU00745,EC305,2,3,51,38.66,4.13
STU00745,EC304,3,38,8,30.69,2.0
STU00745,EC302,4,8,0,28.25,5.59
STU00745,EC304,5,12,66,34.66,17.77
STU00746,CS305,1,23,146,76.28,28.23
STU00746,CS305,2,49,152,75.93,9.22
STU00746,CS301,3,36,82,78.54,38.78
STU00746,CS305,4,40,67,74.26,14.41
STU00746,CS303,5,31,103,98.66,35.28
STU00747,EE303,1,23,81,28.16,18.01
STU00747,EE305,2,22,0,45.41,26.34
STU00747,EE301,3,9,50,40.16,45.76
STU00747,EE305,4,21,77,33.54,2.0
STU00748,EC303,1,46,114,80.26,33.77
STU00748,EC301,2,48,79,71.38,24.58
STU00749,CS302,1,9,102,53.33,29.52
STU00749,CS301,2,38,68,48.81,18.52
STU00750,CE303,1,21,0,17.99,2.43
STU00750,CE303,2,0,23,31.84,2.0
STU00750,CE304,3,21,7,28.82,4.83
STU00750,CE305,4,36,68,37.47,2.0
STU00750,CE305,5,36,63,39.78,19.03
STU00750,CE304,6,10,14,40.66,29.73
STU00751,IT302,1,43,31,56.82,25.77
STU00751,IT302,2,20,80,47.8,38.59
STU00751,IT305,3,42,38,57.35,42.66
STU00752,EC305,1,2,94,79.07,17.63
STU00752,EC305,2,40,64,56.9,21.09
STU00752,EC305,3,29,90,42.34,2.0
STU00752,EC305,4,32,20,55.21,20.59
STU00752,EC303,5,35,77,59.14,16.1
STU00752,EC301,6,26,89,54.38,27.98
STU00753,EC302,1,28,114,22.88,7.76
STU00753,EC305,2,33,66,38.27,24.36
STU00753,EC302,3,24,51,53.96,14.93
STU00753,EC301,4,20,12,22.46,9.99
STU00753,EC303,5,0,58,37.09,27.59
STU00753,EC305,6,23,91,30.71,13.3
STU00754,CE304,1,5,0,37.5,13.3
STU00754,CE302,2,4,35,48.89,13.99
STU00754,CE301,3,11,59,24.87,8.74
STU00754,CE303,4,18,41,13.67,16.63
STU00754,CE302,5,33,87,39.41,21.37
STU00755,EC304,1,18,81,36.37,9.5
STU00755,EC302,2,0,47,35.95,2.0
STU00756,EE302,1,45,74,55.41,14.05
STU00756,EE302,2,5,135,47.56,29.92
STU00756,EE304,3,46,73,31.25,13.94
STU00757,IT303,1,10,35,34.84,4.35
STU00757,IT302,2,3,0,39.0,8.23
STU00757,IT302,3,0,0,12.09,6.44
STU00758,EE305,1,39,63,51.31,26.88
STU00758,EE302,2,62,56,72.73,21.54
STU00759,EC303,1,14,19,11.13,16.52
STU00759,EC301,2,0,88,8.4,2.0
STU00759,EC305,3,10,24,27.59,20.24
STU00760,IT301,1,72,124,70.06,34.82
STU00760,IT302,2,41,127,93.68,34.48
STU00760,IT303,3,39,159,99.95,31.67
STU00760,IT305,4,68,67,93.95,21.33
STU00760,IT302,5,43,168,91.92,38.33
STU00760,IT303,6,67,103,74.38,37.6
STU00761,IT304,1,16,44,60.94,19.44
STU00761,IT301,2,26,129,52.13,4.85
STU00762,EE305,1,26,62,46.43,29.53
STU00762,EE304,2,28,100,60.26,34.01
STU00762,EE302,3,30,75,59.76,26.08
STU00762,EE301,4,47,53,42.27,25.73
STU00762,EE302,5,11,78,66.42,18.22
STU00763,EC304,1,31,62,61.81,42.65
STU00763,EC301,2,46,103,49.76,21.45
STU00763,EC303,3,57,87,62.31,8.81
STU00763,EC305,4,32,69,69.57,26.86
STU00763,EC304,5,39,84,66.22,19.82
STU00764,IT301,1,28,73,70.33,31.37
STU00764,IT301,2,38,91,54.94,31.66
STU00764,IT302,3,4,89,57.64,18.03
STU00764,IT302,4,37,72,69.26,18.99
STU00765,CS301,1,54,101,55.64,2.0
STU00765,CS305,2,38,138,41.49,28.56
STU00765,CS305,3,40,93,82.42,35.18
STU00765,CS301,4,47,68,93.38,19.05
STU00766,EE301,1,24,71,61.23,11.53
STU00766,EE301,2,23,24,46.24,14.94
STU00766,EE303,3,35,80,40.36,2.0
STU00766,EE304,4,39,54,45.58,20.44
STU00766,EE303,5,51,53,30.7,21.38
STU00766,EE304,6,19,96,45.92,6.35
STU00767,EE304,1,21,18,18.29,15.77
STU00767,EE302,2,35,23,36.99,2.0
STU00767,EE301,3,14,40,16.96,24.02
STU00767,EE301,4,0,13,9.17,35.46
STU00767,EE304,5,7,41,22.61,2.0
STU00768,IT303,1,29,78,33.37,16.07
STU00768,IT303,2,6,88,46.34,11.84
STU00768,IT302,3,25,88,35.31,11.51
STU00768,IT304,4,15,84,40.6,2.0
STU00768,IT303,5,21,82,30.08,12.27
STU00769,ME302,1,6,132,40.9,11.43
STU00769,ME305,2,16,63,23.36,40.23
STU00769,ME304,3,19,34,24.47,10.1
STU00769,ME302,4,8,27,48.15,4.87
STU00770,CE303,1,9,80,31.2,24.11
STU00770,CE305,2,26,83,72.04,14.2
STU00771,EC303,1,34,82,30.24,22.64
STU00771,EC301,2,23,15,50.52,16.05
STU00771,EC303,3,33,119,57.89,24.73
STU00771,EC302,4,49,28,46.2,20.8
STU00772,EE303,1,19,36,15.1,27.66
STU00772,EE303,2,27,50,29.55,13.57
STU00772,EE304,3,5,46,54.72,2.65
STU00773,EE302,1,71,120,62.68,31.46
STU00773,EE301,2,86,108,82.41,25.32
STU00773,EE302,3,47,102,81.85,35.31
STU00774,CS305,1,30,80,72.03,35.54
STU00774,CS305,2,28,119,56.34,8.76
STU00774,CS304,3,37,65,54.24,22.51
STU00774,CS302,4,49,78,70.06,37.51
STU00774,CS301,5,38,67,94.49,42.57
STU00774,CS303,6,49,58,56.61,41.42
STU00775,EC305,1,32,132,70.05,48.71
STU00775,EC304,2,35,89,100.0,33.56
STU00775,EC304,3,47,172,99.26,44.76
STU00775,EC303,4,57,152,99.68,38.54
STU00776,EC302,1,26,81,59.54,41.54
STU00776,EC301,2,56,127,70.49,48.33
STU00776,EC305,3,9,88,50.72,20.21
STU00776,EC303,4,24,109,58.18,23.08
STU00777,CS302,1,45,65,46.72,18.83
STU00777,CS302,2,22,101,49.38,18.98
STU00777,CS304,3,31,25,33.16,11.17
STU00777,CS302,4,26,62,50.96,25.68
STU00777,CS303,5,21,67,55.49,30.66
STU00778,EC305,1,13,36,13.15,2.0
STU00778,EC304,2,9,0,0.0,2.0
STU00779,IT305,1,24,47,33.89,6.84
STU00779,IT304,2,28,51,17.65,11.07
STU00779,IT305,3,14,51,12.6,5.62
STU00779,IT305,4,8,29,34.54,5.47
STU00779,IT303,5,2,19,34.7,20.2
STU00779,IT303,6,17,64,25.87,23.42
STU00780,IT303,1,34,117,55.5,17.78
STU00780,IT303,2,49,85,97.92,23.23
STU00780,IT301,3,41,175,78.78,27.5
STU00780,IT303,4,58,55,85.44,18.85
STU00781,CS305,1,16,45,23.26,11.99
STU00781,CS301,2,38,71,54.86,20.48
STU00781,CS305,3,39,5,42.97,13.18
STU00781,CS301,4,40,24,49.38,7.6
STU00781,CS303,5,15,73,67.31,7.38
STU00781,CS304,6,30,109,50.23,2.42
STU00782,IT301,1,14,31,22.12,42.92
STU00782,IT305,2,15,53,12.88,9.72
STU00782,IT304,3,11,58,41.34,16.69
STU00782,IT301,4,3,80,20.63,23.74
STU00782,IT301,5,17,81,18.7,2.0
STU00782,IT305,6,16,22,23.85,2.0
STU00783,IT304,1,34,143,72.85,20.33
STU00783,IT301,2,44,53,64.8,37.0
STU00783,IT301,3,42,91,72.36,35.5
STU00783,IT305,4,31,51,49.09,34.45
STU00784,EE305,1,25,0,31.39,2.0
STU00784,EE304,2,6,55,20.65,2.0
STU00785,EE302,1,15,88,63.13,32.15
STU00785,EE303,2,22,104,24.63,2.17
STU00785,EE303,3,34,25,44.09,15.47
STU00785,EE305,4,36,79,59.2,14.54
STU00785,EE302,5,30,49,34.73,14.02
STU00786,ME305,1,30,66,52.54,23.72
STU00786,ME303,2,31,71,42.91,33.15
STU00787,CS305,1,44,120,57.65,26.98
STU00787,CS305,2,47,98,92.0,19.37
STU00788,CS302,1,34,107,53.04,19.2
STU00788,CS305,2,28,107,46.37,2.0
STU00788,CS302,3,33,97,38.99,7.12
STU00789,CE301,1,6,63,41.56,2.0
STU00789,CE301,2,18,79,29.38,6.07
STU00789,CE304,3,0,26,30.65,19.38
STU00789,CE304,4,19,0,24.24,19.11
STU00789,CE304,5,24,60,20.87,9.47
STU00790,EC302,1,40,35,30.74,15.74
STU00790,EC303,2,7,109,38.15,20.14
STU00790,EC302,3,35,77,52.28,17.66
STU00790,EC303,4,45,62,48.36,18.3
STU00791,IT302,1,16,124,77.06,31.36
STU00791,IT304,2,49,87,57.4,25.35
STU00792,CE303,1,29,34,11.46,2.88
STU00792,CE303,2,0,39,22.43,2.0
STU00792,CE301,3,11,62,3.46,2.0
STU00793,ME305,1,51,61,64.53,26.57
STU00793,ME305,2,29,113,55.67,23.72
STU00794,EE301,1,14,19,12.24,11.66
STU00794,EE301,2,0,76,19.12,9.8
STU00794,EE301,3,13,40,23.63,13.55
STU00794,EE304,4,19,0,33.16,24.3
STU00795,EE305,1,12,29,33.87,5.02
STU00795,EE301,2,27,62,25.94,3.78
STU00796,IT305,1,3,57,7.29,2.0
STU00796,IT302,2,3,0,1.74,17.51
STU00796,IT303,3,0,79,18.89,3.21
STU00797,EC305,1,55,56,59.13,12.58
STU00797,EC305,2,48,69,51.19,15.56
STU00797,EC304,3,46,60,56.4,19.7
STU00798,EC302,1,38,104,78.2,33.18
STU00798,EC301,2,57,89,63.62,16.57
STU00798,EC305,3,36,53,77.31,12.16
STU00798,EC303,4,35,80,65.89,13.28
STU00798,EC301,5,31,11,56.49,22.5
STU00798,EC302,6,14,97,64.67,34.11
STU00799,CE304,1,16,51,41.69,16.69
STU00799,CE305,2,52,8,29.85,38.72
STU00800,EE303,1,24,95,74.96,2.0
STU00800,EE305,2,16,120,63.2,22.46
STU00800,EE304,3,42,119,55.17,32.02
STU00800,EE305,4,43,65,59.63,20.0
STU00800,EE303,5,49,112,63.8,37.7
STU00800,EE303,6,40,69,53.7,25.15
STU00801,EC304,1,52,139,70.44,36.87
STU00801,EC304,2,52,140,66.31,29.63
STU00801,EC303,3,46,66,76.46,19.11
STU00802,IT305,1,34,85,83.03,12.82
STU00802,IT305,2,29,101,83.39,37.38
STU00802,IT303,3,45,129,64.7,30.04
STU00802,IT305,4,17,144,53.54,32.72
STU00802,IT303,5,36,107,60.65,28.44
STU00803,EC304,1,22,37,41.76,14.52
STU00803,EC303,2,31,88,29.38,13.95
STU00803,EC304,3,31,42,51.15,5.83
STU00804,CE301,1,39,71,72.03,39.64
STU00804,CE301,2,14,108,61.06,34.02
STU00804,CE301,3,48,68,52.98,20.15
STU00804,CE305,4,45,2,65.32,25.61
STU00804,CE305,5,33,119,73.55,27.95
STU00805,CS304,1,39,96,66.48,27.7
STU00805,CS301,2,51,119,54.56,23.87
STU00805,CS302,3,40,95,64.97,51.41
STU00805,CS303,4,30,41,53.12,26.23
STU00806,EC301,1,30,144,90.36,23.48
STU00806,EC301,2,57,152,72.66,44.47
STU00806,EC304,3,41,199,73.66,45.45
STU00806,EC303,4,35,129,98.19,26.8
STU00807,EC305,1,62,147,100.0,47.57
STU00807,EC305,2,68,189,97.92,42.3
STU00807,EC301,3,63,172,100.0,61.59
STU00807,EC301,4,60,145,92.7,44.18
STU00807,EC302,5,67,129,75.69,34.33
STU00808,ME301,1,2,31,11.28,9.51
STU00808,ME304,2,0,0,0.81,2.0
STU00808,ME305,3,14,0,0.0,2.11
STU00808,ME301,4,5,0,0.0,19.63
STU00809,EE301,1,57,94,50.07,28.3
STU00809,EE301,2,56,63,69.03,28.48
STU00809,EE303,3,19,29,56.7,2.0
STU00810,ME302,1,11,58,76.71,25.25
STU00810,ME304,2,36,90,51.78,14.92
STU00810,ME302,3,43,69,82.1,24.46
STU00810,ME305,4,46,73,45.47,40.31
STU00810,ME305,5,38,15,61.73,15.07
STU00811,CE305,1,7,3,10.16,2.0
STU00811,CE302,2,0,28,27.51,30.14
STU00811,CE304,3,0,6,10.88,2.0
STU00811,CE304,4,26,24,32.13,28.85
STU00811,CE304,5,17,0,8.83,6.05
STU00812,EE304,1,11,55,27.87,8.94
STU00812,EE305,2,0,68,10.16,5.82
STU00812,EE304,3,26,0,4.04,9.88
STU00813,EE302,1,40,56,49.82,20.9
STU00813,EE301,2,24,90,41.26,15.2
STU00813,EE301,3,9,64,39.64,2.0
STU00813,EE304,4,22,29,28.37,21.89
STU00813,EE302,5,25,47,47.32,7.93
STU00814,CS303,1,0,59,42.6,12.22
STU00814,CS303,2,37,55,31.22,10.22
STU00814,CS303,3,12,43,22.01,10.08
STU00815,EC301,1,53,109,85.78,33.32
STU00815,EC302,2,47,62,70.92,33.91
STU00816,ME304,1,18,60,56.24,11.34
STU00816,ME302,2,17,75,48.37,23.99
STU00816,ME304,3,49,27,52.18,31.27
STU00816,ME301,4,2,71,47.16,35.75
STU00816,ME302,5,16,85,25.14,2.0
STU00816,ME304,6,23,73,42.63,13.14
STU00817,EC301,1,58,127,94.71,31.8
STU00817,EC304,2,67,144,63.31,29.28
STU00818,IT302,1,58,134,86.08,47.07
STU00818,IT305,2,42,88,100.0,28.12
STU00818,IT305,3,48,126,80.25,37.29
STU00818,IT302,4,73,142,82.03,18.37
STU00818,IT301,5,35,107,85.77,31.66
STU00819,IT303,1,49,89,62.47,25.29
STU00819,IT302,2,56,170,100.0,22.08
STU00819,IT304,3,41,160,87.87,47.8
STU00820,EC304,1,17,111,57.16,37.75
STU00820,EC302,2,48,191,63.61,24.55
STU00821,CS301,1,14,89,39.44,15.73
STU00821,CS302,2,21,61,39.03,6.07
STU00821,CS303,3,45,41,40.78,12.75
STU00821,CS301,4,19,79,25.66,27.2
STU00821,CS301,5,7,62,32.1,31.44
STU00821,CS305,6,30,36,50.57,12.89
STU00822,CE302,1,3,88,36.61,14.8
STU00822,CE305,2,4,0,28.09,21.22
STU00822,CE301,3,25,61,20.78,2.0
STU00822,CE301,4,16,47,15.25,5.04
STU00822,CE305,5,28,81,25.53,2.0
STU00822,CE305,6,24,35,19.2,17.63
STU00823,ME303,1,30,78,49.78,23.5
STU00823,ME302,2,13,9,29.29,27.23
STU00823,ME302,3,8,52,38.16,11.61
STU00823,ME304,4,17,65,34.03,8.57
STU00824,ME301,1,51,97,71.49,30.52
STU00824,ME305,2,45,59,100.0,40.21
STU00824,ME302,3,31,59,70.72,23.32
STU00824,ME305,4,46,99,51.63,12.87
STU00824,ME301,5,53,96,87.35,15.85
STU00824,ME305,6,35,127,64.9,36.46
STU00825,EC305,1,9,48,15.94,30.03
STU00825,EC304,2,19,61,12.81,7.65
STU00825,EC304,3,18,78,48.88,13.74
STU00825,EC303,4,21,25,26.24,13.69
STU00826,CE302,1,34,19,53.24,35.41
STU00826,CE305,2,24,82,49.68,29.17
STU00826,CE302,3,43,90,79.75,18.97
STU00826,CE303,4,30,44,46.09,3.71
STU00826,CE304,5,34,91,41.42,15.99
STU00827,ME303,1,63,155,95.15,30.95
STU00827,ME304,2,75,114,80.64,23.28
STU00827,ME302,3,69,93,72.4,21.18
STU00828,IT304,1,22,27,13.54,10.22
STU00828,IT304,2,27,51,7.44,15.46
STU00828,IT303,3,0,102,31.65,17.55
STU00828,IT304,4,32,3,30.36,8.87
STU00828,IT304,5,14,38,21.92,2.33
STU00829,IT304,1,48,102,50.89,25.15
STU00829,IT304,2,42,113,76.09,24.48
STU00829,IT303,3,23,109,58.32,20.2
STU00829,IT304,4,31,84,66.99,21.84
STU00829,IT305,5,44,87,65.9,16.49
STU00830,CE302,1,32,17,18.58,19.3
STU00830,CE305,2,31,22,20.08,12.33
STU00830,CE305,3,12,32,35.92,13.69
STU00831,CE305,1,46,48,75.82,23.86
STU00831,CE303,2,24,45,59.0,30.26
STU00831,CE302,3,41,117,77.91,24.87
STU00831,CE302,4,48,98,67.33,39.5
STU00831,CE301,5,30,73,78.17,19.44
STU00832,CE305,1,38,70,30.82,24.09
STU00832,CE301,2,56,131,57.85,31.72
STU00832,CE302,3,14,3,72.99,27.65
STU00832,CE305,4,48,64,56.02,31.93
STU00833,CE305,1,13,45,53.36,2.0
STU00833,CE302,2,42,83,8.98,21.32
STU00833,CE301,3,3,76,46.85,12.29
STU00833,CE304,4,31,45,32.04,18.83
STU00833,CE303,5,14,16,42.04,16.96
STU00834,ME305,1,32,125,67.66,40.85
STU00834,ME302,2,46,75,37.71,9.92
STU00834,ME303,3,36,134,40.87,17.82
STU00834,ME302,4,42,81,42.79,25.01
STU00834,ME304,5,22,55,41.44,18.53
STU00835,EE305,1,12,54,55.61,34.97
STU00835,EE301,2,36,45,32.24,15.49
STU00835,EE301,3,33,44,50.37,25.59
STU00835,EE301,4,49,45,33.75,29.89
STU00835,EE303,5,29,72,62.52,28.68
STU00835,EE303,6,33,44,42.13,16.83
STU00836,ME302,1,19,71,56.81,29.73
STU00836,ME303,2,11,104,43.16,34.24
STU00836,ME303,3,39,88,31.49,23.42
STU00837,CS304,1,17,2,23.38,8.13
STU00837,CS303,2,24,31,30.14,26.87
STU00837,CS303,3,8,8,29.11,13.21
STU00837,CS301,4,12,16,24.82,16.85
STU00837,CS302,5,30,47,39.82,30.41
STU00837,CS304,6,32,53,26.98,2.0
STU00838,EC305,1,11,65,62.93,17.6
STU00838,EC302,2,37,60,54.13,26.46
STU00838,EC303,3,18,115,50.99,34.71
STU00838,EC301,4,9,53,50.24,22.85
STU00838,EC304,5,0,112,36.56,40.31
STU00838,EC301,6,32,94,49.26,4.31
STU00839,CS304,1,26,86,38.13,7.82
STU00839,CS304,2,9,86,56.35,2.0
STU00839,CS301,3,1,33,43.6,34.96
STU00839,CS304,4,23,85,35.69,17.3
STU00839,CS304,5,14,95,60.18,2.92
STU00840,EE305,1,39,87,55.72,14.48
STU00840,EE303,2,33,103,47.85,13.85
STU00840,EE303,3,19,44,44.38,10.94
STU00840,EE302,4,33,54,59.51,15.13
STU00840,EE305,5,52,96,50.39,15.18
STU00841,CE302,1,45,50,44.5,2.0
STU00841,CE302,2,0,66,27.0,23.76
STU00841,CE303,3,23,31,50.84,18.33
STU00841,CE303,4,13,62,50.13,26.58
STU00841,CE301,5,11,68,44.51,17.72
STU00842,EC303,1,54,150,93.26,54.53
STU00842,EC302,2,53,210,100.0,46.83
STU00842,EC305,3,50,145,85.22,43.64
STU00843,EE303,1,11,18,15.45,21.17
STU00843,EE301,2,0,0,16.96,17.27
STU00843,EE303,3,0,23,0.0,4.88
STU00843,EE304,4,0,0,28.59,2.0
STU00843,EE303,5,22,66,21.5,6.49
STU00844,CS304,1,39,46,36.06,17.08
STU00844,CS303,2,0,84,46.58,5.52
STU00844,CS302,3,22,54,39.68,9.31
STU00844,CS305,4,30,52,61.52,36.87
STU00845,IT304,1,18,145,28.0,10.04
STU00845,IT304,2,35,67,36.11,42.05
STU00845,IT304,3,39,7,32.65,7.07
STU00845,IT303,4,32,74,57.85,17.8
STU00846,EE303,1,36,159,95.05,31.27
STU00846,EE304,2,62,90,63.8,37.93
STU00846,EE302,3,55,115,84.82,10.88
STU00846,EE303,4,33,36,82.26,52.77
STU00847,CE303,1,41,58,44.24,13.47
STU00847,CE301,2,29,92,39.63,2.0
STU00847,CE301,3,22,53,52.04,18.5
STU00847,CE305,4,31,33,24.66,24.14
STU00847,CE301,5,0,31,13.09,21.23
STU00848,CS302,1,59,156,75.86,18.14
STU00848,CS302,2,36,158,78.04,27.09
STU00849,IT302,1,25,23,66.78,45.95
STU00849,IT301,2,44,85,69.59,25.38
STU00850,EE301,1,6,63,7.79,2.0
STU00850,EE305,2,1,74,26.39,2.0
STU00851,ME305,1,27,78,70.37,20.33
STU00851,ME303,2,54,171,77.57,48.66
STU00851,ME305,3,60,78,76.76,36.56
STU00852,ME302,1,35,96,74.78,24.67
STU00852,ME301,2,71,131,86.63,32.27
STU00853,CS301,1,39,56,57.05,27.66
STU00853,CS304,2,40,93,68.8,22.4
STU00854,EE301,1,14,0,10.91,6.28
STU00854,EE304,2,0,39,6.4,2.0
STU00854,EE305,3,16,0,3.75,2.0
STU00855,ME302,1,41,67,89.46,12.08
STU00855,ME305,2,41,164,74.19,41.59
STU00855,ME304,3,41,72,64.5,50.29
STU00855,ME305,4,49,145,89.4,27.0
STU00855,ME304,5,26,99,53.45,42.95
STU00856,IT301,1,21,54,57.29,28.21
STU00856,IT302,2,45,62,64.03,22.44
STU00856,IT303,3,31,126,26.75,2.0
STU00856,IT305,4,34,58,44.25,22.37
STU00856,IT301,5,14,29,51.66,13.9
STU00856,IT302,6,9,52,55.4,10.37
STU00857,CE302,1,9,54,18.99,2.0
STU00857,CE304,2,0,80,40.93,11.03
STU00857,CE305,3,10,47,36.64,2.0
STU00857,CE305,4,32,23,30.43,23.17
STU00858,IT304,1,1,0,18.32,2.0
STU00858,IT303,2,28,21,8.76,7.24
STU00858,IT305,3,5,0,36.26,8.04
STU00859,CE303,1,46,116,57.22,28.96
STU00859,CE301,2,4,67,67.97,23.78
STU00859,CE301,3,33,69,62.55,20.37
STU00859,CE303,4,35,3,55.57,19.38
STU00860,EE304,1,28,91,78.77,19.36
STU00860,EE304,2,24,62,75.73,27.2
STU00860,EE301,3,44,65,47.74,37.93
STU00860,EE305,4,30,95,56.18,46.89
STU00860,EE305,5,36,63,61.35,13.07
STU00860,EE305,6,40,47,50.78,7.85
STU00861,EC304,1,21,24,18.21,2.0
STU00861,EC304,2,20,23,30.1,2.0
STU00861,EC304,3,14,32,38.29,2.0
STU00861,EC304,4,32,47,43.07,5.42
STU00862,EC302,1,21,71,39.15,17.62
STU00862,EC305,2,26,57,31.09,34.68
STU00862,EC301,3,25,87,35.86,3.51
STU00862,EC304,4,21,60,28.5,2.13
STU00862,EC304,5,29,56,43.64,15.73
STU00862,EC304,6,17,48,32.0,15.59
STU00863,EE304,1,23,34,31.77,6.71
STU00863,EE302,2,6,20,18.04,2.0
STU00863,EE304,3,5,0,15.76,10.88
STU00863,EE302,4,9,47,18.9,2.0
STU00863,EE304,5,1,36,13.07,2.0
STU00864,EC303,1,13,25,25.55,38.55
STU00864,EC304,2,34,74,35.02,2.0
STU00864,EC302,3,10,48,50.57,26.6
STU00864,EC302,4,15,74,18.77,2.89
STU00864,EC301,5,14,42,25.09,13.12
STU00865,ME302,1,44,85,17.88,2.0
STU00865,ME303,2,41,77,43.58,26.54
STU00865,ME301,3,33,0,24.74,10.01
STU00865,ME304,4,22,44,16.65,12.53
STU00865,ME303,5,28,0,47.89,6.33
STU00866,CS302,1,16,159,62.26,28.17
STU00866,CS305,2,53,36,53.95,27.15
STU00866,CS304,3,23,86,40.0,13.19
STU00867,EC304,1,49,67,88.04,29.12
STU00867,EC303,2,33,143,63.61,42.29
STU00867,EC301,3,38,117,100.0,22.03
STU00868,CE305,1,28,115,48.99,12.06
STU00868,CE302,2,35,51,77.06,18.59
STU00868,CE305,3,40,0,60.72,14.3
STU00868,CE302,4,49,0,62.62,35.31
STU00868,CE304,5,34,135,45.78,3.77
STU00869,EE302,1,23,67,65.87,5.45
STU00869,EE303,2,38,63,52.57,11.19
STU00869,EE305,3,29,58,37.7,28.24
STU00869,EE305,4,18,46,34.94,13.94
STU00870,EE303,1,25,56,58.6,35.16
STU00870,EE303,2,30,91,43.09,13.65
STU00870,EE303,3,25,56,60.6,16.03
STU00870,EE301,4,26,86,71.13,30.42
STU00870,EE304,5,14,53,54.08,33.58
STU00870,EE304,6,24,169,64.32,14.52
STU00871,EE303,1,68,69,95.97,34.12
STU00871,EE303,2,53,96,100.0,50.12
STU00871,EE303,3,34,129,99.58,36.72
STU00872,ME303,1,21,89,90.9,40.45
STU00872,ME302,2,31,126,49.63,43.6
STU00872,ME305,3,42,38,54.27,55.19
STU00872,ME305,4,35,161,61.63,17.06
STU00872,ME302,5,51,90,69.74,25.34
STU00872,ME305,6,43,77,86.84,23.07
STU00873,ME303,1,48,120,74.92,38.01
STU00873,ME304,2,52,151,98.44,25.24
STU00874,EC303,1,21,22,45.03,6.73
STU00874,EC305,2,18,87,43.88,29.44
STU00874,EC304,3,33,88,39.05,8.1
STU00874,EC301,4,27,115,53.57,27.99
STU00874,EC304,5,0,58,40.23,32.21
STU00874,EC303,6,40,67,61.09,2.0
STU00875,EE301,1,4,10,0.0,2.0
STU00875,EE302,2,7,1,3.21,6.16
STU00875,EE301,3,8,24,13.71,2.0
STU00875,EE303,4,16,0,2.92,12.81
STU00876,CS302,1,9,95,25.05,23.11
STU00876,CS303,2,38,16,31.27,20.81
STU00876,CS303,3,33,63,34.2,4.81
STU00876,CS302,4,18,50,35.22,18.34
STU00876,CS303,5,5,81,34.97,7.03
STU00876,CS302,6,7,50,38.9,2.0
STU00877,EE304,1,61,83,84.86,36.43
STU00877,EE301,2,47,129,85.93,15.4
STU00877,EE303,3,51,113,72.86,52.07
STU00878,CE303,1,30,39,30.16,22.87
STU00878,CE301,2,31,21,47.36,11.76
STU00878,CE301,3,24,39,41.38,26.93
STU00879,ME302,1,64,98,72.75,19.81
STU00879,ME304,2,48,130,65.05,42.26
STU00879,ME305,3,57,119,69.35,34.16
STU00879,ME303,4,43,139,95.11,45.44
STU00879,ME303,5,54,138,73.24,28.13
STU00880,IT302,1,0,10,33.66,20.93
STU00880,IT303,2,46,62,40.75,3.18
STU00880,IT305,3,21,58,51.78,25.35
STU00880,IT303,4,10,3,32.83,23.57
STU00881,ME301,1,35,114,41.55,13.75
STU00881,ME305,2,41,54,54.55,24.17
STU00882,CS302,1,0,20,38.65,7.78
STU00882,CS304,2,0,16,0.0,2.0
STU00882,CS304,3,27,81,37.65,15.08
STU00882,CS304,4,11,22,42.55,14.69
STU00883,CE305,1,60,78,89.5,21.89
STU00883,CE303,2,44,109,88.63,23.41
STU00883,CE305,3,50,177,81.98,12.57
STU00883,CE305,4,40,178,85.65,30.79
STU00884,CS304,1,39,113,41.42,38.56
STU00884,CS301,2,24,158,60.06,30.04
STU00884,CS302,3,13,104,52.17,31.15
STU00885,EE302,1,24,28,36.67,3.22
STU00885,EE301,2,32,44,43.93,22.81
STU00885,EE303,3,18,32,59.98,28.74
STU00885,EE301,4,23,84,34.19,22.25
STU00885,EE303,5,8,19,42.72,21.37
STU00885,EE304,6,40,73,53.54,36.9
STU00886,IT301,1,0,0,20.89,3.61
STU00886,IT304,2,0,0,0.0,14.04
STU00886,IT305,3,1,0,14.05,2.54
STU00886,IT302,4,10,0,0.0,2.0
STU00886,IT302,5,10,0,21.58,21.27
STU00886,IT303,6,6,15,2.94,2.0
STU00887,CS301,1,36,51,44.2,14.52
STU00887,CS301,2,31,89,32.35,24.29
STU00887,CS304,3,11,90,40.19,28.37
STU00888,EC302,1,36,91,41.65,2.0
STU00888,EC302,2,44,69,47.92,12.02
STU00889,EE303,1,47,62,57.59,24.25
STU00889,EE304,2,25,66,27.16,14.38
STU00889,EE301,3,21,50,24.96,13.76
STU00889,EE304,4,21,40,52.75,24.54
STU00889,EE304,5,14,61,41.29,22.64
STU00889,EE301,6,0,34,35.47,4.95
STU00890,CS301,1,32,47,36.24,35.13
STU00890,CS302,2,0,55,70.95,18.98
STU00890,CS301,3,29,64,21.13,2.0
STU00890,CS301,4,14,14,35.35,11.4
STU00890,CS305,5,40,54,48.13,12.44
STU00890,CS304,6,23,0,32.72,25.84
STU00891,EC305,1,34,104,88.16,14.45
STU00891,EC305,2,47,117,70.17,29.06
STU00891,EC303,3,27,54,70.97,49.08
STU00892,ME304,1,22,65,68.18,17.31
STU00892,ME302,2,45,58,75.19,31.05
STU00892,ME303,3,25,106,44.14,34.13
STU00892,ME303,4,25,108,91.33,30.04
STU00892,ME304,5,51,91,65.89,37.41
STU00892,ME303,6,31,124,60.07,14.61
STU00893,IT304,1,34,132,84.12,31.98
STU00893,IT302,2,52,125,60.34,36.92
STU00894,CS301,1,12,65,66.28,39.09
STU00894,CS301,2,29,12,58.39,16.08
STU00895,IT305,1,25,0,37.44,2.0
STU00895,IT302,2,4,0,21.2,4.76
STU00895,IT303,3,26,47,18.79,2.0
STU00896,EE302,1,11,67,33.93,2.0
STU00896,EE302,2,3,0,12.54,17.25
STU00897,CS301,1,0,78,14.76,2.0
STU00897,CS302,2,27,96,59.03,18.6
STU00897,CS302,3,10,0,37.1,25.52
STU00897,CS304,4,18,92,35.9,13.15
STU00898,EE304,1,42,47,61.69,36.52
STU00898,EE304,2,27,110,57.33,16.06
STU00898,EE305,3,31,92,63.38,11.36
STU00898,EE302,4,40,87,48.9,11.64
STU00898,EE305,5,39,98,54.85,21.62
STU00899,ME301,1,35,96,55.16,6.58
STU00899,ME301,2,45,117,73.64,7.01
STU00900,EE303,1,25,84,34.64,12.51
STU00900,EE304,2,32,63,53.08,27.18
STU00901,CE301,1,26,115,73.44,8.75
STU00901,CE302,2,59,106,92.87,26.19
STU00902,EE303,1,24,74,65.3,15.19
STU00902,EE303,2,39,104,74.3,35.66
STU00902,EE301,3,42,132,31.31,18.98
STU00902,EE301,4,9,76,30.81,5.22
STU00902,EE303,5,12,114,75.08,25.05
STU00903,ME304,1,44,84,99.61,15.79
STU00903,ME301,2,40,115,74.88,19.21
STU00903,ME304,3,27,181,76.02,33.26
STU00903,ME301,4,27,68,87.63,38.26
STU00904,CS302,1,28,96,51.76,7.1
STU00904,CS305,2,47,111,79.93,3.94
STU00905,CS301,1,18,44,24.48,2.97
STU00905,CS301,2,42,97,42.26,12.39
STU00905,CS302,3,32,31,44.96,2.0
STU00905,CS304,4,21,71,43.66,10.69
STU00906,ME301,1,26,64,57.07,29.82
STU00906,ME304,2,17,29,44.5,23.1
STU00907,IT302,1,34,153,66.6,7.54
STU00907,IT305,2,41,177,81.77,15.4
STU00907,IT301,3,59,110,67.98,5.3
STU00907,IT303,4,39,127,91.08,27.3
STU00907,IT302,5,26,137,78.74,20.25
STU00908,CE303,1,60,99,69.93,29.21
STU00908,CE302,2,40,155,100.0,33.7
STU00909,IT301,1,16,38,39.16,9.72
STU00909,IT305,2,22,61,43.05,8.17
STU00910,CS301,1,3,27,27.74,13.75
STU00910,CS303,2,17,1,15.48,5.07
STU00910,CS305,3,23,38,43.33,18.34
STU00911,CE304,1,5,43,42.94,31.09
STU00911,CE303,2,47,67,43.78,8.03
STU00911,CE305,3,30,69,53.77,2.0
STU00911,CE303,4,42,51,40.34,34.44
STU00911,CE304,5,15,70,30.45,10.47
STU00912,EE304,1,41,24,29.59,2.0
STU00912,EE304,2,24,27,17.81,37.54
STU00912,EE303,3,14,44,23.85,3.29
STU00912,EE304,4,20,48,3.54,9.57
STU00912,EE303,5,29,12,36.3,14.9
STU00912,EE301,6,27,41,28.42,20.54
STU00913,IT303,1,67,130,70.03,30.2
STU00913,IT304,2,60,65,74.54,36.81
STU00913,IT305,3,59,120,83.73,38.47
STU00914,CS303,1,37,29,47.98,15.27
STU00914,CS305,2,25,92,69.41,21.02
STU00915,EC302,1,0,0,6.39,3.93
STU00915,EC302,2,14,52,11.1,17.04
STU00915,EC301,3,8,0,25.94,20.21
STU00915,EC301,4,0,7,2.41,7.34
STU00915,EC305,5,9,4,16.27,4.99
STU00915,EC305,6,10,23,21.02,5.17
STU00916,CS305,1,7,0,5.36,12.43
STU00916,CS302,2,16,16,50.05,2.0
STU00916,CS304,3,20,10,18.36,14.62
STU00916,CS303,4,33,10,22.5,3.11
STU00917,ME304,1,62,100,57.59,8.6
STU00917,ME302,2,48,85,54.19,28.63
STU00917,ME304,3,45,65,31.77,19.2
STU00917,ME302,4,23,63,60.99,38.56
STU00917,ME302,5,15,73,43.66,31.71
STU00917,ME301,6,33,94,27.51,34.63
STU00918,EC302,1,46,95,72.32,41.33
STU00918,EC303,2,36,62,60.43,39.58
STU00918,EC304,3,21,116,72.86,39.0
STU00918,EC302,4,17,78,74.99,11.36
STU00918,EC302,5,30,126,78.72,23.69
STU00919,IT301,1,42,109,78.04,48.77
STU00919,IT301,2,55,125,98.32,38.64
STU00920,ME301,1,26,49,35.5,26.13
STU00920,ME303,2,8,62,47.13,18.63
STU00920,ME301,3,13,78,33.57,3.15
STU00921,ME304,1,21,22,34.88,14.35
STU00921,ME305,2,23,72,27.59,31.4
STU00921,ME303,3,29,79,23.3,31.08
STU00921,ME303,4,51,15,27.85,16.84
STU00922,ME304,1,20,14,47.1,25.05
STU00922,ME305,2,20,64,35.26,6.04
STU00922,ME304,3,18,106,58.95,21.2
STU00922,ME304,4,20,53,29.38,9.87
STU00923,IT301,1,45,97,68.18,30.28
STU00923,IT304,2,57,88,63.08,27.1
STU00923,IT305,3,42,114,58.2,17.25
STU00923,IT304,4,44,105,89.44,21.68
STU00924,EC301,1,24,0,14.9,3.28
STU00924,EC301,2,13,36,24.33,2.0
STU00924,EC301,3,15,1,0.0,14.67
STU00924,EC303,4,18,23,28.72,2.0
STU00924,EC301,5,25,4,20.12,2.0
STU00925,EE304,1,13,57,68.62,26.46
STU00925,EE303,2,24,99,73.72,19.76
STU00926,CS304,1,47,99,70.97,41.08
STU00926,CS303,2,27,108,84.09,30.62
STU00926,CS305,3,50,187,65.09,28.7
STU00926,CS302,4,41,104,63.01,22.85
STU00926,CS301,5,42,85,89.99,24.84
STU00926,CS302,6,39,107,96.55,19.45
STU00927,CS304,1,27,44,56.52,7.32
STU00927,CS305,2,28,78,46.13,36.86
STU00927,CS304,3,24,10,48.03,15.41
STU00927,CS305,4,19,45,64.34,20.28
STU00927,CS305,5,34,59,35.84,32.67
STU00927,CS303,6,21,56,22.77,20.17
STU00928,IT304,1,19,48,59.87,10.1
STU00928,IT304,2,12,29,11.32,20.04
STU00928,IT302,3,30,66,20.16,18.74
STU00928,IT303,4,31,24,36.14,14.87
STU00928,IT304,5,5,7,36.07,4.49
STU00928,IT302,6,28,77,41.99,8.72
STU00929,EE304,1,36,74,19.51,12.5
STU00929,EE302,2,20,78,35.08,9.97
STU00929,EE304,3,10,13,28.13,13.06
STU00930,ME301,1,37,146,89.78,21.99
STU00930,ME302,2,53,155,75.92,13.71
STU00930,ME303,3,49,112,96.16,17.26
STU00930,ME302,4,50,108,75.37,12.12
STU00930,ME301,5,53,139,67.67,34.14
STU00931,CS302,1,6,25,63.75,7.43
STU00931,CS305,2,34,41,53.96,19.98
STU00931,CS304,3,36,54,45.36,18.71
STU00932,EE304,1,19,39,30.28,22.92
STU00932,EE305,2,25,33,0.0,2.0
STU00932,EE305,3,2,62,21.06,3.75
STU00932,EE304,4,11,0,6.7,9.24
STU00933,EC303,1,27,69,71.41,28.03
STU00933,EC305,2,17,95,50.84,2.0
STU00934,CE301,1,44,75,62.68,22.8
STU00934,CE303,2,34,122,59.75,26.64
STU00935,CS304,1,41,111,25.42,35.72
STU00935,CS302,2,20,45,47.0,16.06
STU00935,CS301,3,25,63,43.63,8.91
STU00935,CS301,4,51,141,55.77,15.24
STU00935,CS302,5,37,52,53.13,27.4
STU00936,EE303,1,25,93,88.15,36.11
STU00936,EE304,2,39,128,71.14,30.6
STU00936,EE302,3,50,130,95.81,20.16
STU00936,EE301,4,46,76,86.15,32.81
STU00936,EE302,5,28,121,71.78,31.55
STU00936,EE302,6,30,112,76.5,26.73
STU00937,EE304,1,25,49,49.76,12.76
STU00937,EE303,2,24,63,43.36,13.89
STU00937,EE305,3,46,32,49.07,14.16
STU00938,EE305,1,57,110,76.39,39.26
STU00938,EE305,2,45,49,62.13,40.9
STU00939,EC302,1,48,41,57.17,6.25
STU00939,EC302,2,12,65,46.19,28.69
STU00939,EC302,3,22,33,51.51,9.06
STU00939,EC304,4,29,32,28.24,19.37
STU00940,IT302,1,50,163,100.0,21.81
STU00940,IT302,2,54,194,75.19,28.69
STU00940,IT305,3,34,116,83.16,34.41
STU00940,IT302,4,71,179,94.93,34.19
STU00940,IT305,5,40,118,78.96,26.49
STU00941,ME304,1,11,15,38.54,15.63
STU00941,ME305,2,4,31,18.8,13.3
STU00942,IT304,1,37,95,44.55,31.85
STU00942,IT302,2,30,66,60.16,27.05
STU00942,IT304,3,49,51,54.72,26.8
STU00943,CE301,1,6,17,0.0,2.0
STU00943,CE304,2,13,13,19.75,2.0
STU00943,CE302,3,19,0,0.0,27.92
STU00943,CE304,4,12,44,0.0,5.32
STU00943,CE305,5,8,6,0.0,5.21
STU00944,CS304,1,24,125,41.1,26.77
STU00944,CS302,2,11,54,42.39,5.94
STU00944,CS305,3,21,99,57.62,43.89
STU00945,EE301,1,37,62,60.2,27.21
STU00945,EE305,2,18,29,40.77,22.39
STU00945,EE304,3,38,20,71.28,30.02
STU00945,EE305,4,30,88,51.02,28.98
STU00945,EE302,5,16,90,52.51,2.0
STU00946,EE303,1,25,39,25.54,3.1
STU00946,EE303,2,24,59,24.26,24.69
STU00946,EE303,3,14,3,27.09,11.28
STU00946,EE305,4,43,101,32.41,22.45
STU00947,CS304,1,52,108,73.04,2.0
STU00947,CS304,2,20,89,54.4,19.88
STU00947,CS304,3,23,105,44.1,28.88
STU00947,CS301,4,14,82,44.91,19.3
STU00948,EC305,1,37,23,51.72,19.98
STU00948,EC303,2,18,48,37.11,16.01
STU00948,EC303,3,35,64,52.1,8.51
STU00948,EC305,4,21,75,47.43,24.72
STU00949,EC303,1,48,129,59.52,21.05
STU00949,EC305,2,50,66,55.57,23.41
STU00949,EC303,3,43,105,88.56,33.62
STU00949,EC302,4,48,125,72.9,12.38
STU00950,CE304,1,33,66,36.14,16.11
STU00950,CE303,2,0,61,31.38,10.38
STU00950,CE302,3,4,44,27.65,12.07
STU00950,CE303,4,0,0,25.82,13.53
STU00950,CE303,5,14,0,19.04,12.71
STU00950,CE302,6,19,73,23.15,8.96
STU00951,CE305,1,25,22,23.11,16.52
STU00951,CE301,2,30,30,39.02,2.0
STU00951,CE302,3,26,59,15.87,15.01
STU00951,CE305,4,24,51,2.73,4.13
STU00951,CE302,5,2,26,12.25,21.67
STU00951,CE303,6,28,23,26.74,24.12
STU00952,EC304,1,41,152,85.37,11.17
STU00952,EC305,2,37,108,68.92,27.28
STU00952,EC305,3,58,55,92.14,15.26
STU00952,EC302,4,35,179,87.47,20.9
STU00952,EC305,5,47,121,73.81,44.4
STU00953,EE301,1,51,122,64.52,27.73
STU00953,EE305,2,56,93,64.12,25.07
STU00953,EE301,3,63,79,75.59,30.86
STU00953,EE302,4,27,104,71.35,50.49
STU00954,IT304,1,31,80,54.88,4.74
STU00954,IT305,2,29,106,42.48,19.45
STU00954,IT302,3,38,116,45.21,31.63
STU00954,IT301,4,31,68,57.39,14.27
STU00954,IT304,5,39,94,52.66,31.58
STU00955,IT304,1,24,46,29.06,18.09
STU00955,IT303,2,11,78,9.67,20.85
STU00955,IT302,3,34,68,35.92,5.55
STU00955,IT301,4,12,33,22.08,2.0
STU00955,IT301,5,27,0,29.61,19.88
STU00956,EC303,1,30,105,50.89,20.14
STU00956,EC305,2,30,44,46.47,9.22
STU00957,EC301,1,13,64,45.69,2.0
STU00957,EC302,2,26,50,41.02,10.6
STU00957,EC305,3,32,108,50.02,6.62
STU00958,CE301,1,36,47,39.57,26.53
STU00958,CE305,2,22,55,42.95,20.92
STU00959,EE304,1,25,34,25.1,4.39
STU00959,EE302,2,21,4,21.36,22.4
STU00959,EE305,3,23,27,29.62,11.33
STU00959,EE305,4,8,49,37.78,7.44
STU00960,EC302,1,30,152,52.68,2.0
STU00960,EC305,2,32,86,37.95,28.13
STU00960,EC302,3,23,69,58.43,24.87
STU00961,EC302,1,24,34,29.09,9.46
STU00961,EC302,2,17,14,11.84,22.28
STU00961,EC305,3,24,45,19.75,2.0
STU00961,EC304,4,43,24,17.23,20.15
STU00961,EC301,5,18,3,16.89,10.7
STU00962,CS302,1,39,0,38.52,2.07
STU00962,CS304,2,19,31,55.57,18.27
STU00962,CS302,3,29,13,43.94,9.79
STU00962,CS303,4,39,35,31.16,2.0
STU00962,CS301,5,25,69,36.92,10.67
STU00963,EE304,1,20,49,36.13,22.59
STU00963,EE304,2,41,65,25.95,25.39
STU00963,EE302,3,28,67,43.67,40.28
STU00963,EE301,4,19,78,32.2,24.37
STU00964,CS304,1,38,154,89.37,44.18
STU00964,CS304,2,34,75,50.88,34.09
STU00964,CS301,3,26,68,81.0,23.94
STU00964,CS302,4,36,108,87.1,45.88
STU00964,CS304,5,43,123,87.26,38.44
STU00965,CS301,1,15,68,24.86,7.92
STU00965,CS305,2,0,46,15.81,2.08
STU00965,CS304,3,25,64,33.25,3.17
STU00965,CS303,4,25,26,26.54,8.52
STU00966,EC305,1,24,27,47.24,17.76
STU00966,EC302,2,35,41,36.0,15.59
STU00967,ME302,1,15,10,11.18,10.76
STU00967,ME303,2,15,42,14.76,5.75
STU00967,ME303,3,35,7,20.69,14.61
STU00968,EC302,1,46,97,49.48,39.15
STU00968,EC305,2,47,154,68.58,34.47
STU00968,EC301,3,36,102,85.44,26.3
STU00968,EC301,4,51,115,77.45,44.29
STU00969,CE304,1,26,82,54.89,18.2
STU00969,CE303,2,36,90,57.86,23.59
STU00970,CE304,1,45,79,85.99,16.13
STU00970,CE304,2,63,111,83.31,43.37
STU00971,EC304,1,42,114,68.25,22.76
STU00971,EC303,2,30,45,71.05,21.12
STU00972,CS303,1,53,84,56.24,45.51
STU00972,CS304,2,32,151,75.94,34.81
STU00972,CS302,3,39,145,93.38,24.53
STU00972,CS305,4,40,203,71.87,35.72
STU00973,EC304,1,42,86,64.77,28.74
STU00973,EC301,2,30,84,63.99,26.53
STU00974,ME302,1,59,87,79.19,34.15
STU00974,ME305,2,39,176,86.97,44.67
STU00975,EE301,1,26,12,12.65,6.0
STU00975,EE304,2,5,0,12.44,14.85
STU00975,EE303,3,2,42,8.9,2.0
STU00975,EE304,4,13,0,15.14,8.51
STU00976,CE302,1,52,95,73.71,44.26
STU00976,CE303,2,15,130,76.6,28.11
STU00976,CE305,3,45,108,72.63,17.37
STU00977,ME301,1,20,39,38.25,31.05
STU00977,ME305,2,10,74,40.54,18.29
STU00977,ME303,3,28,54,46.81,36.03
STU00978,ME302,1,33,135,58.94,25.71
STU00978,ME301,2,70,122,77.66,24.75
STU00978,ME305,3,42,139,77.69,18.29
STU00978,ME301,4,28,66,69.59,24.07
STU00978,ME303,5,51,107,66.08,20.77
STU00979,ME301,1,29,21,23.45,5.47
STU00979,ME305,2,13,17,45.58,5.02
STU00979,ME302,3,19,67,6.16,2.0
STU00979,ME305,4,25,47,32.42,22.37
STU00979,ME302,5,18,82,21.74,21.4
STU00979,ME303,6,17,56,26.48,2.59
STU00980,CS305,1,61,86,84.24,11.45
STU00980,CS305,2,31,88,87.36,27.5
STU00980,CS304,3,42,94,69.34,32.13
STU00980,CS302,4,41,139,69.93,27.2
STU00981,CE302,1,14,22,26.48,13.33
STU00981,CE302,2,0,11,27.99,4.03
STU00981,CE305,3,14,79,33.74,2.21
STU00981,CE304,4,25,26,20.55,19.6
STU00981,CE304,5,27,45,26.43,15.36
STU00982,EC302,1,20,92,41.67,31.46
STU00982,EC305,2,22,77,45.27,10.61
STU00983,EC304,1,18,36,43.51,13.62
STU00983,EC301,2,38,90,45.24,25.64
STU00984,CS305,1,68,159,83.43,37.9
STU00984,CS304,2,44,141,100.0,34.07
STU00984,CS305,3,57,99,99.57,38.47
STU00984,CS305,4,55,91,78.96,30.03
STU00984,CS305,5,62,97,100.0,41.31
STU00985,IT305,1,58,68,71.22,22.33
STU00985,IT302,2,24,112,52.33,23.85
STU00985,IT302,3,45,134,58.13,6.28
STU00985,IT302,4,35,88,64.68,21.62
STU00986,CS303,1,9,85,47.08,27.09
STU00986,CS301,2,29,71,34.8,22.1
STU00986,CS304,3,11,70,38.21,7.09
STU00986,CS303,4,27,46,27.85,4.69
STU00986,CS301,5,46,7,61.73,27.75
STU00986,CS304,6,14,49,23.93,23.41
STU00987,ME302,1,11,98,21.28,38.49
STU00987,ME302,2,32,76,52.68,20.5
STU00988,CS302,1,26,59,39.2,3.45
STU00988,CS304,2,14,13,44.8,12.45
STU00988,CS302,3,17,52,41.1,7.91
STU00988,CS302,4,7,11,34.22,2.0
STU00988,CS303,5,1,104,26.72,14.1
STU00988,CS304,6,21,44,49.08,21.63
STU00989,EC303,1,56,78,36.45,2.0
STU00989,EC304,2,16,100,44.87,17.44
STU00989,EC304,3,16,21,30.47,17.14
STU00989,EC302,4,19,18,55.34,30.87
STU00989,EC301,5,8,55,35.28,4.54
STU00990,CE301,1,38,55,90.46,41.1
STU00990,CE304,2,64,87,85.08,25.37
STU00990,CE304,3,32,95,73.33,32.24
STU00990,CE305,4,43,129,81.31,39.22
STU00991,IT305,1,29,131,54.26,25.62
STU00991,IT301,2,25,114,58.21,18.04
STU00991,IT301,3,13,114,51.07,23.23
STU00991,IT303,4,28,101,58.82,21.16
STU00992,IT305,1,45,115,51.03,32.9
STU00992,IT301,2,52,113,59.54,26.62
STU00992,IT302,3,48,145,89.04,51.79
STU00992,IT301,4,49,111,89.15,17.63
STU00993,EC302,1,29,53,66.39,32.74
STU00993,EC301,2,31,76,70.08,18.09
STU00993,EC304,3,29,109,50.9,21.16
STU00993,EC305,4,48,96,68.13,13.79
STU00993,EC303,5,0,98,36.31,17.24
STU00993,EC303,6,42,137,48.19,9.24
STU00994,ME305,1,32,102,53.46,27.09
STU00994,ME304,2,28,46,60.57,10.91
STU00995,EC305,1,36,77,63.64,28.87
STU00995,EC305,2,33,115,67.99,38.0
STU00995,EC302,3,39,104,76.21,28.95
STU00995,EC303,4,41,111,42.65,34.16
STU00995,EC303,5,36,91,39.78,34.58
STU00996,ME302,1,24,61,45.87,9.06
STU00996,ME305,2,12,40,24.18,17.73
STU00996,ME303,3,45,104,45.48,11.19
STU00997,CE301,1,0,85,4.25,11.94
STU00997,CE303,2,0,3,0.86,12.76
STU00997,CE302,3,0,55,20.45,2.0
STU00998,ME305,1,43,66,48.22,34.75
STU00998,ME304,2,52,54,45.92,9.15
STU00998,ME304,3,42,53,31.5,26.77
STU00998,ME302,4,41,104,45.37,14.57
STU00998,ME301,5,36,60,44.72,36.61
STU00999,CE303,1,26,86,44.55,34.49
STU00999,CE301,2,34,106,49.01,29.4
STU01000,ME302,1,42,112,70.29,24.62
STU01000,ME301,2,31,104,75.18,12.6
STU01000,ME304,3,52,111,94.17,31.43
STU01000,ME305,4,63,134,77.91,31.12
STU01000,ME304,5,27,148,85.67,32.4
STU01001,EE305,1,42,82,57.72,16.43
STU01001,EE303,2,48,92,55.52,23.86
STU01001,EE305,3,46,145,52.49,12.36
STU01001,EE305,4,49,65,67.38,16.9
STU01001,EE302,5,35,73,60.97,29.75
STU01001,EE304,6,37,47,50.86,19.38
STU01002,CS303,1,67,86,55.02,36.3
STU01002,CS304,2,27,98,65.0,19.71
STU01002,CS301,3,22,73,52.92,3.03
STU01002,CS303,4,29,78,71.93,6.33
STU01003,ME305,1,38,101,56.38,47.19
STU01003,ME302,2,37,145,61.9,34.71
STU01003,ME304,3,45,109,48.2,19.39
STU01004,CS305,1,19,32,39.49,15.99
STU01004,CS304,2,30,90,51.01,30.22
STU01005,ME305,1,12,158,51.11,18.32
STU01005,ME303,2,37,82,62.73,38.16
STU01005,ME302,3,36,121,74.75,2.0
STU01005,ME305,4,47,94,62.32,18.56
STU01005,ME301,5,57,66,56.05,19.98
STU01006,ME304,1,22,51,29.25,2.0
STU01006,ME304,2,25,41,27.63,26.94
STU01007,EC304,1,34,105,55.12,4.15
STU01007,EC303,2,33,70,43.46,20.39
STU01007,EC301,3,45,55,57.97,41.06
STU01007,EC302,4,15,62,47.35,19.66
STU01007,EC304,5,37,29,39.03,24.59
STU01008,IT302,1,48,70,82.99,23.2
STU01008,IT304,2,33,63,66.28,28.22
STU01008,IT303,3,13,86,66.62,50.41
STU01008,IT305,4,37,98,60.12,23.83
STU01008,IT303,5,33,107,61.1,20.04
STU01008,IT305,6,17,115,46.18,33.72
STU01009,IT304,1,49,124,73.47,23.15
STU01009,IT301,2,52,102,66.16,9.74
STU01009,IT301,3,53,109,62.27,27.53
STU01009,IT302,4,48,131,53.71,4.73
STU01009,IT304,5,43,90,93.74,8.5
STU01009,IT302,6,38,101,54.97,37.97
STU01010,CS304,1,46,59,69.39,23.82
STU01010,CS301,2,33,109,77.86,32.12
STU01011,EE303,1,39,55,57.74,24.15
STU01011,EE305,2,33,88,62.15,41.22
STU01011,EE301,3,30,56,54.59,18.71
STU01011,EE303,4,44,78,63.7,18.5
STU01012,EE301,1,14,107,69.68,35.73
STU01012,EE301,2,62,84,66.47,49.34
STU01013,CS302,1,8,2,15.13,21.62
STU01013,CS304,2,0,7,23.38,2.0
STU01013,CS303,3,7,0,13.7,6.68
STU01014,CE305,1,29,152,56.82,19.44
STU01014,CE305,2,36,102,74.96,30.81
STU01014,CE302,3,36,21,57.42,25.0
STU01014,CE304,4,29,80,61.8,26.42
STU01014,CE302,5,25,137,40.28,37.42
STU01014,CE304,6,25,106,54.45,21.95
STU01015,ME301,1,31,57,8.33,21.44
STU01015,ME303,2,9,42,46.34,20.14
STU01015,ME304,3,18,40,26.43,12.13
STU01015,ME303,4,11,0,43.86,14.63
STU01016,ME304,1,41,103,42.55,22.11
STU01016,ME302,2,55,95,60.45,18.13
STU01016,ME303,3,30,78,68.25,22.91
STU01016,ME302,4,47,48,70.96,41.12
STU01017,ME302,1,52,126,86.04,14.27
STU01017,ME301,2,54,111,91.3,36.47
STU01017,ME305,3,55,76,84.21,29.03
STU01018,IT301,1,69,134,82.9,38.79
STU01018,IT302,2,44,118,73.56,46.08
STU01018,IT301,3,43,92,80.17,33.46
STU01019,ME303,1,21,30,17.65,29.1
STU01019,ME304,2,0,0,43.12,9.34
STU01019,ME304,3,12,52,39.88,19.54
STU01019,ME305,4,21,72,33.31,21.14
STU01020,EC304,1,33,103,57.91,16.15
STU01020,EC303,2,25,76,37.17,32.26
STU01020,EC304,3,30,123,33.63,23.7
STU01021,ME301,1,0,1,40.88,2.0
STU01021,ME301,2,31,50,22.39,12.67
STU01021,ME304,3,23,19,28.01,13.1
STU01021,ME304,4,4,69,23.97,31.76
STU01022,IT303,1,33,78,46.22,18.49
STU01022,IT302,2,30,71,56.22,20.33
STU01022,IT304,3,15,81,69.56,9.16
STU01022,IT305,4,26,83,28.44,20.82
STU01022,IT301,5,12,111,38.4,11.91
STU01023,EE304,1,0,15,30.94,2.0
STU01023,EE304,2,23,21,20.25,5.71
STU01023,EE302,3,0,0,24.86,8.23
STU01023,EE302,4,0,0,6.36,3.6
STU01024,IT305,1,49,143,91.69,30.67
STU01024,IT303,2,57,123,100.0,37.98
STU01024,IT302,3,63,159,91.5,43.57
STU01024,IT301,4,66,167,100.0,41.26
STU01024,IT303,5,47,181,96.79,37.94
STU01024,IT305,6,75,132,71.46,36.66
STU01025,IT301,1,33,88,60.81,22.66
STU01025,IT304,2,24,138,46.11,31.73
STU01025,IT302,3,52,85,63.18,21.42
STU01025,IT303,4,70,78,64.03,23.56
STU01026,ME304,1,30,124,62.21,37.22
STU01026,ME304,2,44,118,72.16,35.65
STU01026,ME304,3,55,79,72.18,38.11
STU01026,ME305,4,28,144,62.33,14.17
STU01026,ME301,5,30,110,89.59,25.64
STU01026,ME303,6,36,158,62.05,11.1
STU01027,EC305,1,51,52,69.0,45.82
STU01027,EC304,2,43,137,36.22,2.0
STU01027,EC304,3,41,76,55.4,22.45
STU01027,EC303,4,48,66,46.39,38.15
STU01027,EC304,5,43,113,76.02,28.61
STU01028,CE301,1,56,114,69.75,26.93
STU01028,CE305,2,46,109,69.43,11.26
STU01028,CE304,3,43,111,75.4,22.16
STU01028,CE301,4,39,79,83.41,16.3
STU01029,ME302,1,34,65,44.46,21.05
STU01029,ME302,2,40,55,32.07,24.22
STU01030,IT304,1,38,58,69.9,36.84
STU01030,IT301,2,28,64,53.56,7.5
STU01031,ME305,1,6,98,32.58,10.41
STU01031,ME301,2,22,89,34.73,11.04
STU01031,ME305,3,39,31,16.94,19.29
STU01031,ME304,4,0,29,26.91,2.0
STU01031,ME305,5,30,106,31.72,20.55
STU01031,ME301,6,31,30,68.26,2.0
STU01032,CS305,1,14,17,28.81,7.56
STU01032,CS302,2,5,52,29.58,28.41
STU01032,CS301,3,32,17,39.04,23.56
STU01032,CS301,4,12,78,1.05,14.68
STU01032,CS302,5,10,9,32.06,23.43
STU01033,EE301,1,25,59,56.18,17.31
STU01033,EE303,2,13,64,32.94,14.32
STU01034,EE303,1,46,82,88.96,35.68
STU01034,EE302,2,49,153,100.0,36.68
STU01034,EE302,3,70,143,81.91,19.75
STU01034,EE303,4,45,80,77.78,28.82
STU01035,ME303,1,39,82,49.74,35.13
STU01035,ME301,2,46,72,59.45,29.33
STU01035,ME301,3,20,131,67.18,27.89
STU01035,ME302,4,43,124,52.09,28.83
STU01036,EC302,1,0,0,19.81,5.41
STU01036,EC304,2,40,72,25.36,2.0
STU01036,EC301,3,27,79,17.46,15.58
STU01036,EC305,4,9,39,13.99,13.29
STU01037,EE305,1,27,39,77.98,18.59
STU01037,EE301,2,27,92,53.61,21.66
STU01037,EE301,3,32,35,58.36,8.39
STU01037,EE302,4,41,74,52.83,31.41
STU01037,EE302,5,33,138,65.32,25.4
STU01038,CE305,1,47,86,68.73,37.46
STU01038,CE301,2,45,117,72.36,39.63
STU01039,IT303,1,16,29,24.9,2.0
STU01039,IT305,2,25,5,26.51,16.42
STU01039,IT304,3,3,8,29.42,14.7
STU01040,IT303,1,18,108,52.48,3.77
STU01040,IT304,2,28,63,67.18,25.27
STU01041,EE304,1,10,58,27.63,2.0
STU01041,EE302,2,15,47,17.42,25.83
STU01041,EE305,3,29,65,50.06,22.92
STU01041,EE305,4,28,39,9.97,20.91
STU01041,EE302,5,25,48,49.18,29.69
STU01041,EE305,6,18,23,39.17,2.0
STU01042,CS303,1,47,79,57.13,9.9
STU01042,CS302,2,28,57,35.33,30.22
STU01042,CS301,3,37,102,46.11,15.96
STU01042,CS302,4,44,131,36.04,19.22
STU01042,CS305,5,35,53,22.5,7.6
STU01043,EE303,1,28,54,23.83,11.59
STU01043,EE304,2,18,63,37.75,16.35
STU01044,CE304,1,24,58,46.1,16.65
STU01044,CE302,2,7,47,9.52,4.79
STU01044,CE305,3,6,0,8.32,14.42
STU01044,CE305,4,0,18,12.9,14.56
STU01045,EE304,1,34,81,41.75,2.0
STU01045,EE301,2,17,27,22.09,7.9
STU01045,EE303,3,18,0,37.73,2.0
STU01045,EE303,4,11,78,16.41,12.11
STU01045,EE303,5,12,34,14.99,2.64
STU01046,IT301,1,27,89,43.39,23.83
STU01046,IT302,2,17,69,52.24,16.6
STU01047,CE302,1,18,0,11.06,10.4
STU01047,CE303,2,25,3,5.27,2.0
STU01047,CE301,3,0,64,17.13,8.26
STU01047,CE301,4,14,0,13.7,4.0
STU01047,CE303,5,0,0,23.6,2.0
STU01048,ME301,1,63,64,94.48,5.53
STU01048,ME303,2,49,104,87.98,42.54
STU01048,ME302,3,39,93,98.9,30.06
STU01048,ME302,4,39,108,85.8,22.92
STU01048,ME303,5,30,121,79.9,29.41
STU01049,EE303,1,10,0,11.12,8.81
STU01049,EE303,2,28,24,47.56,2.0
STU01050,IT305,1,0,23,35.26,6.65
STU01050,IT305,2,11,43,30.83,2.0
STU01050,IT302,3,35,30,40.76,12.97
STU01051,ME303,1,67,138,100.0,64.46
STU01051,ME305,2,68,172,100.0,38.89
STU01051,ME305,3,61,132,99.56,43.22
STU01051,ME301,4,63,118,88.84,45.55
STU01052,ME303,1,45,76,68.0,26.83
STU01052,ME301,2,37,81,30.5,25.0
STU01053,CS301,1,59,142,76.97,11.88
STU01053,CS301,2,19,169,76.4,29.53
STU01053,CS305,3,45,163,62.24,28.62
STU01053,CS301,4,33,158,90.86,31.21
STU01054,EE304,1,51,63,70.06,13.62
STU01054,EE304,2,27,45,56.8,37.16
STU01055,CE302,1,0,61,50.5,20.86
STU01055,CE301,2,55,53,37.59,21.45
STU01055,CE302,3,11,69,19.65,25.65
STU01055,CE305,4,13,36,58.54,14.32
STU01056,IT304,1,0,10,34.95,28.62
STU01056,IT302,2,31,35,30.75,2.0
STU01057,EE302,1,39,98,71.72,28.95
STU01057,EE301,2,37,83,81.51,33.52
STU01057,EE305,3,55,116,84.11,20.11
STU01057,EE304,4,59,117,61.12,28.35
STU01057,EE301,5,39,95,54.52,24.38
STU01057,EE302,6,22,146,68.74,14.82
STU01058,CS305,1,29,83,23.61,32.63
STU01058,CS303,2,37,66,36.26,23.07
STU01058,CS304,3,14,108,58.74,19.38
STU01059,CE303,1,31,95,49.45,31.29
STU01059,CE302,2,23,63,49.62,16.83
STU01059,CE304,3,27,93,56.96,17.13
STU01059,CE305,4,45,73,51.08,40.46
STU01059,CE301,5,26,93,62.36,3.06
STU01059,CE304,6,40,52,35.45,17.77
STU01060,CE302,1,26,87,54.57,28.44
STU01060,CE305,2,16,56,39.4,7.43
STU01060,CE302,3,38,59,59.44,32.38
STU01060,CE301,4,26,103,59.99,13.35
STU01061,CS301,1,20,109,74.55,11.41
STU01061,CS304,2,62,106,39.84,25.86
STU01061,CS302,3,49,120,89.05,50.79
STU01062,CS305,1,0,32,0.0,15.72
STU01062,CS302,2,16,0,43.94,22.62
STU01063,ME304,1,52,131,100.0,20.3
STU01063,ME303,2,68,125,100.0,37.94
STU01064,CE302,1,8,49,42.96,22.07
STU01064,CE301,2,29,76,58.87,12.47
STU01064,CE303,3,15,32,39.99,22.65
STU01064,CE304,4,19,19,44.54,2.0
STU01064,CE304,5,11,70,46.29,15.64
STU01065,EE302,1,49,4,28.7,2.0
STU01065,EE303,2,9,90,18.24,14.74
STU01065,EE302,3,13,17,19.12,23.95
STU01066,CS303,1,20,82,25.27,20.76
STU01066,CS301,2,35,10,5.94,15.72
STU01066,CS301,3,10,43,10.34,29.76
STU01066,CS304,4,13,0,33.37,16.54
STU01066,CS301,5,20,46,41.3,11.05
STU01067,ME305,1,24,70,53.6,11.19
STU01067,ME302,2,14,47,49.48,18.38
STU01067,ME301,3,19,0,54.66,28.54
STU01067,ME302,4,23,49,44.65,22.43
STU01067,ME303,5,43,63,53.49,27.7
STU01068,IT301,1,7,13,21.18,4.54
STU01068,IT305,2,0,0,2.3,2.0
STU01068,IT305,3,0,40,8.09,2.0
STU01068,IT303,4,0,0,34.19,11.39
STU01068,IT302,5,0,71,17.47,4.04
STU01069,IT303,1,54,76,92.8,26.15
STU01069,IT304,2,51,98,81.89,33.39
STU01069,IT302,3,51,90,92.61,34.49
STU01070,CE304,1,19,90,53.32,11.1
STU01070,CE301,2,37,24,25.87,36.01
STU01070,CE304,3,22,104,56.81,28.02
STU01071,CE305,1,49,130,60.94,33.77
STU01071,CE301,2,42,96,77.75,42.0
STU01071,CE303,3,54,150,85.47,53.75
STU01072,EE303,1,10,43,48.42,8.12
STU01072,EE304,2,8,30,22.84,4.91
STU01073,CS305,1,10,39,27.79,2.0
STU01073,CS302,2,1,33,30.21,23.3
STU01074,EC302,1,45,61,24.17,5.99
STU01074,EC304,2,13,3,22.48,30.85
STU01074,EC302,3,26,86,58.42,22.53
STU01074,EC303,4,19,12,40.12,17.88
STU01075,EC303,1,35,110,69.75,13.93
STU01075,EC304,2,20,54,37.32,29.92
STU01075,EC302,3,19,62,21.72,14.89
STU01075,EC303,4,21,57,38.78,17.59
STU01075,EC303,5,26,103,45.83,16.32
STU01075,EC305,6,14,99,25.08,12.35
STU01076,EC305,1,42,141,72.66,48.85
STU01076,EC301,2,57,107,87.12,35.64
STU01076,EC304,3,62,130,52.04,51.49
STU01076,EC302,4,24,141,85.03,38.19
STU01076,EC301,5,37,64,68.18,38.07
STU01077,CS304,1,27,89,35.78,23.35
STU01077,CS305,2,9,58,33.96,25.92
STU01077,CS304,3,21,113,12.78,20.53
STU01077,CS304,4,53,43,28.17,2.0
STU01078,CS301,1,16,37,19.6,2.91
STU01078,CS302,2,17,40,25.19,2.0
STU01079,EE302,1,35,94,50.9,38.29
STU01079,EE304,2,40,80,55.46,25.48
STU01080,IT305,1,44,122,63.64,18.67
STU01080,IT302,2,47,123,55.38,10.51
STU01081,CE302,1,45,67,44.2,15.95
STU01081,CE301,2,5,67,46.04,17.92
STU01081,CE303,3,32,37,47.62,15.82
STU01082,EE304,1,1,0,20.77,2.0
STU01082,EE303,2,9,55,1.93,4.72
STU01082,EE302,3,24,3,10.69,10.04
STU01082,EE303,4,11,80,22.87,19.95
STU01082,EE305,5,25,78,11.97,2.0
STU01082,EE301,6,5,31,1.2,2.0
STU01083,ME305,1,30,92,75.92,28.01
STU01083,ME301,2,35,42,58.42,14.85
STU01083,ME303,3,30,55,43.68,9.22
STU01083,ME301,4,30,99,46.45,12.08
STU01083,ME302,5,20,15,39.33,10.9
STU01083,ME303,6,23,50,33.38,12.83
STU01084,ME305,1,51,79,45.44,21.38
STU01084,ME305,2,62,96,80.22,15.22
STU01085,EE304,1,38,0,35.35,3.87
STU01085,EE303,2,18,63,28.11,19.16
STU01086,ME302,1,23,102,39.73,27.82
STU01086,ME301,2,25,56,53.21,19.75
STU01086,ME303,3,25,88,41.32,30.48
STU01086,ME302,4,37,0,44.61,2.0
STU01086,ME302,5,13,63,52.46,7.6
STU01086,ME302,6,22,67,49.86,21.79
STU01087,CS302,1,42,68,34.4,35.7
STU01087,CS303,2,21,81,58.87,29.8
STU01087,CS301,3,0,21,47.87,28.85
STU01088,EE305,1,0,66,11.78,4.33
STU01088,EE301,2,7,125,26.59,15.35
STU01088,EE302,3,28,38,28.97,21.61
STU01089,CE304,1,27,86,43.95,41.62
STU01089,CE301,2,26,65,60.7,27.66
STU01089,CE304,3,39,116,61.66,12.74
STU01089,CE301,4,45,86,77.98,32.25
STU01090,EE301,1,24,37,53.07,14.07
STU01090,EE304,2,25,63,29.12,15.34
STU01090,EE301,3,29,35,40.4,2.17
STU01090,EE302,4,25,53,33.66,28.87
STU01091,EE304,1,58,150,96.17,47.39
STU01091,EE304,2,62,166,94.06,49.39
STU01091,EE302,3,62,170,91.03,43.4
STU01092,EE305,1,41,42,36.33,25.82
STU01092,EE304,2,35,37,43.76,15.43
STU01092,EE305,3,33,74,59.19,17.59
STU01092,EE304,4,30,56,38.37,2.0
STU01092,EE302,5,54,66,54.97,21.38
STU01092,EE303,6,46,82,51.4,26.99
STU01093,EC305,1,17,102,56.44,40.41
STU01093,EC301,2,35,60,51.48,26.51
STU01093,EC304,3,49,101,57.78,18.86
STU01093,EC304,4,17,63,61.53,15.81
STU01094,CS305,1,37,71,44.8,37.01
STU01094,CS302,2,25,78,32.91,17.59
STU01095,CS305,1,51,58,59.43,41.35
STU01095,CS305,2,66,173,86.15,16.05
STU01095,CS304,3,37,84,76.94,32.52
STU01096,CS305,1,22,39,52.18,15.2
STU01096,CS305,2,4,119,52.88,14.95
STU01097,ME302,1,10,5,7.82,2.98
STU01097,ME305,2,0,30,26.61,2.0
STU01097,ME302,3,21,11,0.0,2.58
STU01098,EC305,1,10,0,31.05,13.5
STU01098,EC303,2,21,66,14.22,2.0
STU01098,EC303,3,22,81,42.14,10.52
STU01098,EC302,4,13,76,34.05,11.01
STU01099,ME304,1,34,80,55.54,41.32
STU01099,ME302,2,17,59,60.06,38.96
STU01099,ME301,3,35,59,58.18,16.48
STU01099,ME305,4,38,80,60.86,30.68
STU01099,ME301,5,32,75,45.88,9.35
STU01100,CE301,1,61,162,89.73,32.04
STU01100,CE304,2,63,177,89.0,70.26
STU01100,CE303,3,39,91,96.43,39.38
STU01100,CE301,4,55,174,100.0,43.16
STU01100,CE301,5,62,86,86.05,57.99
STU01100,CE301,6,50,97,91.53,36.29
STU01101,EC303,1,70,142,85.54,2.0
STU01101,EC305,2,52,114,93.59,44.58
STU01102,CS302,1,17,38,41.18,8.61
STU01102,CS301,2,8,9,26.46,3.43
STU01103,EE303,1,44,161,58.67,22.08
STU01103,EE305,2,40,103,64.61,32.57
STU01103,EE302,3,25,171,71.47,25.35
STU01103,EE303,4,40,74,67.91,31.73
STU01103,EE301,5,45,165,59.38,3.82
STU01103,EE303,6,48,94,71.37,7.93
STU01104,CE301,1,13,0,14.09,16.06
STU01104,CE305,2,0,32,14.73,5.93
STU01104,CE303,3,28,32,30.27,10.48
STU01105,EE301,1,42,72,61.86,21.09
STU01105,EE302,2,29,75,47.39,33.6
STU01105,EE305,3,38,65,61.56,41.59
STU01105,EE303,4,22,0,41.92,2.0
STU01105,EE304,5,39,21,65.4,24.97
STU01105,EE305,6,30,62,52.05,5.68
STU01106,ME301,1,2,0,11.77,22.8
STU01106,ME305,2,4,6,15.78,2.0
STU01106,ME301,3,0,0,23.26,7.97
STU01106,ME302,4,18,0,5.07,18.85
STU01106,ME303,5,0,46,15.28,13.99
STU01107,IT303,1,42,155,90.98,36.93
STU01107,IT305,2,39,66,74.62,17.78
STU01108,CE304,1,32,58,63.11,40.47
STU01108,CE302,2,41,86,55.34,10.36
STU01108,CE302,3,41,71,65.03,33.85
STU01108,CE305,4,42,131,54.39,18.15
STU01108,CE303,5,41,45,46.37,25.33
STU01109,EE303,1,19,80,72.13,22.24
STU01109,EE302,2,33,125,51.84,8.84
STU01110,CS305,1,0,48,0.0,2.0
STU01110,CS304,2,0,51,27.29,13.68
STU01111,IT302,1,41,133,81.27,30.52
STU01111,IT304,2,61,106,89.45,46.43
STU01111,IT305,3,53,101,77.51,37.84
STU01111,IT301,4,60,138,72.35,32.08
STU01111,IT302,5,49,144,68.82,5.75
STU01112,EC303,1,18,55,8.37,4.55
STU01112,EC301,2,7,71,4.07,2.0
STU01113,EE305,1,52,105,66.58,39.86
STU01113,EE305,2,39,80,69.59,18.48
STU01113,EE303,3,53,87,69.86,33.8
STU01113,EE302,4,58,169,78.72,23.83
STU01114,EE302,1,43,124,69.88,27.84
STU01114,EE304,2,39,45,63.04,27.35
STU01114,EE305,3,48,128,60.35,37.45
STU01114,EE304,4,46,89,86.59,44.59
STU01114,EE302,5,44,79,70.73,25.65
STU01115,EC302,1,44,121,52.39,29.17
STU01115,EC305,2,18,148,65.95,25.67
STU01116,CE305,1,42,112,69.55,19.14
STU01116,CE304,2,29,74,80.56,23.01
STU01116,CE302,3,40,42,60.54,31.35
STU01117,EC304,1,43,89,56.42,26.2
STU01117,EC303,2,39,84,78.88,22.46
STU01117,EC302,3,41,112,58.62,19.8
STU01118,EE303,1,17,45,25.49,9.63
STU01118,EE304,2,0,10,15.65,2.63
STU01118,EE304,3,15,15,19.23,9.65
STU01118,EE304,4,0,45,21.26,7.62
STU01119,EE303,1,43,148,59.89,23.56
STU01119,EE301,2,38,113,56.02,19.53
STU01119,EE304,3,58,118,72.89,24.28
STU01119,EE303,4,41,70,63.02,29.03
STU01120,CE302,1,38,111,60.36,23.63
STU01120,CE302,2,38,78,57.03,20.87
STU01120,CE301,3,36,88,63.33,35.84
STU01120,CE304,4,29,124,69.53,40.89
STU01120,CE304,5,46,82,57.31,27.89
STU01120,CE303,6,46,97,49.84,12.65
STU01121,IT301,1,34,126,92.45,36.33
STU01121,IT302,2,41,94,61.75,29.16
STU01121,IT303,3,29,62,86.19,39.24
STU01122,CS304,1,65,126,86.75,32.5
STU01122,CS303,2,60,108,92.18,41.2
STU01122,CS303,3,52,187,88.24,48.47
STU01123,CE302,1,56,109,70.27,5.81
STU01123,CE302,2,40,123,75.7,42.18
STU01123,CE303,3,37,162,86.77,19.36
STU01123,CE305,4,42,111,86.41,37.33
STU01124,EC303,1,50,66,50.78,21.9
STU01124,EC304,2,22,33,43.36,16.43
STU01124,EC302,3,33,31,34.43,18.07
STU01124,EC301,4,10,22,25.34,20.0
STU01124,EC305,5,13,58,60.95,4.91
STU01124,EC305,6,25,20,50.39,7.9
STU01125,IT305,1,14,60,57.52,27.68
STU01125,IT305,2,27,11,66.37,25.22
STU01126,CE305,1,52,51,27.41,17.59
STU01126,CE302,2,32,56,64.7,9.24
STU01126,CE302,3,30,127,37.88,19.59
STU01127,CE303,1,40,52,52.42,22.7
STU01127,CE301,2,29,62,58.43,16.5
STU01127,CE301,3,19,92,66.74,38.53
STU01127,CE301,4,35,110,77.39,25.77
STU01127,CE303,5,56,86,40.56,27.09
STU01128,EC304,1,18,47,33.66,2.73
STU01128,EC305,2,22,0,20.59,13.67
STU01129,CS302,1,42,97,61.88,10.76
STU01129,CS301,2,39,59,57.37,23.2
STU01130,IT301,1,39,71,72.29,25.89
STU01130,IT304,2,47,102,44.23,13.63
STU01130,IT305,3,43,20,49.21,31.35
STU01130,IT305,4,40,98,43.31,24.34
STU01130,IT302,5,33,70,58.18,24.05
STU01130,IT303,6,30,85,74.43,29.46
STU01131,EC303,1,50,113,64.22,21.53
STU01131,EC305,2,46,115,49.85,31.08
STU01131,EC304,3,34,73,61.76,19.61
STU01131,EC305,4,36,103,63.99,37.1
STU01131,EC304,5,21,159,54.54,13.1
STU01132,EE303,1,33,60,70.0,16.08
STU01132,EE301,2,44,108,45.8,16.56
STU01132,EE303,3,44,83,53.42,31.62
STU01132,EE301,4,30,78,51.86,16.05
STU01132,EE301,5,48,72,42.99,13.54
STU01132,EE302,6,32,22,54.54,17.26
STU01133,ME305,1,3,10,19.71,2.0
STU01133,ME303,2,4,35,13.13,2.0
STU01133,ME305,3,0,0,1.35,2.0
STU01133,ME304,4,0,33,14.55,2.0
STU01133,ME302,5,19,0,0.0,2.0
STU01134,EE305,1,34,90,57.09,19.97
STU01134,EE301,2,39,111,73.09,20.01
STU01134,EE304,3,32,64,60.64,27.87
STU01135,IT303,1,44,122,35.12,35.45
STU01135,IT301,2,13,85,76.48,39.38
STU01135,IT303,3,37,72,66.09,19.71
STU01135,IT303,4,40,100,76.58,23.91
STU01136,IT305,1,34,49,44.44,5.99
STU01136,IT301,2,22,61,68.2,10.49
STU01136,IT301,3,26,54,43.29,30.19
STU01136,IT302,4,34,30,28.47,23.81
STU01136,IT304,5,27,59,26.98,9.39
STU01136,IT304,6,25,5,26.02,21.86
STU01137,IT301,1,35,63,33.67,29.08
STU01137,IT302,2,21,80,38.51,27.89
STU01137,IT301,3,57,65,50.63,8.3
STU01137,IT302,4,33,56,46.73,36.31
STU01137,IT305,5,37,84,40.81,15.0
STU01137,IT303,6,31,64,68.7,17.55
STU01138,EE305,1,0,41,20.67,21.7
STU01138,EE301,2,6,0,18.6,10.67
STU01138,EE302,3,3,0,9.34,7.74
STU01138,EE301,4,0,10,3.61,6.89
STU01138,EE302,5,0,8,0.72,19.51
STU01139,ME302,1,43,81,42.56,26.18
STU01139,ME303,2,38,110,51.33,31.94
STU01139,ME301,3,25,23,57.52,13.81
STU01140,CS305,1,62,97,54.82,20.53
STU01140,CS304,2,42,93,64.42,33.42
STU01140,CS304,3,41,145,70.07,25.8
STU01140,CS304,4,41,103,69.13,35.12
STU01140,CS305,5,31,109,54.14,21.13
STU01140,CS305,6,31,76,71.6,29.09
STU01141,CE301,1,0,19,21.73,10.72
STU01141,CE302,2,0,26,14.15,6.89
STU01141,CE305,3,17,13,22.19,5.04
STU01141,CE305,4,11,64,15.82,10.97
STU01142,EC303,1,9,99,54.99,11.02
STU01142,EC302,2,44,53,31.25,26.36
STU01142,EC305,3,17,77,24.61,6.46
STU01143,ME301,1,48,122,69.86,45.42
STU01143,ME302,2,46,124,83.91,33.43
STU01143,ME305,3,64,93,82.66,28.29
STU01143,ME301,4,73,120,66.7,26.68
STU01143,ME303,5,59,79,70.62,18.2
STU01144,CE305,1,65,138,71.12,36.53
STU01144,CE305,2,64,107,59.73,32.05
STU01145,CE305,1,3,103,62.08,28.3
STU01145,CE303,2,14,69,68.06,34.85
STU01145,CE305,3,42,71,70.48,29.12
STU01145,CE301,4,37,94,62.36,32.39
STU01145,CE303,5,19,109,67.25,18.02
STU01145,CE304,6,21,92,43.44,2.0
STU01146,ME305,1,42,71,45.64,26.67
STU01146,ME303,2,28,28,42.47,27.66
STU01146,ME301,3,23,28,60.08,12.29
STU01146,ME302,4,53,95,33.85,20.94
STU01146,ME305,5,24,81,25.4,5.9
STU01146,ME305,6,31,93,31.78,12.41
STU01147,IT303,1,30,68,57.32,32.07
STU01147,IT303,2,35,117,70.88,22.79
STU01147,IT305,3,27,67,38.85,33.4
STU01148,CE305,1,33,74,65.05,4.36
STU01148,CE302,2,20,74,68.41,2.0
STU01148,CE301,3,29,31,25.34,23.12
STU01148,CE302,4,33,84,19.85,16.57
STU01148,CE302,5,30,104,50.47,13.49
STU01148,CE304,6,23,62,44.32,9.03
STU01149,EC305,1,54,142,84.18,32.99
STU01149,EC305,2,73,176,80.05,44.75
STU01149,EC302,3,33,191,100.0,15.67
STU01149,EC301,4,55,153,74.48,24.05
STU01149,EC304,5,51,87,93.07,37.37
STU01150,EC302,1,20,63,45.13,19.64
STU01150,EC303,2,12,53,14.79,17.85
STU01150,EC305,3,34,31,27.52,7.81
STU01150,EC303,4,14,63,37.15,2.0
STU01150,EC302,5,0,21,31.66,2.06
STU01151,EE301,1,32,35,42.17,8.31
STU01151,EE301,2,20,10,36.28,29.2
STU01151,EE304,3,16,66,43.77,21.65
STU01151,EE302,4,10,34,41.01,10.73
STU01151,EE303,5,17,29,39.3,4.49
STU01151,EE305,6,16,93,31.43,12.28
STU01152,EC305,1,21,74,73.62,9.3
STU01152,EC305,2,22,0,37.29,15.71
STU01152,EC304,3,35,125,46.32,18.25
STU01152,EC301,4,56,67,75.46,36.19
STU01152,EC305,5,24,117,55.83,3.58
STU01153,CE304,1,25,56,57.75,18.47
STU01153,CE302,2,5,15,42.79,17.41
STU01153,CE305,3,1,27,34.54,4.73
STU01153,CE304,4,20,28,29.46,16.07
STU01154,EE302,1,34,79,23.6,23.24
STU01154,EE305,2,30,46,21.0,18.09
STU01154,EE301,3,26,80,13.77,11.67
STU01155,IT303,1,56,113,100.0,26.44
STU01155,IT305,2,64,137,90.64,22.35
STU01155,IT302,3,68,108,73.03,15.49
STU01156,EC303,1,43,118,81.22,32.25
STU01156,EC301,2,39,97,100.0,42.85
STU01156,EC304,3,47,143,71.42,40.25
STU01156,EC301,4,47,178,80.05,21.37
STU01156,EC305,5,37,68,72.42,10.13
STU01156,EC305,6,42,119,53.91,36.67
STU01157,EE301,1,21,62,29.7,17.15
STU01157,EE301,2,19,95,36.41,11.08
STU01157,EE305,3,40,92,49.6,15.73
STU01157,EE301,4,15,93,26.43,6.8
STU01157,EE302,5,14,114,38.3,22.29
STU01158,IT301,1,17,31,27.9,12.51
STU01158,IT304,2,26,55,7.02,2.7
STU01159,CS303,1,48,124,63.79,20.02
STU01159,CS303,2,46,97,80.04,22.78
STU01159,CS303,3,50,123,77.43,24.39
STU01159,CS304,4,53,106,80.98,37.07
STU01159,CS302,5,49,102,72.45,25.81
STU01159,CS305,6,47,141,78.23,29.94
STU01160,CE302,1,24,45,57.35,12.32
STU01160,CE303,2,0,94,44.76,27.56
STU01160,CE303,3,28,0,50.73,31.52
STU01160,CE301,4,22,35,45.12,18.35
STU01160,CE304,5,16,53,57.58,10.51
STU01161,IT303,1,0,26,6.17,12.2
STU01161,IT302,2,0,0,0.0,2.0
STU01161,IT304,3,15,41,9.32,5.08
STU01161,IT304,4,3,27,26.31,7.51
STU01161,IT302,5,6,20,0.0,9.0
STU01161,IT303,6,16,0,0.0,4.09
STU01162,EC301,1,25,20,50.55,27.08
STU01162,EC304,2,26,68,44.56,23.05
STU01162,EC301,3,35,95,9.51,21.0
STU01162,EC305,4,33,91,31.01,8.11
STU01162,EC303,5,31,63,37.81,19.91
STU01162,EC304,6,52,84,46.83,23.03
STU01163,IT302,1,25,48,38.76,24.15
STU01163,IT302,2,34,55,39.32,8.67
STU01164,EE301,1,45,107,72.98,36.12
STU01164,EE303,2,18,75,78.25,36.86
STU01164,EE302,3,49,87,83.93,47.9
STU01165,ME304,1,0,11,19.61,19.45
STU01165,ME304,2,25,25,43.89,17.68
STU01165,ME304,3,29,3,29.95,2.0
STU01165,ME302,4,19,90,23.42,6.0
STU01166,ME301,1,67,122,77.96,30.91
STU01166,ME301,2,49,129,69.76,33.43
STU01167,EE302,1,45,80,55.72,37.28
STU01167,EE302,2,73,141,69.08,41.68
STU01168,EE304,1,22,32,8.7,16.06
STU01168,EE305,2,13,37,0.0,3.82
STU01168,EE304,3,12,25,21.74,16.15
STU01169,EC302,1,10,24,4.06,2.0
STU01169,EC301,2,8,53,2.44,2.0
STU01169,EC303,3,23,27,13.51,8.25
STU01170,CS301,1,52,95,56.13,29.08
STU01170,CS305,2,22,73,66.04,11.86
STU01170,CS301,3,28,133,40.11,28.39
STU01170,CS304,4,39,74,39.96,27.85
STU01170,CS305,5,44,38,64.75,35.36
STU01170,CS301,6,32,35,48.31,42.2
STU01171,EC303,1,30,83,77.54,16.64
STU01171,EC302,2,32,114,80.35,23.91
STU01171,EC302,3,42,42,53.34,33.58
STU01171,EC301,4,52,145,54.66,19.97
STU01172,ME305,1,29,75,62.82,18.6
STU01172,ME302,2,40,141,77.86,28.08
STU01172,ME304,3,30,118,71.59,27.83
STU01172,ME302,4,45,60,47.22,7.62
STU01172,ME301,5,18,61,53.51,40.82
STU01173,CE304,1,38,88,82.09,9.76
STU01173,CE301,2,42,123,52.75,11.69
STU01174,ME305,1,16,28,27.22,15.4
STU01174,ME302,2,15,0,26.49,2.0
STU01174,ME304,3,27,51,50.38,2.0
STU01174,ME302,4,28,24,19.97,7.81
STU01175,CE305,1,17,136,56.99,25.07
STU01175,CE301,2,29,95,54.51,2.0
STU01175,CE305,3,18,41,30.95,19.98
STU01176,CS301,1,44,41,44.53,16.51
STU01176,CS302,2,32,32,76.83,32.34
STU01176,CS301,3,28,62,56.83,9.18
STU01176,CS305,4,41,73,21.39,10.41
STU01176,CS304,5,36,120,55.2,36.26
STU01177,IT304,1,38,108,49.57,10.37
STU01177,IT304,2,28,118,60.19,43.01
STU01177,IT302,3,48,90,52.61,46.98
STU01177,IT305,4,30,109,63.48,36.47
STU01177,IT301,5,47,116,66.05,20.22
STU01178,EE304,1,41,40,23.2,14.99
STU01178,EE301,2,14,60,12.46,20.55
STU01179,ME302,1,29,85,37.65,12.61
STU01179,ME303,2,21,85,33.02,3.38
STU01179,ME301,3,19,42,53.12,15.89
STU01180,EE301,1,58,131,85.31,32.03
STU01180,EE305,2,34,65,65.19,39.89
STU01180,EE301,3,79,88,60.28,38.95
STU01180,EE304,4,50,66,80.25,31.92
STU01181,CE305,1,72,135,79.76,35.76
STU01181,CE301,2,63,218,87.39,25.03
STU01182,IT305,1,35,49,39.63,2.0
STU01182,IT304,2,18,37,63.39,2.0
STU01182,IT305,3,32,49,33.42,11.41
STU01182,IT302,4,13,6,34.29,26.42
STU01183,IT305,1,59,69,50.98,21.6
STU01183,IT305,2,49,97,38.69,38.63
STU01183,IT302,3,64,67,63.35,39.84
STU01183,IT301,4,28,78,73.13,20.57
STU01183,IT301,5,29,124,40.61,17.38
STU01183,IT305,6,35,85,55.62,10.86
STU01184,EE303,1,26,73,29.11,13.8
STU01184,EE302,2,22,19,41.79,21.68
STU01184,EE305,3,10,14,42.43,22.76
STU01184,EE305,4,6,23,48.99,18.66
STU01184,EE301,5,4,56,22.11,13.55
STU01184,EE303,6,3,82,36.85,10.34
STU01185,CS305,1,21,37,50.72,7.85
STU01185,CS301,2,36,58,26.99,10.16
STU01185,CS301,3,0,26,22.58,2.34
STU01185,CS302,4,29,16,45.39,6.27
STU01185,CS305,5,28,79,37.27,9.54
STU01185,CS304,6,9,60,34.24,26.52
STU01186,CE302,1,22,105,28.85,10.7
STU01186,CE301,2,7,34,49.29,2.0
STU01186,CE303,3,18,145,45.81,14.18
STU01186,CE301,4,23,65,21.46,14.71
STU01186,CE304,5,11,91,25.49,2.0
STU01187,EC305,1,30,3,39.39,10.88
STU01187,EC304,2,36,76,48.59,27.61
STU01187,EC305,3,38,38,39.03,10.05
STU01187,EC305,4,27,31,35.83,24.98
STU01187,EC302,5,12,120,43.13,2.0
STU01187,EC303,6,32,49,43.47,18.18
STU01188,EC301,1,1,0,0.0,5.73
STU01188,EC305,2,0,34,9.18,13.58
STU01188,EC304,3,0,0,3.93,2.0
STU01188,EC302,4,3,50,23.76,2.0
STU01188,EC301,5,14,37,12.46,15.52
STU01189,EC303,1,16,49,10.25,15.14
STU01189,EC304,2,5,60,1.21,13.27
STU01190,EE305,1,20,93,10.37,14.8
STU01190,EE301,2,35,63,26.22,12.32
STU01190,EE302,3,26,112,48.51,23.87
STU01190,EE305,4,16,15,31.59,18.76
STU01190,EE303,5,31,37,51.7,2.0
STU01191,EC303,1,2,0,8.63,2.0
STU01191,EC305,2,2,93,5.58,4.99
STU01191,EC304,3,8,60,27.19,8.11
STU01191,EC302,4,4,65,14.73,20.35
STU01192,EC305,1,17,52,23.06,12.95
STU01192,EC302,2,5,62,33.94,2.0
STU01192,EC302,3,14,68,29.2,11.47
STU01192,EC304,4,27,38,48.21,9.51
STU01193,CS305,1,16,31,20.14,19.48
STU01193,CS303,2,26,46,8.34,18.89
STU01193,CS302,3,0,15,31.43,11.25
STU01194,CS303,1,44,76,44.85,18.1
STU01194,CS305,2,26,96,52.94,5.08
STU01195,CS302,1,52,132,72.19,13.46
STU01195,CS304,2,52,112,86.06,31.42
STU01195,CS305,3,50,89,81.66,41.32
STU01195,CS304,4,44,107,75.3,33.85
STU01195,CS302,5,45,193,70.05,32.11
STU01196,IT305,1,56,87,71.11,12.5
STU01196,IT301,2,62,82,54.18,29.42
STU01196,IT305,3,52,114,66.12,35.4
STU01196,IT305,4,42,110,72.49,41.65
STU01196,IT303,5,54,125,41.33,19.0
STU01196,IT301,6,62,58,51.34,21.04
STU01197,CS303,1,19,37,39.88,5.94
STU01197,CS305,2,44,83,24.84,4.16
STU01197,CS301,3,20,103,38.01,17.24
STU01197,CS304,4,16,124,52.72,15.83
STU01197,CS303,5,3,0,33.55,22.82
STU01197,CS301,6,35,79,34.26,24.8
STU01198,ME305,1,11,41,39.86,12.22
STU01198,ME305,2,0,24,8.13,2.0
STU01198,ME301,3,25,21,18.88,12.57
STU01198,ME305,4,6,83,1.03,21.06
STU01199,CS301,1,38,97,75.21,26.83
STU01199,CS305,2,20,118,65.65,21.27
STU01199,CS305,3,28,75,78.84,36.46
STU01200,EC301,1,30,90,56.13,17.8
STU01200,EC303,2,46,115,49.36,25.61
STU01200,EC304,3,26,123,55.18,9.23
STU01200,EC301,4,19,9,54.59,30.6
